517 87 22 538
530 556 218 281 219 71
234 306 54 218 288
515 90 58 614 218 532
88 43 248 614 95
88 19 217 276 218 430
518 92 21 120 218 275 219 66
517 86 6 137 218 275 219 78
88 650 262 218 290
90 13 219 66 218 288
90 43 35 573 214 2 208 95
516 84 6 371 218 288
88 43 35 607
87 19 217 280 219 65 218 354
86 43 22 125 218 533
517 91 6 130 218 275 219 65
84 43 7 137 214 2 211 95
85 43 4 638 214 2 205 95
87 1 149 214 2 202 218 276
84 4 638 219 67 218 288
85 19 217 275 218 425
86 650 268 218 279
88 7 375 218 288
87 43 404 384
85 19 217 288 218 425
87 19 217 284 219 67 218 366
85 650 263 218 280
91 4 217 640 219 68
87 43 4 642
87 19 217 280 219 79 218 426
92 12 466 218 275
84 35 572 218 280
92 2 211 218 274
90 4 622 219 71 218 289
88 4 640 219 69 218 280
86 43 248 608 95
515 85 36 373 218 274 219 79
518 88 5 130 218 288 219 67
92 35 574 218 284
92 4 217 640 219 65
85 25 248 353 218 278
528 557 218 276 219 72
92 4 355 219 72
84 43 36 126 218 284
514 88 22 116 218 533
516 88 23 248 104 218 535
91 4 365 219 70
87 650 269 218 274
84 43 248 106 95
92 35 568 218 276
87 1 187 214 2 208 218 281
85 1 149 214 2 203 218 275
86 43 49 248 576 218 290
84 1 150 214 2 209 218 275
92 14 135 218 532
91 58 248 615
84 650 261 218 284
516 92 36 574 218 281
88 19 217 279 219 66 218 423
88 19 217 284 219 71 218 354
90 43 25 389 315 218 281
87 35 579 218 279
88 12 469 218 274
86 43 46 375 218 535
87 35 578 218 280
87 43 25 387 315 218 289
92 43 2 202 214 2 204 95
92 12 463 218 275
519 88 2 211
87 4 352 219 72
517 86 1 187 214 2 213
86 35 575 218 276
87 35 248 603 218 276
87 43 248 565 95
85 649 377 260
84 247 33 269 218 284
86 14 614 218 532
86 4 366 219 70
91 19 217 284 219 64 218 431
88 43 410 175
88 12 465 218 288
519 87 1 176 214 2 204
518 90 22 102
516 87 25 248 151 218 278
519 91 22 532
88 650 264 218 284
92 43 24 118 214 2 213 95
514 92 6 371
88 13 219 70 218 281
88 4 356 219 64
91 13 219 79 218 279
84 58 248 605
84 43 25 190
85 1 248 188 218 274
90 43 248 399 95
234 300 54 218 281
85 649 496 264
517 84 22 248 148 218 535
86 43 14 248 611 218 276
86 43 25 400 319 218 274
91 649 474 265
515 90 1 175 214 2 211
90 43 25 391 324 218 289
88 43 25 389 317 218 281
518 88 2 205 218 275 219 67
234 388 650 317
92 19 217 289 219 64 218 354
514 85 1 184 214 2 203
84 43 23 104 214 2 211 95
86 1 178 214 2 210 218 275
87 43 50 372 214 2 204 95
519 92 24 248 104 218 533
92 35 573 218 279
87 4 640 219 78 218 288
84 4 370 219 79
86 43 248 618 95
90 649 496 267
90 43 416 106
92 43 248 532 95
85 4 634 219 71 218 289
517 456 218 280
516 86 1 154 214 2 208
514 85 23 248 111 218 275
84 6 248 130
513 448 218 275
515 84 6 137
87 19 217 281 219 70 218 423
92 12 465 218 290
85 13 219 79 218 290
530 543 218 289 219 78
514 90 22 121
84 4 628 219 71 218 284
519 86 21 375 218 275 219 72
92 1 184 214 2 204 218 274
87 43 4 355
513 91 1 151
234 385 650 324
84 650 264 218 290
91 43 248 604 95
92 4 627 219 68 218 280
87 36 248 589
515 92 46 540
518 92 2 211 218 276
84 247 33 264 218 274
84 43 25 393 316 218 274
85 4 217 627 219 67
516 85 1 149 214 2 202
84 43 1 151
91 43 25 386 331 218 280
519 87 35 248 607 218 280
84 4 623 219 72 218 284
91 19 217 288 219 70 218 366
531 549 218 279 219 66
234 389 650 324
90 4 356 218 275
519 84 21 372 218 275 219 66
91 43 25 395 317 218 289
84 43 49 584 214 2 210 95
519 451 218 290
85 43 22 539 218 275
91 4 639 219 66 218 279
85 4 354 218 279
86 43 405 392
519 84 4 627 218 276 219 64
516 88 1 151
84 43 417 434
515 85 7 248 375 218 275
85 12 461 218 290
90 43 36 376 218 279
88 649 491 269
515 447 218 284
516 85 12 332 218 279 219 66
85 4 628 219 67 218 290
90 43 7 248 137 218 274
86 43 36 393
519 88 6 382
92 43 420 620
516 87 1 149 214 2 213
90 19 217 290 219 78 218 430
513 90 1 149 214 2 208
90 14 248 608
516 91 22 248 124 218 534
86 1 172 214 2 208 218 290
91 43 22 148 214 2 205 95
84 19 217 275 219 69 218 430
88 43 404 386
88 1 177 214 2 203 218 276
87 4 217 633 219 68
92 4 639 219 68 218 275
84 43 248 605 95
90 43 25 400 316 218 290
85 43 413 356
88 649 474 263
90 1 181 214 2 203 218 288
515 85 58 614 218 533
514 90 11 397 218 274
86 649 495 269
88 50 248 568 218 534
86 43 36 395 218 276
85 43 58 600 214 2 203 95
92 24 120 218 533
516 84 1 150 214 2 202
88 649 490 265
517 85 1 172 214 2 212
84 43 1 175 214 2 205 95
87 43 1 190
85 650 264 218 279
88 650 268 218 275
91 43 4 248 640 218 276
90 650 269 218 289
90 4 248 350 218 276
85 12 459 218 280
90 43 25 400 323 218 289
84 13 219 64 218 281
91 36 609 218 275
86 12 461 218 289
518 85 14 610 218 276
516 87 21 106 218 275 219 70
515 87 25 248 181 218 278
88 653 33 262 218 274
87 649 500 264
516 92 14 603 218 276 219 71
513 87 46 248 137 218 535
88 35 565 218 290
92 58 248 616
87 43 23 105 218 533
513 446 218 289
91 19 217 288 219 70 218 422
85 12 471 218 284
91 13 219 68 218 288
517 88 21 130 218 275 219 70
90 652 33 267 218 290
88 19 217 276 219 67 218 354
90 12 466 218 275
84 43 1 177
88 649 490 268
90 13 219 79 218 280
91 19 217 275 219 79 218 431
90 4 366 219 68
92 649 498 273
513 92 21 381 218 275 219 64
87 43 248 569 95
86 1 149 214 2 212 218 276
87 4 642 218 279
516 91 12 248 147 218 274
92 4 366 219 71
526 555 218 289 219 68
517 455 218 280
519 88 4 362 218 276
531 551 218 275 219 66
518 87 7 248 130 218 288
90 649 487 268
90 650 262 218 280
87 1 178 214 2 203 218 276
516 85 14 611 218 275 219 69
518 87 1 190 218 274 219 79
92 4 639 219 66 218 289
519 92 11 248 400 218 534
515 92 35 539 218 275
85 4 643 219 64 218 290
515 87 1 183 214 2 211
90 43 35 248 397 218 281
513 92 11 248 387 218 532
84 650 267 218 279
84 19 217 275 219 66 218 425
518 92 24 120
513 446 218 275
86 1 168 214 2 204 218 279
92 4 350 219 64
90 43 25 393 322 218 288
513 87 50 108
519 86 2 204
91 4 356 219 79
87 19 217 281 218 366
92 43 50 610
88 4 248 621
90 43 25 393 320 218 275
513 87 21 371 218 275 219 70
91 12 463 218 276
84 650 269 218 288
516 453 218 284
515 92 12 434 218 280 219 79
90 4 217 640 219 79
85 43 25 392 315 218 279
86 43 4 366 214 2 208 95
85 43 25 390 323 218 281
518 84 1 154 214 2 202
88 43 415 606
85 43 11 116
90 19 217 289 218 425
85 43 248 580 95
92 7 248 375
88 43 413 105
516 92 5 248 106 218 275
519 85 4 623 218 279
86 36 601 218 281
92 4 217 642 219 67
86 43 408 607
90 22 248 538 218 535
85 43 50 248 148 218 534
91 4 634 219 68 218 279
517 88 11 389 218 533 219 72
86 43 1 183 214 2 208 95
90 43 410 577
528 553 218 280 219 65
92 649 480 262
514 455 218 275
514 458 218 274
92 43 418 577
88 1 248 186
84 19 217 290 219 70 218 426
234 388 650 316
86 649 512 261
514 444 218 284
517 85 12 440
515 458 218 290
234 298 54 218 284
519 88 49 104
87 49 368 218 289
92 43 12 333 218 290
90 650 260 218 284
85 35 569 218 275
86 43 248 579 95
90 43 4 248 362 218 276
87 649 508 269
517 451 218 276
514 91 14 613 218 274 219 71
517 85 2 211 218 284
518 85 4 352 218 275
88 43 4 626 214 2 213 95
86 4 354 219 66
92 650 261 218 289
88 35 576 218 289
87 4 217 634 219 64
516 90 1 183 214 2 204
86 650 260 218 274
86 43 22 121 214 2 203 95
84 43 24 120 214 2 213 95
519 92 5 248 130 218 274
518 88 5 106 218 274 219 72
92 4 217 640 219 68
525 554 218 284 219 65
85 43 4 640
92 1 183 214 2 212 218 280
85 43 58 619 214 2 210 95
87 4 642 219 79 218 290
517 87 21 382 218 275 219 68
84 43 49 395 218 281
90 43 248 618 95
87 1 178 214 2 205 218 290
86 1 176 214 2 208 218 281
91 12 464 218 279
514 87 1 183 214 2 213
514 454 218 280
84 4 639 219 64 218 281
87 7 248 130
86 35 580 218 289
516 87 22 121 218 535 219 69
90 43 25 399 315 218 289
516 91 21 373 218 275 219 72
88 43 58 615
515 454 218 290
86 43 25 400 318 218 276
85 1 168 214 2 208 218 275
86 1 182 214 2 213 218 276
92 43 24 120
519 458 218 281
516 87 1 190 214 2 205
88 43 58 606 214 2 213 95
85 43 248 600 95
514 91 5 106
84 36 395 218 290
92 11 248 117 218 534
90 43 2 213
91 19 217 279 218 423
90 43 49 386
514 88 58 607 218 532
85 19 217 288 219 69 218 354
514 90 1 190 214 2 203
516 87 7 137 218 274 219 70
90 43 25 391 323 218 274
87 650 260 218 289
86 43 2 248 209 218 284
88 4 647 219 66 218 274
84 13 219 68 218 276
92 43 403 569
90 4 217 628 219 69
92 13 219 71 218 280
87 43 6 371 218 275
87 7 248 137 218 275
91 4 366 218 279
85 43 25 395 316 218 289
234 390 650 317
91 43 58 603
84 4 642 219 72 218 281
514 87 1 177 214 2 212
84 43 24 120 214 2 204 95
515 91 58 615 218 275
84 43 25 390 316 218 279
519 84 58 248 616 218 534
515 91 7 248 375 218 275
91 4 217 628 219 71
86 4 633 219 64 218 290
88 43 248 569 95
515 92 50 148 218 274 219 79
513 92 21 375 218 275 219 67
84 4 633 219 64 218 276
91 43 7 248 137 218 274
92 43 25 354 214 2 208 95
518 84 2 248 204 218 275
514 86 21 381 218 275 219 78
84 4 634 219 72 218 290
91 19 217 284 218 358
85 23 248 104 218 533
86 13 219 66 218 275
513 84 46 540 218 535
518 87 14 603 218 535 219 78
84 43 23 111
234 300 54 218 276
513 88 21 373 218 275 219 64
85 35 569 218 279
88 43 25 384 331 218 288
91 19 217 284 219 79 218 354
86 19 217 274 219 70 218 426
85 43 12 440 218 280
516 88 1 187 218 274
92 43 49 248 213 218 275
88 5 248 106 218 288
515 444 218 289
90 4 353 219 78
87 19 217 280 219 70 218 427
86 19 217 289 218 366
90 43 25 356 214 2 203 95
84 4 633 219 67 218 274
90 43 35 248 565 218 284
516 92 11 400 218 534
518 84 11 392 218 534
88 650 261 218 288
91 43 25 389 315 218 279
85 50 248 102 218 534
86 12 465 218 279
92 19 217 274 218 431
91 35 565 218 290
517 86 1 175 214 2 209
84 43 1 150 218 275
92 43 248 586 95
86 43 413 571
516 92 1 186 214 2 205
84 43 35 614 218 279
88 2 248 202
88 43 7 248 138 218 274
86 19 217 288 219 71 218 425
84 12 464 218 290
87 7 130 218 288
88 35 572 218 281
90 43 25 395 318 218 279
516 92 21 382 218 275 219 79
88 43 25 399 323 218 281
88 653 33 272 218 284
92 43 46 137 218 274
517 84 1 184 214 2 205
86 43 4 355
517 86 11 397 218 533 219 71
519 87 21 373 218 275 219 79
515 84 1 176 214 2 210
92 46 104 218 532
90 43 7 138
91 43 248 130 95
518 88 1 183 214 2 203
86 43 1 185 214 2 203 95
92 1 188 214 2 209 218 284
84 12 471 218 288
92 19 217 289 219 68 218 426
88 2 203 218 276
86 43 248 440 95
514 86 4 623 218 274 219 70
518 88 1 175 214 2 208
234 385 650 323
517 88 21 106 218 275 219 65
85 35 569 218 288
86 1 151 214 2 210 218 279
90 649 498 269
84 649 512 267
91 43 36 586 218 284
85 651 33 264 218 280
88 43 22 102 214 2 213 95
85 58 248 609 218 275
92 43 248 385 95
515 92 6 248 137 218 288
513 448 218 288
514 86 22 116 218 274 219 72
84 43 2 212 218 276
516 90 25 397 218 278 219 65
84 43 410 602
88 1 187 214 2 210 218 280
517 84 25 355
92 12 468 218 275
92 4 638 219 79 218 275
92 4 217 621 219 79
90 50 248 104 218 275
84 43 25 400 318 218 276
91 649 475 261
515 92 1 186 214 2 208
84 4 217 626 219 68
518 85 21 374 218 275 219 66
516 91 12 147
90 43 25 211
87 46 375 218 532
90 4 633 219 78 218 281
84 43 25 400 322 218 275
87 649 505 263
85 43 25 389 214 2 203 95
86 12 466 218 276
88 35 570 218 284
84 650 261 218 281
91 13 219 68 218 289
84 43 22 248 536 218 535
518 88 7 138 218 274 219 69
91 46 248 104 218 532
84 13 219 72 218 279
88 7 248 137 218 275
86 1 172 214 2 209 218 279
84 4 368 219 65
90 35 572 218 276
85 43 403 573
87 43 11 387
92 58 248 602
90 2 212 218 284
85 36 248 580
514 86 7 248 138 218 288
517 457 218 275
86 4 370 219 78
522 551 218 274 219 69
516 84 21 130 218 275 219 78
92 19 217 284 219 72 218 422
85 43 421 584
84 49 567 218 276
88 4 355 219 70
87 43 1 150 214 2 209 95
90 43 23 104 218 275
84 649 479 272
85 43 25 400 322 218 290
92 19 217 274 219 78 218 422
86 4 638 219 68 218 284
516 86 7 137 218 274
86 652 33 269 218 281
516 91 36 606 218 288
84 649 487 264
519 91 12 107 218 284 219 70
518 84 1 184 214 2 205
86 13 219 66 218 274
84 19 217 288 218 427
513 92 5 106 218 275 219 70
84 4 217 633 219 71
519 85 36 248 353 218 276
84 13 219 72 218 289
514 92 1 187 214 2 211
92 19 217 281 219 69 218 425
85 19 217 289 219 64 218 431
87 49 434 218 276
86 58 617 218 534
87 36 567 218 275
84 4 623 219 79 218 274
514 92 4 352 218 279 219 71
87 19 217 276 219 78 218 425
87 12 472 218 274
87 43 25 385 320 218 289
518 90 35 356
92 12 248 107 218 284
88 50 248 370 218 275
84 25 248 387
514 91 14 612 218 535
513 444 218 281
88 13 219 64 218 290
529 560 218 275 219 78
88 1 190 214 2 203 218 279
91 58 248 618
88 49 248 615 218 288
86 43 46 248 137 218 274
90 12 472 218 274
517 87 1 178 214 2 203
519 88 1 150 214 2 204
85 13 219 79 218 288
522 548 218 288 219 78
234 303 54 218 280
516 90 23 120 218 534 219 79
90 43 417 615
85 4 633 219 70 218 280
515 84 50 248 356 218 274
85 651 33 272 218 290
515 92 22 375
85 12 461 218 284
88 46 104 218 274
517 87 4 647 218 279
88 25 248 210 218 278
518 92 1 174
85 1 149 214 2 204 218 281
91 43 420 541
513 92 46 104 218 274 219 71
519 84 21 379 218 275 219 79
519 91 50 352 218 274
519 90 5 106 218 274 219 64
87 649 496 261
84 649 499 272
91 43 25 392 324 218 275
86 43 24 248 104 218 533
516 91 12 248 375 218 276
84 2 248 208 218 274
518 85 50 248 372 218 275
88 1 177 214 2 205 218 275
90 1 176 214 2 213 218 274
86 43 421 186
517 87 1 150 214 2 210
514 86 21 382 218 275 219 78
90 4 217 647 219 65
513 85 58 248 605 218 533
87 650 262 218 284
517 448 218 289
85 1 174 214 2 211 218 290
84 25 248 187
91 1 177 214 2 204 218 288
87 649 475 262
88 4 624 219 67 218 275
514 90 35 248 443 218 289
90 6 248 130
88 43 36 620 218 289
514 90 21 376 218 275 219 66
90 7 248 137
92 36 248 395 218 275
513 85 50 390
84 4 217 621 219 66
527 556 218 290 219 70
90 13 219 72 218 281
515 85 14 600 218 532 219 64
523 561 218 289 219 66
531 551 218 290 219 66
92 43 416 390
84 650 262 218 276
86 58 248 617 218 534
91 1 248 176 218 275
85 43 25 400 317 218 288
90 1 168 214 2 205 218 284
515 88 21 376 218 275 219 65
92 49 248 126 218 289
92 649 500 265
517 90 1 174 214 2 211
91 19 217 275 219 65 218 431
92 43 23 248 105 218 274
90 4 643 219 68 218 276
514 90 21 371 218 275 219 72
519 90 21 371 218 275 219 65
515 84 1 188 218 284 219 79
85 4 351 219 65
88 19 217 288 219 69 218 426
90 1 168 214 2 212 218 276
90 4 368 219 69
86 35 572 218 281
519 86 2 248 202 218 276
86 35 248 354
85 4 217 639 219 69
84 43 419 567
85 19 217 290 219 71 218 358
91 1 149 214 2 204 218 289
90 43 418 210
87 43 2 209 214 2 212 95
514 90 6 248 137 218 275
519 88 21 375 218 275 219 68
516 88 46 248 137 218 275
86 43 5 371
513 90 36 576 218 281 219 67
84 24 248 118
84 25 248 181 218 278
92 7 375 218 275
87 43 25 393 318 218 284
91 43 248 577 95
517 86 1 176 214 2 209
524 552 218 289 219 69
92 43 25 399 331 218 288
517 84 21 375 218 275 219 67
514 86 21 379 218 275 219 78
90 43 248 576 95
516 92 4 628
515 449 218 280
86 19 217 284 218 426
518 85 23 104
516 87 21 374 218 275 219 68
85 35 578 218 279
518 87 58 606 218 275
88 653 33 262 218 279
90 14 616 218 276
85 19 217 290 219 64 218 422
517 88 35 148 218 274 219 69
88 11 248 397
84 650 264 218 279
91 1 190 214 2 210 218 289
84 649 508 272
92 11 393 218 532
92 4 623 219 70 218 279
84 4 621 219 70 218 288
527 564 218 290 219 68
90 43 25 400 315 218 276
85 43 411 386
91 43 14 248 620 218 276
513 85 1 177 214 2 203
516 88 1 188 214 2 213
515 86 1 150 218 284
519 91 1 175 214 2 211
513 454 218 279
88 43 7 248 137 218 275
91 652 33 273 218 274
529 562 218 290 219 66
87 649 476 261
515 87 36 248 383 218 289
84 649 501 273
87 43 248 126 95
517 85 22 104 218 534
519 91 21 106 218 275 219 67
516 86 21 375 218 275 219 78
514 85 21 371 218 275 219 71
518 91 1 183 214 2 204
88 43 248 577 95
91 1 176 214 2 213 218 279
92 24 118 218 534
92 4 642 219 78 218 279
518 92 11 389 218 535 219 64
91 4 217 628 219 68
84 50 388 218 274
514 88 21 382 218 275 219 78
88 12 468 218 281
92 19 217 289 219 67 218 426
92 43 46 248 137 218 534
85 43 24 248 111 218 274
84 2 248 212 218 284
84 19 217 279 219 70 218 426
513 85 24 105 218 533
87 12 471 218 284
86 650 268 218 290
86 35 248 572 218 290
87 43 25 395 319 218 279
521 543 218 290 219 69
518 87 2 209
86 11 248 390 218 535
90 1 181 214 2 208 218 284
86 652 33 264 218 289
514 87 58 606 218 532 219 67
529 554 218 275 219 79
86 13 219 65 218 275
88 35 576 218 276
517 88 14 619 218 534 219 79
84 35 575 218 284
85 19 217 275 219 68 218 366
92 14 602 218 532
85 1 172 214 2 204 218 281
234 393 650 316
91 649 506 267
521 561 218 274 219 68
92 43 12 248 336 218 280
92 14 248 605
519 91 1 178 214 2 213
85 35 570 218 284
515 85 1 183 218 276
85 43 407 617
87 4 366 219 66
519 84 7 248 138 218 274
88 35 568 218 274
84 19 217 281 218 423
92 35 579 218 284
92 12 466 218 280
514 85 21 373 218 275 219 64
91 36 248 373 218 289
92 13 219 78 218 279
517 85 1 176 214 2 211
517 86 7 248 138 218 275
87 50 248 536
518 91 21 130 218 275 219 79
87 35 572 218 276
85 12 470 218 279
84 43 4 633 218 276
87 19 217 275 219 72 218 358
86 19 217 289 219 79 218 424
518 84 21 130 218 275 219 65
528 549 218 289 219 66
513 90 6 248 371 218 274
84 247 33 265 218 275
87 43 415 365
86 43 25 388 324 218 274
86 43 36 397 218 280
86 4 353 219 72
514 90 36 365 218 279
515 84 49 203
527 544 218 290 219 66
84 35 567 218 279
525 543 218 280 219 78
85 43 25 181 218 290
87 14 607 218 274
91 43 23 248 111 218 534
85 19 217 281 219 79 218 430
516 84 4 248 354 218 279
530 562 218 289 219 78
86 1 174 214 2 209 218 279
90 25 248 168
90 19 217 290 218 431
517 91 23 104
86 1 183 214 2 203 218 279
87 35 572 218 284
88 649 474 272
91 24 118 218 532
518 84 21 381 218 275 219 67
87 43 4 628 218 274
85 35 575 218 275
519 85 23 248 111 218 532
522 559 218 279 219 79
85 43 25 384 316 218 275
518 91 46 248 375 218 274
88 650 273 218 275
90 4 624 219 67 218 275
86 13 219 72 218 276
87 35 567 218 288
84 4 366 219 67
91 11 248 393
90 649 512 265
85 43 50 248 120 218 535
91 4 217 639 219 64
85 4 352 219 70
92 43 25 390 331 218 274
516 86 14 606
85 7 138 218 288
519 86 1 172 214 2 211
513 84 14 602
518 87 21 130 218 275 219 71
88 12 465 218 276
519 90 25 392
84 4 217 642 219 65
86 43 409 388
513 84 11 389 218 534 219 66
514 87 36 612 218 280 219 69
91 4 638 219 79 218 288
92 650 262 218 276
513 91 4 626
91 43 46 540
91 4 640 219 79 218 288
516 92 7 375 218 288 219 64
90 23 248 105 218 532
92 35 571 218 275
85 1 172 214 2 208 218 289
234 399 650 322
86 35 248 351
519 84 36 383 218 276 219 70
85 35 108 218 281
87 4 638 219 71 218 279
91 43 4 642 214 2 210 95
514 87 1 184 214 2 213
85 19 217 288 219 64 218 425
518 88 1 190
518 88 11 248 397 218 533
92 19 217 276 219 67 218 422
90 4 350 219 66
85 19 217 281 219 67 218 354
90 11 248 390 218 535
90 25 370 218 290
519 88 24 248 104 218 532
91 650 263 218 275
85 43 14 604
84 25 248 384
87 19 217 288 219 71 218 430
90 24 248 111 218 274
91 43 35 388 214 2 204 95
516 91 7 137 218 288
88 43 36 106 218 279
84 35 573 218 281
90 35 575 218 275
513 88 1 149 214 2 213
519 88 49 248 373 218 288
515 92 49 601 218 280 219 67
91 1 184 218 274
234 300 54 218 274
86 43 4 354 218 276
91 652 33 268 218 280
92 19 217 281 218 366
513 90 50 607 218 274
86 1 174 214 2 203 218 275
90 43 36 248 350 218 288
91 12 462 218 281
87 43 408 373
87 652 33 260 218 275
85 43 50 248 148 218 533
90 4 217 628 219 72
87 43 22 124
513 88 2 210 218 274 219 66
88 4 217 634 219 70
92 4 248 628
527 545 218 290 219 68
91 652 33 272 218 280
91 1 185 214 2 203 218 274
515 88 2 248 204 218 275
84 43 248 391 95
516 450 218 280
91 19 217 276 218 431
514 85 1 183 214 2 212
91 4 217 628 219 72
530 552 218 284 219 68
519 90 1 188 214 2 205
516 86 7 248 138 218 274
92 43 248 600 95
529 559 218 276 219 66
85 43 408 355
85 19 217 275 219 71 218 358
91 1 182 214 2 211 218 279
514 88 1 183 214 2 212
91 19 217 279 219 69 218 422
86 1 168 214 2 205 218 275
92 4 217 643 219 78
516 90 23 105 218 275 219 64
86 14 611 218 532
86 43 5 371 218 288
92 4 643 219 64 218 281
85 35 576 218 279
84 25 248 212
84 19 217 289 219 70 218 366
92 35 580 218 284
91 1 187 214 2 211 218 280
528 560 218 284 219 71
517 455 218 289
88 653 33 262 218 289
516 91 14 610 218 276
90 43 409 175
87 43 50 248 609 218 274
516 86 1 149 214 2 204
86 43 1 151 214 2 202 95
513 88 21 375 218 275 219 65
88 650 267 218 281
88 4 642 219 71 218 290
91 43 4 248 623 218 274
513 91 21 373 218 275 219 78
90 4 368 219 66
88 4 365 219 71
517 86 12 438 218 276 219 69
87 43 36 395 218 290
517 88 24 248 105 218 534
514 91 49 384 218 289 219 69
90 19 217 281 219 72 218 423
88 43 11 390
91 4 623 219 65 218 275
85 25 150 218 290
521 557 218 276 219 71
517 452 218 290
91 649 511 263
88 4 217 639 219 64
87 1 182 214 2 210 218 288
91 1 248 187
91 43 49 248 608 218 276
524 556 218 290 219 67
515 87 7 137 218 275
86 652 33 267 218 288
87 35 617 218 290
84 650 261 218 276
516 454 218 276
515 85 2 211 218 284
87 14 603 218 533
88 35 571 218 276
87 43 25 386 317 218 290
86 649 506 272
513 87 22 248 536 218 532
90 43 7 137 214 2 210 95
92 19 217 284 219 72 218 358
86 50 376 218 534
86 19 217 288 219 67 218 426
518 92 22 104 218 534
515 90 24 118 218 532 219 78
515 444 218 275
86 43 25 393 331 218 276
519 91 21 382 218 275 219 72
515 86 1 168 214 2 208
88 43 6 248 130 218 274
524 547 218 281 219 69
85 4 621 219 69 218 289
517 87 11 116 218 532 219 72
86 4 217 647 219 79
87 43 14 619 214 2 213 95
87 43 35 248 575 218 279
516 86 1 182
92 4 217 642 219 79
519 448 218 288
87 49 619 218 276
87 1 175 214 2 202 218 274
520 547 218 276 219 79
516 84 14 619 218 275 219 65
92 43 248 389 95
84 43 4 353 214 2 204 95
234 399 650 316
86 43 5 248 130 218 274
92 650 264 218 289
91 19 217 279 219 68 218 424
90 43 14 248 613 218 275
84 43 409 203
518 91 1 150 214 2 213
514 84 25 248 172 218 290
85 25 248 385 218 278
234 387 650 323
90 652 33 273 218 289
516 86 36 599
514 90 1 149 214 2 202
516 87 12 340 218 275 219 64
85 4 624 219 70 218 281
91 4 628 219 67 218 281
90 43 419 208
519 84 21 130 218 275 219 78
514 86 1 150 214 2 203
85 35 579 218 280
92 35 572 218 290
87 43 11 248 296 218 532
514 90 1 178 214 2 203
517 87 36 568
88 36 248 355 218 279
90 14 248 618
514 92 1 248 183 218 274
514 85 6 382 218 288 219 68
86 43 49 572 214 2 204 95
87 43 35 575 214 2 213 95
84 5 248 130
91 4 217 628 219 67
524 552 218 276 219 78
518 90 50 104 218 534
513 85 50 248 577 218 535
85 1 175 214 2 213 218 284
92 652 33 265 218 274
516 85 58 618
91 19 217 284 219 69 218 354
86 1 150 214 2 211 218 284
86 35 565 218 280
516 86 1 154
87 43 248 432 95
92 649 490 268
515 85 2 213
527 554 218 290 219 78
86 12 472 218 279
513 92 24 120 218 274 219 70
88 4 248 638
92 43 24 111
90 43 12 248 348 218 281
90 12 470 218 279
85 12 472 218 288
90 12 462 218 276
84 43 248 578 95
90 4 351 219 71
516 85 50 248 614 218 533
85 35 566 218 290
86 43 11 385
86 25 392 218 278
519 88 58 616 218 532
513 87 49 542 218 288
92 43 14 248 612 218 275
90 35 566 218 289
90 4 217 623 219 78
86 43 405 391
86 35 248 610
519 87 7 130 218 274
87 43 248 365 95
85 43 25 388 317 218 289
90 4 352 219 64
92 43 25 390 323 218 274
87 43 248 606 95
90 4 217 640 219 64
90 652 33 264 218 280
92 652 33 272 218 279
84 13 219 67 218 276
90 43 23 248 104 218 534
85 49 248 130
88 653 33 260 218 276
84 4 217 624 219 68
92 4 640 219 68 218 281
92 652 33 269 218 289
87 35 248 355
85 35 568 218 274
90 4 217 647 219 67
84 12 473 218 281
91 4 366 219 70
515 84 11 397
518 84 1 182 214 2 208
91 12 459 218 280
519 88 1 184 214 2 210
516 87 4 248 633 218 275
84 4 365 219 64
87 43 5 106 218 274
88 35 567 218 280
92 43 248 438 95
90 652 33 263 218 274
87 6 248 382
90 43 248 400 95
84 43 36 382 214 2 205 95
88 43 405 353
516 85 5 371 218 275
92 43 25 386 324 218 276
90 43 25 393 316 218 288
513 88 2 211
92 43 25 175 218 290
88 43 414 392
92 7 138 218 274
87 43 46 540
518 84 14 602
87 14 606 218 276
86 43 6 371 214 2 209 95
86 4 626 218 276
513 90 4 248 634 218 276
234 297 54 218 290
85 649 487 268
516 88 1 149 214 2 211
87 35 248 434 218 281
518 84 12 107 218 280
84 43 6 248 137 218 275
86 649 474 272
514 88 12 439 218 275 219 71
517 91 7 248 375 218 288
91 43 23 118 214 2 202 95
87 43 35 248 573 218 279
90 35 569 218 281
84 2 248 209 218 284
91 43 22 248 117 218 534
87 43 36 440
91 11 397 218 533
91 43 24 248 120 218 532
515 444 218 290
90 4 350 219 69
90 650 269 218 288
87 649 480 262
84 1 183 214 2 205 218 280
517 90 23 104 218 274
515 92 25 248 400 218 278
86 43 36 353 218 274
90 43 36 248 125 218 284
91 43 22 126 214 2 204 95
84 35 578 218 275
88 6 137 218 274
90 43 36 248 389 218 275
88 1 176 214 2 203 218 284
87 4 634 219 66 218 288
513 446 218 288
87 12 459 218 280
85 43 248 386 95
86 35 580 218 275
234 386 650 322
517 87 1 248 175 218 276
92 19 217 274 219 78 218 358
84 43 25 400 331 218 274
85 43 50 248 366 218 274
87 19 217 289 218 424
530 546 218 281 219 66
88 43 419 399
515 84 21 375 218 275 219 79
88 43 25 177
514 458 218 284
519 86 5 130 218 288 219 71
516 85 36 613 218 289 219 69
91 4 362 219 68
92 12 462 218 288
88 650 260 218 275
87 650 261 218 275
90 1 248 172 218 275
92 2 248 203 218 276
87 1 248 149
513 86 1 186 214 2 205
514 87 22 532 218 532 219 69
528 562 218 288 219 71
90 649 498 261
88 43 14 613 214 2 211 95
84 12 248 349 218 281
92 649 510 262
519 86 22 248 121 218 275
88 650 268 218 279
87 43 25 388 331 218 279
514 91 21 120 218 275 219 69
90 43 24 111 214 2 205 95
90 652 33 264 218 289
84 4 623 219 69 218 275
519 91 36 248 568 218 289
517 91 7 137 218 274 219 78
90 14 608 218 274
91 19 217 280 219 70 218 426
515 92 21 376 218 275 219 69
92 43 22 116 218 533
515 84 21 106 218 275 219 68
519 85 21 379 218 275 219 64
84 36 611 218 288
513 87 12 443 218 288 219 66
92 649 499 265
87 43 411 174
92 4 217 627 219 67
234 303 54 218 290
513 91 1 187 214 2 210
90 1 177 214 2 213 218 288
516 88 7 130 218 288
528 548 218 289 219 67
90 7 138 218 275
517 92 21 381 218 275 219 69
87 49 248 384
85 5 248 106 218 275
86 652 33 264 218 280
90 12 470 218 281
92 43 58 611
513 88 5 130
85 43 14 610 218 274
92 43 50 248 570 218 274
90 12 472 218 275
85 4 217 647 219 72
85 35 248 570 218 275
87 35 574 218 290
513 86 21 375 218 275 219 68
84 649 505 267
92 43 36 539 218 275
85 46 248 137 218 532
86 43 11 400 214 2 205 95
90 19 217 280 218 366
234 306 54 218 276
91 43 49 248 187 218 275
86 43 11 388
517 91 35 601 218 274 219 78
513 90 1 248 149 218 276
515 92 24 248 111 218 534
84 43 248 432 95
86 43 408 384
86 43 248 569 95
92 4 217 647 219 64
519 87 23 120 218 275 219 65
92 43 25 397 315 218 289
85 1 248 184 218 276
84 2 248 209
514 87 12 248 147 218 284
84 12 248 439
518 86 46 540 218 532
91 43 404 538
92 13 219 66 218 290
90 43 5 130 218 288
88 4 217 622 219 67
84 43 1 184
85 4 370 219 67
91 649 497 267
90 19 217 284 218 426
84 43 6 248 371 218 288
90 652 33 263 218 280
85 649 493 264
519 87 21 372 218 275 219 70
91 43 403 105
92 43 1 177 218 275
519 447 218 284
523 557 218 288 219 71
92 43 25 399 323 218 281
518 85 21 372 218 275 219 78
92 43 25 352 218 278
514 87 58 610 218 533 219 78
92 7 137 218 288
90 11 399 218 535
88 4 248 355 218 279
92 649 478 268
86 19 217 275 219 79 218 358
88 650 262 218 289
515 86 4 353 218 275 219 71
84 43 408 102
90 58 248 619
516 92 58 615
527 553 218 290 219 78
85 25 248 177
90 43 25 390 324 218 289
92 19 217 279 218 366
87 35 568 218 289
91 652 33 265 218 275
92 1 149 218 275
86 58 604 218 274
518 90 1 174 214 2 212
88 35 577 218 288
84 19 217 288 219 68 218 431
86 650 273 218 280
86 4 217 621 219 79
91 35 575 218 288
513 92 49 248 204 218 276
90 19 217 284 219 67 218 423
84 1 248 185
85 43 25 387 323 218 280
92 35 566 218 279
90 43 417 107
92 43 22 126 214 2 211 95
87 43 25 389 321 218 275
87 43 409 371
87 13 219 71 218 289
86 4 623 219 70 218 279
518 90 50 248 605 218 532
86 4 351 219 68
519 92 22 103 218 535
91 1 151 214 2 209 218 280
87 14 620 218 535
87 1 154 214 2 211 218 274
85 651 33 273 218 274
86 12 467 218 276
88 43 25 389 317 218 276
92 43 46 104 214 2 209 95
514 85 21 382 218 275 219 69
84 58 620 218 534
90 43 7 137 214 2 203 95
519 90 5 371
90 1 182 214 2 205 218 288
91 4 642 219 69 218 279
86 22 248 105
91 35 248 538
87 49 440 218 289
90 12 464 218 284
91 4 217 626 219 67
516 84 23 248 111 218 535
91 652 33 273 218 281
87 652 33 262 218 281
86 43 7 248 138 218 274
92 43 36 389 218 276
86 13 219 69 218 280
86 43 25 387 315 218 290
516 91 22 116
88 4 362 219 72
90 43 25 399 322 218 288
86 19 217 288 219 72 218 354
87 19 217 276 219 65 218 422
90 43 417 573
514 88 23 120 218 533
234 400 650 315
84 4 370 219 70
91 1 190 214 2 208 218 281
87 43 25 384
513 91 11 310
87 43 14 248 611 218 533
88 43 410 387
90 650 268 218 289
85 19 217 281 219 78 218 430
84 35 577 218 290
84 4 350 219 67
85 649 483 261
515 88 46 375
92 4 217 627 219 78
91 43 14 603 214 2 205 95
527 553 218 290 219 64
514 92 4 248 634 218 276
87 35 570 218 280
91 4 626 219 66 218 284
84 43 24 111 214 2 205 95
519 87 5 130 218 275 219 65
90 12 473 218 288
516 91 24 120 218 535
92 43 415 103
86 23 248 120 218 535
519 92 5 371 218 274
515 86 4 248 366 218 279
88 4 622 219 78 218 274
87 1 151 214 2 213 218 279
91 43 2 209 214 2 202 95
92 43 25 384 316 218 280
234 299 54 218 289
515 447 218 289
86 4 623 219 69 218 288
518 86 50 372
90 49 443 218 289
92 4 217 627 219 66
91 43 419 440
87 19 217 280 219 70 218 431
517 88 1 154 214 2 211
513 90 50 391 218 532
516 90 24 118 218 275 219 78
515 90 1 185 214 2 204
86 19 217 290 218 430
92 19 217 274 218 424
86 43 25 389 318 218 289
84 43 24 104
88 19 217 284 219 66 218 425
85 43 248 609 95
85 43 25 397 319 218 290
92 19 217 289 219 64 218 366
86 43 36 248 384 218 284
91 43 2 202 214 2 204 95
84 23 118 218 533
514 457 218 280
92 43 25 390 320 218 274
84 43 46 375 214 2 208 95
85 651 33 264 218 276
84 247 33 261 218 288
91 43 248 391 95
516 86 7 248 130 218 275
513 92 21 374 218 275 219 65
86 19 217 289 219 78 218 366
84 1 184 214 2 204 218 284
84 58 607 218 534
86 6 130 218 288
87 13 219 64 218 290
87 649 508 267
91 35 581 218 276
90 650 262 218 281
90 652 33 272 218 276
86 650 272 218 288
84 19 217 275 219 67 218 431
86 43 419 539
515 92 6 137
516 87 1 177 214 2 210
87 22 248 541
88 43 49 532 214 2 204 95
85 12 460 218 275
90 43 22 121 218 535
87 43 6 371
86 35 573 218 280
87 649 510 268
514 87 50 248 620 218 535
87 13 219 70 218 280
516 458 218 289
90 4 356 219 64
85 651 33 264 218 284
519 92 21 376 218 275 219 65
90 4 353 219 71
517 87 21 130 218 275 219 68
85 35 574 218 279
521 558 218 284 219 68
86 4 217 627 219 64
88 4 217 626 219 79
86 43 25 391 324 218 280
90 650 264 218 284
518 86 6 371 218 275
513 92 4 248 638 218 279
84 43 11 393
85 43 1 178 214 2 213 95
86 652 33 273 218 275
92 14 248 613 218 275
519 92 14 600 218 534
516 90 7 137 218 275 219 65
515 84 1 151 214 2 204
90 12 469 218 276
84 50 248 536
88 19 217 284 218 422
514 91 1 177 218 284
515 88 2 209
531 543 218 290 219 78
88 43 14 248 601 218 532
513 90 50 248 376 218 274
88 43 418 443
518 92 22 541 218 534
91 43 4 354 214 2 202 95
514 85 49 354 218 276 219 70
90 4 647 219 65 218 280
516 90 25 209
86 35 577 218 289
519 84 22 125 218 532 219 69
84 43 11 248 384 218 533
87 4 639 219 67 218 284
88 13 219 65 218 288
84 35 248 105 218 276
518 88 21 373 218 275 219 71
90 12 469 218 280
515 88 36 248 589 218 275
84 43 248 366 95
519 88 12 107 218 288
92 43 1 186
88 19 217 289 219 70 218 425
91 35 568 218 281
513 90 6 248 130 218 288
84 19 217 289 219 68 218 425
88 35 571 218 284
87 43 12 107
516 457 218 274
86 25 352 218 290
84 1 176 214 2 209 218 280
85 43 25 388 319 218 289
518 90 2 204
85 58 248 615
91 35 565 218 289
85 4 639 219 67 218 288
85 650 265 218 280
87 43 4 643 218 276
91 35 569 218 290
91 7 248 138
85 43 1 185 214 2 210 95
84 43 25 388 317 218 289
91 649 476 272
518 84 21 381 218 275 219 66
86 35 569 218 289
87 43 248 602 95
87 19 217 290 218 431
90 43 4 354
86 24 248 111
87 43 417 603
86 7 248 138 218 275
87 1 184 214 2 209 218 290
92 35 580 218 274
515 90 49 248 205 218 290
518 87 36 440 218 274
90 36 248 106 218 279
85 19 217 281 219 70 218 431
84 43 415 620
92 19 217 275 219 64 218 354
84 12 461 218 276
85 43 1 248 175 218 275
84 4 643 219 71 218 274
518 91 5 106 218 275
92 19 217 274 218 426
526 550 218 288 219 71
90 4 365 219 65
84 43 14 248 614 218 533
513 90 11 248 392 218 533
88 649 497 268
515 446 218 289
86 5 130 218 274
92 43 248 372 95
88 43 25 389 315 218 289
513 88 14 600
514 87 24 248 111 218 533
513 92 24 111 218 535 219 71
84 4 626 219 69 218 274
513 88 4 362 218 275
85 13 219 72 218 279
515 92 6 130 218 275
87 50 586 218 535
88 43 22 248 124 218 275
92 12 473 218 275
518 85 11 384
90 43 25 392 318 218 280
91 43 25 387 323 218 288
516 92 22 248 532 218 534
88 43 411 570
84 13 219 64 218 274
84 1 149 214 2 210 218 284
90 19 217 290 219 71 218 423
86 19 217 281 219 66 218 427
91 19 217 275 219 70 218 423
514 87 5 371
513 90 1 174 214 2 211
91 650 263 218 288
90 649 491 272
516 84 22 248 121 218 535
90 2 248 209 218 284
87 43 11 387 214 2 208 95
515 91 1 181 214 2 205
92 12 468 218 284
91 36 392 218 284
85 1 186 214 2 213 218 280
92 13 219 78 218 280
517 84 7 375
85 649 509 260
524 552 218 289 219 79
88 4 622 219 79 218 275
92 13 219 72 218 280
87 43 6 248 382 218 275
86 43 36 248 586 218 274
514 90 11 400 218 533
92 43 25 384 331 218 280
85 19 217 275 219 79 218 425
92 43 4 365
90 19 217 281 219 79 218 424
513 453 218 279
86 650 273 218 275
90 1 183 214 2 202 218 274
85 6 248 130 218 274
88 650 260 218 276
515 91 1 187 214 2 210
88 4 217 643 219 72
524 544 218 288 219 71
518 88 1 176 218 284 219 64
513 87 50 443 218 533 219 79
86 22 248 102 218 532
86 35 566 218 279
88 43 49 350 218 281
517 85 14 605
514 92 11 389
84 35 578 218 289
92 43 402 202
518 84 49 536 218 281 219 66
90 43 46 540 214 2 210 95
516 90 21 371 218 275 219 67
92 1 172 214 2 205 218 276
88 35 573 218 284
516 86 1 151 214 2 213
84 12 471 218 289
86 49 388 218 284
517 91 1 181
514 86 1 176 214 2 205
519 445 218 290
87 43 35 387
87 19 217 275 219 68 218 431
91 43 402 442
517 92 4 638 218 279 219 78
514 85 4 634 218 276 219 65
92 35 576 218 276
92 43 248 573 95
91 649 508 264
88 4 350 219 68
85 43 23 105 218 532
91 6 248 137
84 650 273 218 279
513 85 1 190 214 2 209
88 649 507 267
88 43 25 154 214 2 211 95
516 92 24 111 218 534
91 14 606 218 274
87 58 248 614 218 532
91 58 248 612
85 1 182 214 2 213 218 276
87 12 461 218 276
87 46 104 218 275
91 43 14 248 608 218 535
528 557 218 284 219 79
87 2 212 218 274
517 90 58 248 603 218 535
91 43 408 121
88 19 217 289 219 79 218 427
517 84 5 130
85 649 510 267
85 35 578 218 288
91 43 25 390 324 218 284
518 91 1 183 214 2 212
90 43 5 130 214 2 208 95
90 19 217 274 219 68 218 422
517 90 24 118
515 88 11 248 384 218 532
90 4 365 219 72
86 13 219 65 218 281
86 49 248 608
234 395 650 317
519 88 7 248 137 218 288
91 49 248 210 218 279
87 43 46 248 375 218 534
86 43 35 432 218 281
87 649 481 272
513 84 22 532
84 4 353 219 71
518 448 218 275
91 35 580 218 276
85 43 49 574
518 88 5 106 218 275
92 35 579 218 289
519 92 25 248 184 218 278
90 650 261 218 281
86 2 205 218 274
529 545 218 290 219 70
87 35 574 218 284
92 12 248 335
91 4 354 219 79
87 23 105 218 534
515 91 23 104 218 532
519 85 11 116 218 274
516 84 23 248 118 218 535
92 649 506 263
85 43 49 248 366 218 279
87 43 25 393 315 218 275
515 86 1 190 214 2 213
88 43 12 248 146 218 289
92 4 217 642 219 69
86 5 106 218 288
87 43 23 105 214 2 202 95
87 649 501 269
87 43 248 130 95
88 43 25 395 319 218 281
90 649 480 264
91 35 577 218 289
517 87 2 211
515 92 11 385 218 534 219 70
87 35 248 103 218 275
84 4 353 219 68
514 455 218 290
516 84 25 248 385 218 278
519 88 58 609 218 274 219 67
515 87 7 248 375 218 274
90 43 5 248 106 218 288
84 35 248 438
86 43 11 390
85 651 33 262 218 281
87 649 483 272
85 43 25 389 331 218 274
91 4 643 219 68 218 289
91 4 217 628 219 64
519 92 21 106 218 275 219 67
515 84 21 373 218 275 219 70
518 91 21 381 218 275 219 69
527 558 218 279 219 79
515 458 218 276
86 19 217 280 218 424
87 43 409 379
513 458 218 288
87 35 572 218 280
86 4 217 638 219 64
90 649 501 263
85 651 33 272 218 276
91 1 248 188 218 275
519 91 1 186
88 7 137 218 288
513 91 50 580 218 534
87 43 22 539 214 2 205 95
90 4 639 219 71 218 280
86 43 1 248 187 218 276
517 86 5 106
90 43 22 248 103 218 275
85 43 23 111 214 2 209 95
86 43 22 248 103 218 534
519 456 218 281
85 1 181 214 2 205 218 284
90 652 33 268 218 290
85 4 622 219 72 218 276
84 49 248 150 218 289
84 43 248 104 95
87 43 409 383
85 650 263 218 288
87 4 621 219 70 218 274
90 19 217 289 219 68 218 354
91 43 25 400 318 218 275
525 561 218 274 219 79
84 1 172 214 2 208 218 288
86 12 467 218 289
88 6 248 382 218 288
88 43 25 387 320 218 276
85 43 11 400
518 91 5 130
86 12 459 218 288
90 43 25 388 316 218 289
514 84 21 371 218 275 219 70
87 12 468 218 280
86 43 248 581 95
87 4 628 219 79 218 274
88 653 33 262 218 281
88 1 177 214 2 203 218 274
86 43 248 355 95
519 453 218 275
88 12 470 218 290
518 90 14 606
92 12 443 218 280
90 4 639 219 67 218 275
92 43 5 248 130 218 288
516 448 218 288
84 4 355 219 79
518 85 1 178
90 24 120 218 533
513 87 1 183 214 2 202
92 35 570 218 275
85 43 12 248 333 218 290
516 84 7 138 218 275 219 79
517 88 14 619 218 276 219 70
516 91 11 248 116 218 532
525 556 218 274 219 69
84 247 33 263 218 276
91 43 22 248 541 218 533
85 35 248 569
88 13 219 68 218 289
518 86 22 121 218 274 219 65
515 86 25 150 218 290
513 92 1 175 214 2 212
519 84 5 106 218 288 219 78
88 12 463 218 279
91 35 581 218 284
92 4 624 219 69 218 280
86 652 33 269 218 276
91 4 633 219 70 218 274
87 43 5 248 130 218 275
84 1 248 175
87 19 217 280 219 66 218 422
516 452 218 281
86 43 35 105
90 649 498 263
85 43 417 400
516 90 6 371 218 288 219 72
85 4 642 219 65 218 275
90 19 217 290 219 70 218 422
90 35 571 218 290
84 43 420 354
515 86 2 248 203 218 284
85 43 46 137
519 85 14 614
87 43 5 106 218 288
87 652 33 260 218 289
86 4 352 219 65
90 58 248 600
88 653 33 269 218 275
87 652 33 269 218 279
91 43 25 399 324 218 274
85 650 268 218 288
90 4 628 219 65 218 284
526 551 218 288 219 79
90 4 370 219 65
85 649 492 273
516 88 36 575 218 280
91 11 248 395 218 534
90 43 12 348 214 2 203 95
88 23 248 111
92 4 370 219 78
517 456 218 289
91 1 186 214 2 204 218 284
91 4 626 219 72 218 280
87 58 619 218 533
517 87 1 183 214 2 212
84 649 512 273
90 43 248 351 95
86 4 248 633
90 12 473 218 274
92 650 268 218 290
86 1 183 214 2 212 218 274
91 1 188 214 2 212 218 289
90 43 248 356 95
514 455 218 288
92 12 468 218 280
517 85 1 178 214 2 213
85 19 217 289 218 426
88 43 417 586
531 549 218 276 219 78
87 43 421 172
88 650 272 218 279
92 25 248 185 218 290
92 4 217 634 219 70
91 50 375 218 533
86 649 480 273
516 86 21 383 218 275 219 66
84 43 4 248 633 218 274
90 43 4 634 218 279
234 400 650 319
90 652 33 263 218 289
86 11 296 218 532
84 43 23 118 214 2 213 95
91 4 643 219 70 218 279
87 43 23 105 218 532
518 450 218 289
516 88 12 248 107 218 279
88 649 488 269
88 4 640 219 72 218 279
516 86 21 374 218 275 219 68
84 1 154 214 2 210 218 284
519 90 2 205 218 276 219 66
518 88 49 587 218 276
517 451 218 275
84 43 1 182
90 43 404 176
85 43 11 395
85 43 25 388 321 218 290
517 85 21 381 218 275 219 65
90 43 415 600
514 92 6 248 382 218 288
90 43 14 602 214 2 212 95
88 43 7 137 214 2 208 95
90 43 407 183
518 90 1 182 214 2 209
88 35 577 218 276
85 651 33 269 218 275
85 43 23 120 214 2 210 95
518 90 7 137
90 43 22 117 214 2 208 95
84 43 5 248 371 218 288
90 35 570 218 288
514 91 11 386
86 43 25 392 321 218 284
91 43 24 120 214 2 203 95
85 22 248 121
84 1 187 214 2 210 218 276
84 43 25 211 218 290
515 92 46 104
91 43 1 172 214 2 213 95
524 545 218 284 219 64
88 43 25 392 316 218 276
90 46 375 218 534
90 12 461 218 284
92 43 1 190 218 284
524 563 218 274 219 70
90 43 2 248 210 218 284
92 1 175 214 2 212 218 289
86 43 6 248 371 218 288
86 43 415 532
84 649 477 265
84 43 50 248 351 218 535
513 88 12 107 218 275
516 84 58 619 218 535
513 86 1 175 214 2 205
519 90 1 150 214 2 208
90 650 268 218 281
84 43 408 581
515 88 36 382 218 276 219 78
91 19 217 279 219 65 218 426
86 43 22 542 218 275
86 19 217 281 218 366
513 454 218 284
85 43 248 126 95
517 86 21 130 218 275 219 69
515 90 21 376 218 275 219 78
86 4 624 219 72 218 274
519 85 25 391
515 92 21 120 218 275 219 66
84 247 33 260 218 284
92 43 50 248 366 218 535
515 88 58 248 612 218 535
86 652 33 264 218 290
515 87 4 350 218 274 219 64
517 87 35 356
513 90 46 540 218 533 219 66
516 88 58 611 218 534
84 1 185 218 284
88 4 627 219 71 218 289
519 84 50 105
90 649 474 273
90 43 22 126 214 2 204 95
92 650 272 218 288
515 91 1 176 214 2 202
523 546 218 275 219 70
86 43 12 248 349 218 281
90 43 23 111 218 534
84 19 217 290 219 69 218 426
86 35 568 218 289
522 558 218 288 219 67
92 4 642 219 66 218 275
90 23 248 120 218 274
91 43 36 103 218 289
85 43 421 376
524 557 218 274 219 66
518 85 21 382 218 275 219 78
88 4 217 634 219 72
85 1 190 214 2 209 218 289
84 12 248 332
84 43 416 385
84 649 488 260
87 12 459 218 274
517 84 1 184 218 284 219 71
91 12 248 438 218 281
86 43 248 382 95
88 4 366 218 275
92 43 5 371 218 288
513 88 4 362 218 279 219 70
90 36 603 218 280
86 35 580 218 281
87 650 267 218 274
85 12 472 218 289
91 19 217 290 219 78 218 430
85 43 248 355 95
87 19 217 280 219 66 218 426
91 649 486 260
90 13 219 71 218 280
519 85 1 185 214 2 211
514 92 1 186
84 43 24 104 214 2 202 95
85 43 36 541
85 1 185 214 2 210 218 289
513 92 22 125 218 534
514 455 218 274
91 35 568 218 279
85 1 184 214 2 203 218 281
90 1 187 214 2 211 218 289
86 4 351 219 67
85 651 33 263 218 289
515 86 21 381 218 275 219 69
87 43 11 390 218 532
91 4 640 219 66 218 280
234 294 54 218 284
516 87 21 375 218 275 219 66
90 12 468 218 279
84 4 350 219 65
91 12 461 218 276
85 43 25 400 320 218 279
517 91 5 371 218 275 219 65
92 4 217 634 219 65
514 92 1 149 214 2 208
86 4 217 626 219 67
513 92 49 572 218 288 219 68
91 4 217 626 219 65
515 90 23 111 218 275 219 71
515 87 21 381 218 275 219 68
85 43 4 628 218 279
86 43 417 612
86 650 261 218 281
84 4 633 219 67 218 276
84 43 248 443 95
515 88 35 248 371 218 290
92 43 25 386 322 218 274
86 43 25 386 317 218 290
516 91 21 106 218 275 219 67
513 84 11 248 397 218 274
90 12 466 218 280
92 4 351 219 78
92 19 217 280 219 69 218 430
84 43 35 105 214 2 213 95
514 90 1 187 214 2 205
514 92 36 617 218 281 219 72
90 43 11 386
86 19 217 281 219 71 218 366
519 84 21 130 218 275 219 67
88 43 12 440
92 650 260 218 281
88 650 267 218 280
86 19 217 289 219 67 218 358
92 6 248 371 218 288
88 2 211 218 276
514 85 6 130 218 275
84 12 462 218 284
91 4 624 219 70 218 276
87 4 217 624 219 66
88 649 510 272
88 6 382 218 288
87 11 248 392
85 35 248 573
88 653 33 268 218 276
88 14 248 606
90 650 261 218 279
90 43 25 395 321 218 275
86 12 467 218 290
84 649 507 261
85 43 25 385 322 218 284
91 43 35 248 612 218 280
515 86 58 618 218 275 219 71
92 25 248 182
88 43 23 105
87 49 248 616 218 275
85 43 14 248 612 218 275
519 87 21 379 218 275 219 69
85 43 5 371 218 274
86 43 402 602
84 649 493 261
517 91 21 373 218 275 219 70
91 13 219 69 218 289
88 4 217 626 219 68
85 1 188 214 2 208 218 279
91 12 470 218 290
92 35 570 218 281
90 43 4 627 218 274
86 650 265 218 279
84 19 217 274 218 430
514 85 21 372 218 275 219 69
515 85 2 202 218 276
92 43 49 566 218 289
91 43 25 390 319 218 276
84 4 353 219 79
515 90 1 154 214 2 205
530 543 218 281 219 65
87 649 500 262
92 43 14 248 615 218 532
518 452 218 280
530 555 218 276 219 65
84 650 269 218 275
519 85 36 578
86 1 177 214 2 205 218 279
519 92 50 248 616 218 533
515 91 1 177 214 2 210
88 19 217 279 218 422
513 86 12 248 146 218 274
92 43 25 391 320 218 288
518 91 21 375 218 275 219 78
91 652 33 272 218 281
516 92 21 381 218 275 219 78
86 2 202 218 274
87 12 467 218 275
85 12 472 218 281
88 4 217 647 219 79
516 90 1 184 214 2 210
88 43 7 138 218 288
529 546 218 276 219 72
87 43 248 538 95
92 650 272 218 284
91 4 647 219 72 218 281
91 649 487 261
87 43 25 392 315 218 276
515 86 21 106 218 275 219 72
516 87 1 177 214 2 202
519 92 7 137 218 288 219 65
513 91 11 386
91 12 472 218 276
518 92 6 382
515 85 1 184 214 2 211
90 43 14 612
84 1 184 214 2 210 218 276
513 85 21 120 218 275 219 66
514 84 1 178 214 2 209
86 5 130 218 275
92 12 464 218 284
85 43 1 184 218 274
87 43 25 399
85 24 120 218 535
90 19 217 280 219 72 218 425
518 90 21 130 218 275 219 66
87 649 503 265
92 652 33 263 218 275
90 35 568 218 275
84 19 217 274 218 425
88 43 403 372
85 35 575 218 274
87 19 217 275 219 79 218 424
91 43 4 621 214 2 211 95
86 43 25 384 315 218 280
92 649 479 269
85 4 638 219 72 218 288
529 550 218 279 219 68
519 90 22 248 542 218 534
92 1 187 214 2 204 218 280
519 85 21 371 218 275 219 78
90 43 1 174
517 86 23 248 118 218 532
518 84 7 137 218 274 219 70
88 12 459 218 281
84 58 248 613
91 649 505 273
85 649 484 273
87 13 219 69 218 289
92 12 473 218 276
92 58 604 218 535
513 85 1 248 154 218 276
86 649 503 269
88 43 420 397
88 650 267 218 279
91 43 412 106
514 87 1 190 214 2 202
88 43 25 248 172 218 290
514 86 46 248 375 218 535
90 43 412 120
88 43 11 399 218 274
87 35 572 218 274
92 43 2 211
516 458 218 276
86 652 33 262 218 288
88 43 248 375 95
85 19 217 280 219 67 218 426
92 50 248 611 218 274
88 4 622 219 67 218 284
91 19 217 284 218 430
91 4 350 219 65
85 650 269 218 280
85 43 12 335 214 2 204 95
87 11 248 395 218 535
86 43 25 248 211 218 290
234 309 54 218 274
515 446 218 281
513 84 21 381 218 275 219 71
514 92 12 248 434 218 275
87 1 188 214 2 212 218 290
91 43 25 204 214 2 209 95
515 85 1 184 214 2 209
90 1 181 214 2 202 218 279
86 43 25 150 214 2 204 95
87 43 411 383
90 43 11 248 390 218 533
92 43 23 111 214 2 213 95
91 35 567 218 281
88 13 219 69 218 275
88 43 248 609 95
92 19 217 288 218 430
519 87 24 248 118 218 533
85 1 154 214 2 212 218 284
513 87 1 151 218 274
86 43 24 104 214 2 213 95
513 85 36 107 218 274 219 79
84 4 350 219 64
87 4 639 219 72 218 288
86 12 472 218 281
514 91 1 190 218 284
85 1 248 182 218 276
521 555 218 281 219 65
88 36 248 573 218 280
90 43 407 204
91 43 2 213 214 2 212 95
517 91 21 376 218 275 219 71
86 1 168 214 2 204 218 289
87 19 217 274 219 65 218 423
91 4 350 219 78
90 1 149 214 2 208 218 280
92 19 217 276 218 431
90 13 219 68 218 288
91 4 217 647 219 70
92 652 33 262 218 274
86 43 248 354 95
91 1 184 214 2 211 218 284
90 1 151 214 2 210 218 276
514 91 12 248 107 218 289
516 85 21 130 218 275 219 66
86 49 576 218 274
92 35 574 218 275
92 19 217 280 218 427
86 19 217 289 218 424
513 91 50 617
88 43 50 125 218 283
85 14 248 614
88 43 36 576
84 36 399 218 289
85 43 4 628 218 275
85 43 35 365 214 2 202 95
516 84 21 371 218 275 219 69
519 86 58 248 620 218 275
90 24 120 218 534
515 92 58 601 218 534 219 65
91 43 25 400 321 218 288
85 1 154 214 2 208 218 284
90 7 248 138 218 275
88 12 470 218 289
513 90 21 373 218 275 219 64
87 43 58 608 218 535
85 43 25 181
514 85 46 137 218 533 219 64
86 43 49 248 371 218 276
84 43 14 601 214 2 213 95
518 90 46 104 218 275 219 69
523 556 218 279 219 67
90 12 460 218 284
87 19 217 290 218 426
88 43 25 385
519 90 21 381 218 275 219 78
87 649 481 260
91 1 177 214 2 209 218 275
90 35 575 218 276
91 4 362 219 72
85 650 265 218 281
87 4 217 621 219 65
86 6 382 218 275
85 35 575 218 279
88 1 176 214 2 208 218 281
518 84 21 130 218 275 219 72
513 457 218 275
86 49 371 218 280
92 43 35 619
519 88 1 184 214 2 202
86 43 22 248 103 218 274
88 653 33 267 218 284
84 19 217 281 218 426
85 19 217 276 219 70 218 431
85 43 14 612 214 2 212 95
518 85 25 393
88 43 413 567
85 25 368 218 290
85 58 248 616
517 85 1 182 214 2 211
91 650 269 218 289
91 2 248 209 218 276
85 4 217 624 219 72
85 13 219 69 218 280
90 4 248 356 218 279
518 91 2 205
91 650 272 218 288
85 4 628 219 69 218 290
85 4 633 219 78 218 284
87 43 420 532
84 43 2 203
88 43 25 387 324 218 280
515 446 218 280
87 43 416 103
92 43 22 103
92 43 24 248 111 218 535
514 86 2 248 204 218 274
85 43 35 356
515 92 21 371 218 275 219 72
84 43 49 575
518 91 2 204 218 274
518 447 218 289
91 1 154 214 2 202 218 284
85 651 33 269 218 284
87 25 366 218 290
84 43 36 384 214 2 210 95
87 43 25 399 322 218 274
85 4 362 219 67
88 1 185 214 2 208 218 275
87 43 419 187
514 450 218 274
513 84 22 104 218 275 219 67
88 4 623 219 70 218 281
516 86 58 248 612 218 275
87 1 174 214 2 208 218 280
84 19 217 288 219 68 218 425
515 87 58 617 218 274
88 4 217 626 219 71
85 43 58 617
516 90 50 608
85 43 25 388 331 218 276
90 43 12 348 218 276
86 13 219 69 218 275
88 43 11 248 117 218 532
516 88 22 539 218 535
84 43 248 583 95
514 92 2 212
518 92 21 382 218 275 219 71
88 650 272 218 290
514 91 4 647 218 279 219 65
517 88 1 150 214 2 209
90 4 626 219 67 218 274
520 562 218 289 219 66
91 43 7 375 214 2 203 95
87 4 370 219 66
514 86 6 137 218 274 219 67
85 43 2 212 218 275
85 13 219 78 218 284
88 35 580 218 288
87 35 248 606 218 290
92 13 219 79 218 289
515 87 58 248 611 218 532
87 4 626 219 66 218 279
234 389 650 318
87 1 175 214 2 210 218 284
513 84 6 371 218 275
92 43 35 438 214 2 212 95
515 92 5 371 218 274
518 90 21 383 218 275 219 72
86 7 248 375 218 275
90 12 473 218 279
519 84 2 202 218 284
90 43 25 384 322 218 280
85 4 622 219 72 218 279
91 35 566 218 275
519 87 21 120 218 275 219 67
513 455 218 284
85 4 623 219 70 218 281
85 19 217 284 219 79 218 354
84 46 104 218 532
84 58 248 617
517 90 22 148 218 532 219 68
91 1 174 214 2 203 218 275
86 43 248 351 95
516 87 2 210 218 274 219 79
234 295 54 218 290
514 85 24 120 218 274 219 71
86 35 248 565
85 19 217 280 219 79 218 431
515 88 21 373 218 275 219 72
92 13 219 79 218 288
87 4 354 219 70
84 1 185 214 2 213 218 280
92 43 11 397
87 12 466 218 276
513 90 7 375 218 274
90 4 351 219 79
517 85 1 183 214 2 202
91 652 33 268 218 274
513 87 21 120 218 275 219 69
518 88 1 187 214 2 209
516 88 21 376 218 275 219 65
87 11 248 384
86 43 404 573
518 90 1 182 214 2 202
515 92 36 248 616 218 274
234 400 650 316
90 43 2 248 208 218 284
92 43 49 248 373 218 274
518 90 6 382
91 6 248 130 218 288
87 25 211 218 290
518 91 25 248 370 218 290
84 13 219 67 218 280
92 19 217 288 219 67 218 424
87 4 217 621 219 71
86 43 414 186
517 88 23 118 218 274
87 4 217 638 219 79
86 43 49 395 218 290
527 549 218 274 219 69
85 43 1 188
92 35 565 218 280
91 43 14 609 218 532
513 84 1 168
518 85 25 248 204 218 290
84 19 217 289 219 70 218 430
528 562 218 289 219 71
84 35 574 218 280
87 35 581 218 275
84 1 248 185 218 274
86 649 492 265
516 90 49 248 603 218 281
85 35 565 218 284
517 90 23 105
84 1 175 214 2 208 218 281
90 35 576 218 280
90 649 480 265
85 43 2 205
88 649 506 267
91 43 25 397 316 218 288
87 43 412 203
91 1 181 214 2 209 218 275
91 4 355 219 68
86 12 469 218 274
92 1 175 218 276
91 43 25 395 315 218 274
88 43 6 137
516 85 1 150 214 2 202
84 35 580 218 284
518 88 24 105
90 43 25 397 331 218 288
91 12 460 218 284
86 19 217 284 219 67 218 358
86 43 50 388 214 2 203 95
518 444 218 275
90 13 219 65 218 274
84 19 217 281 219 64 218 425
87 1 168 214 2 209 218 289
88 43 7 137 214 2 203 95
517 92 1 172 214 2 212
514 92 46 540 218 534
514 86 35 248 432 218 280
87 649 489 262
91 43 25 397 319 218 290
88 4 217 626 219 64
87 652 33 261 218 288
84 24 248 104 218 532
92 43 58 612 214 2 203 95
92 12 465 218 281
519 88 11 399
514 92 21 106 218 275 219 68
86 12 471 218 290
85 43 25 366 214 2 209 95
90 35 578 218 290
90 4 621 219 68 218 274
514 84 35 375
86 4 356 219 70
87 49 248 607
85 43 248 613 95
87 43 5 130 218 275
90 6 248 382
517 84 1 183 214 2 213
90 19 217 276 218 354
86 43 7 248 138 218 288
518 92 1 172 214 2 211
85 651 33 261 218 275
87 43 50 248 362 218 283
513 457 218 289
84 4 624 219 69 218 279
91 43 24 248 120 218 275
519 88 1 150 214 2 213
90 4 217 621 219 78
515 86 25 210
91 35 566 218 276
91 4 626 219 68 218 280
518 91 1 150 214 2 209
514 85 1 177 214 2 208
88 12 461 218 275
529 560 218 288 219 68
84 43 248 618 95
518 91 21 372 218 275 219 70
85 35 571 218 279
87 650 265 218 275
234 312 54 218 276
519 87 36 604 218 290 219 78
88 43 248 106 95
519 86 36 589 218 276
91 4 350 218 279
84 4 217 640 219 65
92 652 33 264 218 275
519 85 21 106 218 275 219 64
85 43 25 393 323 218 276
513 91 49 365 218 280
516 456 218 281
90 43 36 567 214 2 213 95
86 13 219 68 218 276
91 1 150 214 2 213 218 280
517 87 24 120
513 92 6 130
528 562 218 276 219 72
85 1 182 214 2 213 218 279
519 86 50 248 353 218 534
516 91 21 374 218 275 219 71
88 1 168 214 2 202 218 290
523 546 218 290 219 65
92 43 248 587 95
86 4 217 627 219 72
88 4 217 627 219 78
513 449 218 274
88 19 217 276 218 354
90 1 248 178 218 275
91 35 569 218 276
88 43 248 124 95
87 1 151 218 275
92 19 217 275 218 358
90 43 24 111 214 2 210 95
87 43 417 102
85 50 599 218 535
91 43 2 248 213 218 276
531 559 218 281 219 67
234 302 54 218 279
518 92 1 172 214 2 212
513 86 1 186 214 2 209
84 43 12 375
86 43 248 383 95
88 4 365 219 70
513 87 35 395 218 290 219 79
84 4 643 219 72 218 279
92 43 23 248 105 218 532
90 1 172 214 2 212 218 284
92 23 120 218 535
513 84 50 539
516 84 5 106
88 43 25 397 322 218 289
90 649 475 262
516 92 1 183 214 2 212
86 43 36 606
91 2 248 210 218 274
85 43 412 393
85 13 219 71 218 274
519 450 218 281
90 43 46 540 218 535
513 84 1 190 214 2 208
519 87 5 130 218 275
515 84 58 601
90 43 14 615
517 448 218 276
87 43 36 603 214 2 205 95
90 46 248 375 218 533
516 446 218 289
91 43 248 126 95
92 43 248 103 95
88 4 217 643 219 69
90 43 6 382
518 85 35 148 218 288 219 65
88 7 248 375 218 275
91 19 217 281 219 69 218 358
516 91 21 106 218 275 219 78
88 4 622 219 68 218 284
515 88 36 371 218 288
517 91 21 106 218 275 219 67
85 649 506 273
514 90 12 248 349 218 275
518 85 1 150 218 284 219 70
525 549 218 280 219 78
86 1 186 214 2 205 218 275
87 649 490 272
515 88 21 371 218 275 219 78
91 1 174 214 2 202 218 279
517 85 25 186
88 1 176 214 2 203 218 289
90 649 511 263
522 549 218 281 219 66
87 4 217 643 219 71
514 91 21 372 218 275 219 72
88 58 614 218 535
91 12 465 218 276
84 19 217 281 219 67 218 423
513 91 12 439
84 1 174 214 2 213 218 280
92 649 506 269
88 43 1 184 214 2 208 95
87 43 7 138 214 2 211 95
92 19 217 275 219 79 218 354
92 58 603 218 533
519 90 21 106 218 275 219 67
85 12 473 218 276
88 43 248 148 95
519 91 21 379 218 275 219 64
84 43 46 540
85 23 111 218 532
88 43 25 387 317 218 280
515 86 21 381 218 275 219 68
86 19 217 289 218 422
84 19 217 279 219 79 218 354
92 19 217 274 219 72 218 426
86 43 2 205
88 7 248 375
92 652 33 273 218 280
516 92 11 397
514 92 1 248 186 218 276
85 650 268 218 281
86 43 35 248 538 218 289
516 90 11 386 218 534 219 69
516 92 21 372 218 275 219 69
85 12 470 218 276
514 92 21 130 218 275 219 70
519 457 218 280
92 43 248 148 95
92 43 248 366 95
514 84 1 176 218 274
92 43 58 600 214 2 204 95
86 4 356 219 65
84 4 633 219 69 218 281
85 651 33 269 218 280
86 19 217 274 219 66 218 426
88 4 628 219 68 218 281
518 90 23 104 218 533
513 92 21 381 218 275 219 66
84 649 479 260
90 35 569 218 276
88 43 25 386 316 218 290
85 13 219 69 218 290
86 43 22 541
92 58 616 218 274
92 4 626 219 69 218 284
90 43 36 120 214 2 209 95
518 84 21 371 218 275 219 68
85 43 415 576
88 4 365 219 64
90 50 375 218 274
87 35 573 218 274
84 1 185 214 2 213 218 290
84 43 11 117 218 534
86 12 248 443 218 284
86 12 472 218 276
87 43 1 149 214 2 210 95
518 86 1 181 214 2 209
90 4 642 219 69 218 290
90 649 483 269
518 90 21 382 218 275 219 68
90 650 262 218 284
85 4 217 624 219 71
515 91 23 120 218 535 219 65
86 12 461 218 284
87 19 217 284 218 431
85 12 463 218 290
92 43 25 393 315 218 281
87 43 248 611 95
84 4 622 219 66 218 284
87 649 502 262
92 46 248 137 218 532
84 35 579 218 275
519 87 5 371
516 84 49 439 218 289 219 65
91 1 182 214 2 209 218 288
87 43 417 618
516 86 11 387
91 5 371 218 275
87 43 25 384 318 218 284
92 12 472 218 288
90 43 49 248 384 218 280
526 562 218 284 219 64
91 43 405 615
86 58 248 616
91 46 540 218 275
513 88 58 606
86 4 621 219 67 218 279
516 91 21 376 218 275 219 68
516 84 5 371
90 43 248 353 95
92 58 606 218 275
91 43 1 183 218 276
91 43 58 605
515 84 49 351
92 43 22 124
518 88 1 183 214 2 204
513 86 21 106 218 275 219 79
86 652 33 265 218 281
86 35 572 218 289
88 1 186 214 2 210 218 280
90 35 576 218 288
516 92 6 130
518 85 25 391
91 13 219 72 218 289
515 456 218 288
87 43 248 443 95
87 43 6 382 214 2 202 95
88 650 261 218 280
519 84 35 443 218 284
87 43 248 373 95
518 86 2 248 213 218 274
84 4 370 219 72
514 86 25 248 213 218 278
90 4 622 219 64 218 290
85 43 23 105 214 2 210 95
88 43 49 248 441 218 274
513 92 21 373 218 275 219 66
86 650 264 218 276
84 43 7 248 138 218 274
91 43 35 104
91 43 248 106 95
85 649 503 263
87 43 25 400 319 218 274
513 90 5 130 218 274 219 78
84 649 475 269
85 19 217 275 219 70 218 425
88 4 628 219 78 218 288
90 1 150 214 2 203 218 281
85 35 575 218 276
87 35 565 218 280
92 11 392 218 532
87 43 49 168 218 279
91 1 186 214 2 205 218 289
85 4 368 219 69
90 43 50 248 389 218 534
90 43 11 399 214 2 209 95
85 43 46 248 540 218 532
513 90 7 375
85 19 217 288 219 71 218 427
519 88 22 105 218 535
92 49 248 620
92 43 1 248 186 218 275
87 43 248 542 95
88 1 181 214 2 212 218 289
92 43 25 392 319 218 276
84 1 190 214 2 208 218 281
84 649 499 262
519 88 4 355
92 43 23 104 214 2 205 95
517 92 49 392 218 279
84 35 571 218 284
87 19 217 274 218 430
87 24 111 218 274
518 90 25 350 218 278 219 71
91 43 248 579 95
514 92 12 146
86 19 217 281 219 79 218 354
87 649 502 260
86 650 272 218 281
87 19 217 288 218 366
85 43 46 248 104 218 275
87 35 569 218 288
88 43 6 382 214 2 210 95
85 43 25 386 214 2 204 95
91 50 248 350 218 533
88 43 14 605 218 275
90 43 36 597 218 279
91 43 5 248 106 218 274
513 86 21 373 218 275 219 79
85 43 248 571 95
91 4 624 219 69 218 279
92 7 248 130 218 274
86 43 248 432 95
84 43 421 383
88 4 621 219 67 218 281
92 4 217 623 219 64
84 4 642 219 66 218 289
92 4 217 621 219 69
84 43 25 395 331 218 289
90 19 217 274 218 354
514 90 2 213 218 275 219 72
88 11 296 218 532
91 4 217 633 219 69
84 43 7 138 214 2 203 95
92 1 182 214 2 210 218 289
84 1 248 151
91 24 118 218 274
518 85 46 104
92 43 7 248 130 218 275
84 43 25 387 317 218 290
90 649 474 267
88 35 581 218 279
87 43 6 382
91 50 248 541 218 534
517 92 1 188 214 2 205
85 12 461 218 276
91 43 58 620
519 87 4 621
517 85 21 379 218 275 219 72
518 91 1 186 214 2 209
90 2 204 218 274
513 91 1 183 214 2 210
90 649 476 273
85 43 411 581
86 4 217 640 219 79
84 58 248 614 218 274
88 1 175 214 2 204 218 289
516 86 21 374 218 275 219 79
87 4 621 219 68 218 289
88 12 472 218 274
90 4 362 219 64
523 562 218 288 219 71
85 19 217 274 218 430
86 11 248 395
84 4 639 219 79 218 289
516 88 11 387 218 535 219 69
88 58 613 218 535
90 43 7 138 218 274
87 43 248 587 95
84 4 633 219 70 218 280
87 43 415 212
518 86 12 146 218 288
517 84 4 366
87 1 168 214 2 211 218 276
90 43 409 538
90 12 464 218 280
92 19 217 276 218 426
92 43 25 384 323 218 284
90 4 370 219 78
519 85 5 130 218 275 219 79
84 4 626 219 71 218 284
86 43 35 619
85 43 25 390 218 278
518 85 21 375 218 275 219 65
514 88 11 397 218 533 219 70
86 649 491 267
517 86 49 384
92 19 217 276 218 424
87 43 23 248 104 218 535
518 85 1 181 214 2 213
87 43 417 539
87 43 25 392 323 218 276
88 19 217 276 219 72 218 424
84 43 49 600 214 2 203 95
84 43 406 186
518 86 35 567 218 275
88 43 24 248 105 218 275
88 49 248 388 218 275
84 36 248 392
87 19 217 276 219 72 218 431
91 4 627 219 65 218 279
86 43 421 619
90 12 473 218 275
517 88 46 248 104 218 274
84 12 469 218 289
514 84 5 248 371 218 275
84 36 248 441 218 289
90 1 174 214 2 202 218 289
86 43 2 204 218 274
92 43 11 384 218 534
87 43 7 138
527 545 218 274 219 79
84 35 573 218 290
513 92 14 248 605 218 275
90 25 175 218 290
514 86 21 371 218 275 219 70
85 651 33 261 218 279
88 43 36 610 218 289
519 84 50 538 218 274 219 79
91 12 107 218 279
92 22 536 218 274
92 649 509 268
86 43 23 248 120 218 274
517 91 4 626 218 275 219 71
84 1 187 214 2 204 218 275
85 650 267 218 274
87 4 217 640 219 69
519 90 50 586 218 275
91 43 6 130 214 2 213 95
87 12 336 218 289
513 88 58 248 602 218 532
86 22 248 539
88 50 356 218 274
85 43 25 388 315 218 281
84 35 578 218 280
88 650 267 218 275
517 88 36 248 532 218 289
515 88 4 627
515 84 14 248 618 218 535
515 84 36 248 612 218 274
515 86 46 248 375 218 533
87 35 574 218 276
91 43 12 335 218 274
513 85 21 120 218 275 219 64
87 4 647 219 66 218 275
88 43 2 212 218 276
92 36 384 218 281
519 85 1 149 214 2 212
518 90 24 111
85 43 417 376
84 4 351 219 79
92 1 176 214 2 210 218 289
85 43 415 355
87 43 25 393 331 218 276
84 43 1 154
88 12 248 107
92 43 23 120
87 19 217 275 219 64 218 431
518 86 7 375
515 91 7 248 130 218 275
88 43 11 248 385 218 534
87 19 217 280 219 66 218 425
91 2 208 218 284
84 649 507 267
517 86 21 130 218 275 219 78
85 43 410 606
87 652 33 263 218 280
516 86 1 186 214 2 203
514 92 1 178 214 2 213
234 306 54 218 274
92 1 190 218 274
91 12 463 218 284
92 19 217 284 219 78 218 427
86 58 611 218 534
90 4 626 219 65 218 288
92 4 368 219 64
92 43 24 105 214 2 213 95
87 43 248 571 95
85 649 480 265
90 13 219 70 218 279
84 22 248 105 218 275
86 43 404 190
88 4 628 219 71 218 280
84 43 25 384 317 218 275
86 43 4 366 214 2 204 95
87 19 217 284 219 71 218 354
87 649 493 262
514 447 218 290
91 19 217 279 219 65 218 422
518 86 24 105
91 43 12 248 340 218 281
88 4 217 626 219 72
90 35 573 218 288
88 43 248 121 95
84 12 471 218 284
92 43 2 248 208 218 274
84 650 265 218 284
92 4 355 219 79
88 19 217 288 218 366
518 84 36 248 599 218 288
516 91 22 375 218 274 219 67
88 35 570 218 276
88 19 217 275 218 426
514 92 1 176 218 284 219 79
515 91 24 111 218 533
517 450 218 281
515 85 12 340 218 276 219 67
86 35 565 218 281
88 43 25 400 324 218 288
90 19 217 284 219 70 218 358
516 91 1 175 214 2 211
519 88 7 138
88 43 248 605 95
528 563 218 280 219 70
92 1 177 214 2 212 218 276
88 43 25 388 331 218 280
88 43 418 178
88 649 485 269
87 43 402 532
86 43 25 354 218 290
234 392 650 319
86 4 351 219 66
92 1 187 214 2 203 218 274
85 35 579 218 279
514 87 21 379 218 275 219 68
91 4 627 219 70 218 274
85 4 353 219 65
87 43 25 385 321 218 284
513 87 7 248 137 218 274
91 35 571 218 275
90 43 14 248 604 218 276
86 43 419 397
515 450 218 274
514 88 35 248 578 218 275
88 46 248 104
88 43 5 371 214 2 202 95
86 4 365 219 72
88 43 7 138
514 87 12 248 333 218 288
519 452 218 288
88 43 418 385
88 1 176 214 2 211 218 275
84 649 377 260
514 84 21 376 218 275 219 64
84 43 25 362 214 2 208 95
519 90 36 566 218 281
84 13 219 64 218 275
517 88 49 121 218 279
517 87 1 183 214 2 213
84 19 217 289 219 79 218 431
87 12 471 218 281
86 4 624 219 68 218 284
515 88 6 137 218 275
90 1 149 214 2 203 218 289
516 90 24 248 120 218 534
88 4 628 219 71 218 274
88 43 35 586 214 2 210 95
86 649 493 260
91 649 502 273
86 652 33 268 218 279
522 555 218 284 219 78
92 35 248 432
87 2 209 218 274
90 19 217 274 219 70 218 354
85 1 177 214 2 213 218 289
91 19 217 281 219 64 218 425
516 84 2 248 210 218 276
87 43 420 188
88 12 334 218 280
517 92 1 185 214 2 209
513 88 1 182 214 2 212
88 43 248 356 95
88 23 120 218 533
91 12 434 218 288
91 43 22 104 214 2 213 95
516 88 5 106 218 288
516 447 218 290
91 43 421 148
92 35 575 218 280
234 304 54 218 290
518 92 23 118 218 274
90 43 7 137 214 2 212 95
90 1 154 214 2 208 218 274
85 35 573 218 276
87 43 5 248 371 218 275
92 1 188 214 2 210 218 276
85 4 365 219 66
92 43 403 565
514 90 12 349
84 43 25 400 320 218 279
87 25 248 176 218 278
85 13 219 69 218 284
90 649 481 260
90 43 402 373
518 92 6 137 218 274 219 70
513 86 25 391 218 278 219 71
88 19 217 290 219 70 218 354
517 92 21 379 218 275 219 69
87 1 248 154
86 12 248 434
85 1 186 214 2 205 218 276
91 43 5 248 106 218 288
91 43 248 602 95
91 650 261 218 290
92 652 33 272 218 290
84 43 25 397 317 218 276
88 19 217 275 218 425
85 650 272 218 276
86 650 263 218 276
91 43 22 125 218 274
515 86 36 603
514 86 1 172 214 2 212
86 58 248 609
90 4 622 219 69 218 276
92 43 58 248 605 218 534
91 24 248 120
513 92 21 372 218 275 219 69
85 1 175 218 274
234 395 650 322
90 35 578 218 275
513 91 24 105 218 534
91 4 643 219 79 218 275
514 84 21 382 218 275 219 68
86 19 217 279 218 424
517 85 2 212 218 274 219 66
86 43 58 604
88 43 14 135 218 535
90 43 11 248 388 218 532
86 43 23 120 214 2 210 95
86 43 25 385 324 218 284
91 49 248 571
84 4 628 219 66 218 275
519 84 21 372 218 275 219 78
85 19 217 288 218 427
92 43 49 399
92 649 499 263
517 91 21 372 218 275 219 69
87 43 14 603 218 275
515 86 1 168 214 2 210
519 444 218 284
92 25 248 400 218 278
519 86 50 570
519 85 2 248 203 218 284
85 651 33 260 218 288
87 35 572 218 279
84 13 219 64 218 280
90 43 417 542
518 455 218 288
90 43 418 579
518 91 1 182 214 2 213
84 43 7 137 214 2 203 95
84 1 186 214 2 203 218 284
531 549 218 288 219 78
90 19 217 276 218 366
91 4 370 219 72
84 43 248 370 95
84 43 248 569 95
92 43 409 597
92 14 605 218 532
92 58 600 218 533
90 650 273 218 276
90 650 268 218 284
84 4 354 219 78
519 92 49 617 218 279
515 86 2 248 205 218 276
91 12 468 218 276
91 43 248 574 95
84 12 462 218 274
92 43 403 568
517 84 25 392
92 35 578 218 280
85 12 464 218 284
87 43 24 120 214 2 210 95
87 43 25 395 316 218 280
85 43 25 393 324 218 276
515 86 12 248 108 218 289
91 19 217 290 219 67 218 366
515 86 2 248 212 218 275
88 43 419 181
519 92 21 373 218 275 219 67
518 90 49 151
515 87 14 135 218 276
88 43 6 371 218 275
91 12 248 443 218 275
85 43 25 397 317 218 281
90 650 260 218 281
87 1 181 214 2 202 218 290
85 43 35 573 218 289
92 19 217 279 219 78 218 431
86 43 410 612
87 43 22 121 218 532
517 88 7 375 218 274 219 65
90 2 203 218 275
86 43 12 248 332 218 276
517 90 22 248 102 218 275
518 84 7 248 375 218 274
519 86 23 120
84 43 248 613 95
519 84 24 105 218 275 219 70
520 547 218 275 219 68
90 35 573 218 275
84 19 217 274 219 68 218 425
84 43 248 571 95
84 649 481 272
85 43 12 334 218 279
92 43 25 248 176 218 278
515 85 24 111
90 19 217 290 218 425
92 43 24 118
86 5 248 106 218 275
90 4 217 621 219 69
88 24 105 218 532
86 43 23 120 214 2 202 95
87 43 25 389 324 218 290
90 19 217 276 219 70 218 423
234 400 650 323
91 649 486 261
518 87 24 120 218 533 219 69
87 43 6 137 214 2 211 95
86 43 35 248 601 218 274
86 43 407 580
518 84 4 627 218 274 219 69
517 88 1 151 214 2 202
87 19 217 281 219 71 218 366
88 19 217 276 218 358
88 24 248 111 218 535
88 43 25 149 214 2 213 95
86 43 25 386 316 218 289
84 1 183 214 2 209 218 281
85 4 368 219 66
92 43 35 370 214 2 211 95
90 4 643 219 64 218 276
88 4 353 219 69
88 1 181 218 274
84 4 351 219 67
86 12 349 218 289
86 50 248 362 218 275
91 12 470 218 274
516 86 24 105 218 535
87 43 46 540 214 2 203 95
518 85 6 137
87 652 33 268 218 290
514 85 25 248 208 218 290
86 4 626 219 69 218 274
91 43 25 395 331 218 276
514 92 1 183 214 2 208
513 92 21 372 218 275 219 71
91 43 36 351 218 284
518 85 1 248 176 218 276
516 84 12 108 218 276 219 66
90 1 182 214 2 204 218 275
87 14 609 218 276
84 43 14 603 218 533
88 35 566 218 275
87 12 463 218 284
91 649 507 272
92 649 496 261
526 559 218 280 219 68
91 13 219 72 218 284
88 649 490 262
91 650 268 218 289
85 43 4 248 353 218 274
91 43 46 375 218 533
91 46 248 375
516 451 218 276
90 43 35 439 214 2 204 95
516 87 21 130 218 275 219 70
88 653 33 263 218 281
87 14 606 218 532
84 1 183 214 2 208 218 290
86 23 105 218 275
90 4 362 219 68
85 12 466 218 281
518 91 7 130 218 275 219 66
92 2 248 204
86 4 356 219 69
86 19 217 284 219 67 218 422
84 25 248 172
91 43 406 567
514 87 36 355 218 284 219 70
87 43 1 248 154 218 275
519 87 21 382 218 275 219 68
85 58 615 218 535
513 85 49 248 565 218 280
85 35 578 218 281
85 1 177 214 2 203 218 289
513 451 218 281
87 35 575 218 280
87 4 217 640 219 70
523 545 218 274 219 72
91 43 25 185
513 88 21 376 218 275 219 70
88 49 212 218 275
84 50 570 218 535
91 43 24 248 105 218 534
516 445 218 290
516 88 1 174 218 275 219 69
88 4 642 219 69 218 279
90 43 11 310 218 532
86 19 217 275 218 366
518 88 21 379 218 275 219 70
88 43 25 388 320 218 289
85 43 2 248 204 218 276
91 43 419 604
90 2 248 210
518 91 11 388
513 88 6 371 218 288
514 92 21 106 218 275 219 67
514 90 21 382 218 275 219 69
91 43 25 399 318 218 280
91 12 462 218 284
234 385 650 316
522 562 218 275 219 78
90 46 248 137 218 532
514 85 21 374 218 275 219 70
514 90 50 571 218 535 219 65
514 85 25 387
92 649 507 263
87 19 217 279 219 64 218 424
88 4 626 219 65 218 276
92 49 391 218 280
92 650 272 218 275
90 43 12 332 214 2 212 95
513 91 35 375 218 289 219 78
517 91 36 248 356 218 275
517 92 1 248 190 218 284
86 652 33 273 218 279
84 35 570 218 284
90 43 25 385 316 218 290
90 649 481 261
516 88 12 147 218 275 219 72
91 4 217 628 219 70
90 43 248 374 95
88 25 248 202 218 278
84 650 262 218 281
521 547 218 274 219 70
91 652 33 260 218 274
91 2 205 218 274
91 12 461 218 280
87 4 623 219 78 218 276
514 86 49 125 218 275 219 70
85 43 411 151
234 400 650 321
87 43 25 389 315 218 275
86 14 614 218 276
517 91 25 393 218 278
85 43 24 248 105 218 533
514 450 218 289
514 91 12 248 335 218 290
92 649 503 261
86 43 405 432
88 43 248 574 95
87 23 104 218 534
86 43 25 205 214 2 211 95
515 84 1 150 214 2 213
86 4 624 219 79 218 288
516 92 21 372 218 275 219 66
88 12 468 218 290
91 43 7 137 218 274
87 43 25 390 317 218 289
86 19 217 290 219 79 218 431
85 4 628 219 70 218 281
87 43 25 400 315 218 279
86 19 217 279 219 64 218 430
84 1 176 214 2 212 218 274
519 85 1 185 214 2 209
91 24 105 218 532
87 43 415 174
88 653 33 260 218 284
91 43 22 105 218 274
513 84 4 356 218 279 219 72
515 91 1 190 214 2 211
86 22 104 218 534
520 546 218 276 219 78
90 43 25 386 318 218 289
90 22 541 218 275
87 50 248 607 218 533
517 86 7 138 218 274
91 43 25 393 319 218 284
517 90 6 248 382 218 288
515 453 218 274
517 453 218 281
529 557 218 280 219 64
84 4 365 219 69
86 35 573 218 290
519 92 1 178 218 275
90 19 217 276 218 423
517 86 35 248 387 218 289
90 650 267 218 289
517 86 4 248 622 218 275
84 13 219 70 218 281
92 43 25 385 331 218 290
92 650 262 218 279
87 19 217 276 218 426
88 43 4 248 365 218 279
516 86 21 379 218 275 219 78
90 43 7 375
91 43 58 618 218 534
87 4 638 219 78 218 288
87 43 25 395 323 218 290
85 43 50 567 214 2 210 95
86 4 217 623 219 78
92 12 464 218 281
518 86 36 565 218 284 219 70
518 86 25 172 218 278
88 43 414 353
91 4 628 219 66 218 284
91 43 25 388 318 218 284
85 4 217 622 219 72
87 652 33 268 218 280
515 87 58 609
86 43 6 382 214 2 205 95
92 19 217 279 218 430
514 88 5 248 106 218 275
88 649 497 261
90 2 248 208 218 276
92 2 248 204 218 275
84 4 628 219 67 218 274
91 1 168 214 2 213 218 276
519 92 58 248 615 218 532
519 92 1 248 174 218 276
91 43 1 184 214 2 204 95
84 4 370 219 65
90 4 217 638 219 71
92 652 33 262 218 289
90 43 11 384
87 19 217 281 219 79 218 422
92 4 355 219 66
514 448 218 275
90 19 217 289 219 70 218 430
91 649 477 273
84 2 248 205 218 275
91 43 25 390 320 218 281
84 43 5 106 214 2 205 95
516 92 2 202
85 19 217 274 219 66 218 358
513 92 1 175 214 2 213
86 43 25 384 323 218 281
91 650 273 218 279
90 36 399 218 279
91 4 365 219 71
85 24 248 111
516 92 1 183 214 2 211
88 1 177 214 2 203 218 281
87 4 624 219 68 218 288
91 13 219 66 218 289
92 13 219 78 218 288
516 87 58 608 218 534 219 71
92 652 33 265 218 275
86 43 35 379
519 85 35 619 218 276
91 19 217 280 219 64 218 366
524 563 218 290 219 65
513 86 11 248 395 218 274
518 85 50 400 218 535 219 68
518 90 5 130 218 274 219 65
90 19 217 280 219 70 218 430
531 558 218 280 219 72
90 649 494 265
86 43 402 440
91 36 248 613 218 276
92 19 217 276 218 423
85 43 410 400
92 43 248 439 95
85 12 466 218 290
90 43 248 384 95
514 84 24 104 218 534 219 69
515 84 36 571 218 279 219 70
91 43 11 389 218 534
87 649 489 264
518 457 218 290
84 43 4 351 218 276
87 43 25 385 320 218 275
90 43 248 565 95
515 92 7 130
87 4 638 219 68 218 274
91 43 12 332 214 2 211 95
92 12 472 218 290
86 4 217 621 219 65
88 653 33 269 218 274
521 545 218 289 219 71
90 43 22 375 218 533
92 650 269 218 284
86 43 6 137 218 288
92 4 362 219 72
84 19 217 280 219 64 218 423
518 88 21 130 218 275 219 68
515 85 22 102
88 43 413 130
92 19 217 284 218 425
90 58 248 613
86 35 574 218 274
514 86 11 387 218 534 219 68
86 43 25 387 324 218 276
518 86 11 397 218 535
91 43 11 117 218 532
519 86 25 362 218 278 219 79
514 85 21 106 218 275 219 70
526 548 218 284 219 72
90 43 25 387 321 218 289
90 58 248 600 218 532
86 43 24 105
87 4 217 640 219 71
90 19 217 276 218 425
85 43 58 248 608 218 533
86 1 186 214 2 211 218 275
514 455 218 289
88 43 35 434
513 90 6 371 218 288
85 1 168 214 2 213 218 279
88 653 33 261 218 289
90 19 217 288 219 71 218 366
518 87 23 104 218 275
88 12 460 218 288
87 19 217 276 218 358
91 43 406 209
85 4 628 219 79 218 288
513 449 218 288
513 84 58 608 218 274 219 71
513 90 46 104 218 275 219 66
87 1 183 214 2 208 218 276
85 12 336 218 290
87 4 354 219 69
92 1 181 214 2 212 218 290
86 36 248 569
85 651 33 263 218 275
91 19 217 279 219 67 218 425
86 4 639 219 71 218 281
86 43 408 376
85 19 217 275 218 423
88 43 23 111
516 87 46 137 218 532
516 91 58 248 615 218 274
86 35 570 218 290
86 4 624 219 65 218 284
513 87 6 371 218 274 219 71
515 92 46 248 104 218 532
90 43 46 375 214 2 203 95
515 86 7 248 130 218 288
84 25 248 210 218 278
84 43 4 356 218 279
85 649 474 261
91 43 248 607 95
84 43 25 397 317 218 288
518 84 21 130 218 275 219 70
91 4 355 219 64
90 1 168 214 2 211 218 290
84 58 601 218 274
91 19 217 279 219 68 218 427
91 4 634 219 68 218 280
90 19 217 284 218 427
84 650 265 218 274
88 43 4 622 214 2 203 95
91 43 248 589 95
85 13 219 68 218 274
85 43 12 348 218 290
88 19 217 281 218 423
519 92 1 188 214 2 213
86 43 25 390 315 218 284
84 43 413 618
515 86 14 604
91 43 420 620
92 649 480 265
90 25 354 218 278
85 19 217 290 218 427
88 43 35 390 214 2 202 95
88 4 217 623 219 70
87 650 273 218 290
88 14 248 604
513 91 25 350 218 290 219 68
519 88 1 181 214 2 204
91 12 467 218 279
91 650 263 218 281
87 43 25 213 218 278
234 388 650 319
517 87 21 372 218 275 219 67
87 652 33 269 218 274
88 35 581 218 281
514 90 2 209 218 284 219 71
92 43 410 210
92 43 7 137 218 275
90 43 50 579
92 4 353 219 72
85 43 6 130 214 2 208 95
91 43 1 151
92 25 175 218 278
86 43 6 371 214 2 210 95
85 19 217 279 219 64 218 423
85 1 176 214 2 211 218 274
84 35 579 218 280
515 86 21 373 218 275 219 71
92 4 365 219 68
86 649 501 272
516 85 46 104 218 532 219 64
514 88 21 374 218 275 219 68
234 395 650 315
518 85 1 178 218 275
86 649 488 265
88 43 417 607
84 43 25 248 386 218 278
84 649 504 267
90 43 25 391 320 218 290
85 4 217 627 219 69
515 88 14 603
517 91 36 617 218 276 219 78
514 90 2 209
518 91 25 353 218 278
85 650 260 218 280
84 4 368 219 67
85 35 580 218 289
90 43 4 634
519 453 218 276
516 87 21 372 218 275 219 71
515 447 218 281
84 19 217 280 218 425
85 19 217 274 219 69 218 423
86 43 2 248 203 218 274
86 649 509 265
88 35 576 218 288
85 1 187 214 2 204 218 281
84 43 46 137 214 2 213 95
92 1 181 214 2 212 218 275
87 43 36 395 218 281
85 4 370 219 64
518 85 6 130 218 288 219 70
90 43 23 120
84 25 366 218 290
523 557 218 284 219 64
88 43 22 248 375 218 534
92 649 494 269
88 19 217 280 218 431
92 12 472 218 279
514 85 1 151 218 274
88 43 24 104
92 2 248 205
517 87 35 102 218 279
91 43 50 248 354 218 532
516 85 12 441 218 274
85 43 410 183
88 43 1 168 214 2 208 95
516 92 21 120 218 275 219 69
528 563 218 275 219 69
90 19 217 281 219 66 218 426
86 43 408 185
518 91 24 120
88 43 416 174
91 11 248 386
92 4 362 219 65
84 12 459 218 284
88 43 12 334 218 284
91 43 46 248 375 218 535
90 43 49 567 218 289
86 13 219 71 218 280
90 43 412 589
85 4 217 643 219 78
88 23 105 218 533
90 19 217 289 218 422
87 58 613 218 533
91 43 408 617
90 649 479 273
84 4 638 219 71 218 274
86 36 400 218 289
91 43 25 390 316 218 280
91 43 4 647
85 22 102 218 532
86 4 370 219 67
85 25 248 355 218 278
234 300 54 218 288
86 649 504 265
517 92 1 149 214 2 202
91 43 46 104 214 2 202 95
514 87 14 248 609 218 274
90 43 6 137
515 86 21 106 218 275 219 68
86 43 7 130
517 448 218 280
513 87 25 149 218 278
84 11 248 399
84 35 573 218 288
516 84 1 182 214 2 211
517 84 35 586
518 85 12 332 218 284 219 68
88 43 25 395 323 218 281
91 43 412 583
517 457 218 280
85 4 248 351 218 279
90 4 368 219 71
515 92 36 613 218 289
87 4 352 219 70
86 35 581 218 281
85 12 334 218 275
519 90 1 184 214 2 205
86 4 217 640 219 68
88 22 248 536
87 19 217 290 219 78 218 424
87 652 33 262 218 275
85 651 33 273 218 290
87 12 464 218 276
515 87 1 185 214 2 202
84 19 217 289 219 78 218 426
92 43 46 137
85 19 217 276 219 65 218 366
87 35 571 218 290
518 84 25 204
90 58 248 608
88 43 11 384 214 2 205 95
92 1 188 214 2 211 218 281
90 35 578 218 279
91 43 403 382
87 4 626 219 72 218 279
517 91 21 376 218 275 219 66
86 43 248 583 95
518 84 50 388 218 283 219 78
87 19 217 280 219 64 218 422
515 84 21 375 218 275 219 71
516 84 14 248 615 218 535
91 35 248 610
85 19 217 274 219 78 218 358
519 90 21 382 218 275 219 64
514 88 23 105 218 532 219 65
92 43 402 150
514 87 11 385
88 35 386 218 281
90 43 49 248 186 218 288
86 19 217 281 218 426
84 650 263 218 276
519 84 46 375 218 533 219 65
87 19 217 275 219 67 218 423
88 43 7 137
513 85 14 604 218 535
85 43 411 600
516 84 1 186 218 275
86 4 633 219 79 218 281
92 43 25 400 316 218 275
91 35 576 218 279
90 13 219 66 218 289
516 87 21 383 218 275 219 72
87 4 352 219 69
526 556 218 274 219 70
92 19 217 289 219 70 218 430
87 12 461 218 289
85 1 176 214 2 208 218 280
87 4 350 219 70
92 12 461 218 290
516 90 1 181 214 2 212
84 43 248 368 95
92 43 49 395 218 281
87 4 365 219 66
520 543 218 275 219 69
85 13 219 64 218 274
87 652 33 263 218 284
519 86 14 611 218 274
517 92 1 185 218 276
88 43 403 104
92 23 248 104
91 43 25 390 315 218 290
87 35 581 218 290
515 84 1 184 214 2 208
518 456 218 275
87 43 11 310 218 535
90 43 408 388
515 84 4 628 218 276 219 66
85 4 368 219 65
86 43 417 384
86 43 405 126
513 91 6 371 218 288 219 66
90 19 217 284 219 72 218 431
91 43 5 130 214 2 213 95
91 19 217 289 219 79 218 426
84 4 643 219 67 218 279
86 1 248 183
513 90 25 248 205 218 290
85 19 217 288 219 70 218 424
88 24 104 218 275
513 85 50 126 218 532
515 87 50 106 218 532 219 67
86 43 248 532 95
515 455 218 281
92 7 248 138
527 559 218 288 219 66
92 25 248 213
84 35 580 218 279
92 25 248 185 218 278
514 88 21 376 218 275 219 69
87 49 248 384 218 276
90 43 25 384 323 218 290
92 4 639 219 70 218 288
91 35 248 605
513 455 218 275
84 43 36 248 391 218 290
92 19 217 279 219 72 218 424
84 247 33 265 218 281
85 43 25 392 319 218 275
234 397 650 316
531 543 218 281 219 68
85 43 409 610
91 4 623 219 72 218 276
84 43 24 111
515 449 218 276
86 43 417 589
90 6 130 218 274
517 87 4 350 218 276 219 66
86 43 2 248 212 218 276
91 11 248 399
84 35 572 218 275
518 85 14 248 135 218 533
90 4 217 627 219 68
88 43 12 441
88 43 25 248 202 218 290
86 4 368 219 71
530 558 218 288 219 71
86 43 248 393 95
514 87 24 248 111 218 535
513 92 35 570
521 563 218 275 219 69
516 92 1 188 214 2 208
84 35 248 536 218 279
84 43 14 608
88 22 248 541
90 19 217 281 219 78 218 422
90 43 421 174
517 91 21 374 218 275 219 68
88 43 35 103 218 276
519 90 25 184
514 84 21 373 218 275 219 70
84 50 105 218 283
518 85 1 178 214 2 202
85 36 248 607 218 290
516 88 35 391 218 288
92 35 578 218 290
92 19 217 284 219 67 218 422
84 19 217 290 218 431
91 43 417 620
515 90 7 137 218 288
91 25 178 218 290
516 84 1 150 218 276 219 68
88 43 4 365
519 85 21 376 218 275 219 66
86 4 217 633 219 79
531 546 218 276 219 70
519 91 24 104
90 43 49 572 214 2 212 95
515 84 50 388 218 283 219 65
90 1 178 214 2 209 218 288
87 13 219 79 218 280
87 14 612 218 534
86 649 480 262
85 43 2 212 218 284
90 43 46 375 218 274
516 87 46 248 375 218 274
88 43 1 248 154 218 284
86 43 402 211
87 43 5 106 214 2 210 95
92 43 409 392
87 4 352 219 78
516 90 1 175 214 2 210
86 19 217 281 219 78 218 431
515 447 218 279
88 12 465 218 275
85 43 248 583 95
90 12 467 218 288
88 43 2 204 214 2 213 95
515 88 1 190 214 2 202
86 12 473 218 280
91 19 217 281 219 66 218 431
513 451 218 289
528 553 218 276 219 68
88 43 25 387 318 218 279
86 46 540 218 532
92 24 248 120
91 19 217 281 218 425
523 549 218 288 219 79
87 43 22 105 214 2 211 95
88 43 4 640 218 279
519 87 1 183 214 2 212
86 25 248 351 218 290
91 35 579 218 281
85 19 217 281 219 65 218 354
518 84 6 248 371 218 274
519 86 1 177 214 2 203
516 92 1 186 214 2 204
88 12 248 442 218 276
84 4 634 219 66 218 280
90 36 607 218 289
519 84 5 106
514 90 1 174 214 2 212
84 19 217 280 219 71 218 430
88 4 356 219 69
516 86 35 354
85 13 219 72 218 276
513 444 218 288
84 43 25 248 150 218 290
85 19 217 289 219 71 218 354
519 87 12 248 332 218 288
85 43 248 130 95
518 92 1 175 214 2 203
85 43 25 388 320 218 281
85 43 23 105 214 2 204 95
88 649 510 265
88 43 6 130
91 13 219 79 218 275
90 43 22 117 214 2 203 95
88 650 273 218 280
515 85 35 619 218 289 219 71
518 86 4 647 218 279
90 35 610 218 274
84 43 25 390 321 218 290
87 4 217 640 219 66
519 90 21 106 218 275 219 64
513 447 218 289
87 19 217 279 219 79 218 427
516 90 11 248 389 218 533
515 85 21 381 218 275 219 64
85 1 175 214 2 213 218 280
85 43 35 566
88 43 25 385 321 218 275
90 43 4 647 218 275
90 23 248 120 218 533
513 90 12 432 218 276
91 4 353 219 65
85 4 640 219 72 218 279
92 43 50 577 218 274
90 43 25 248 362 218 278
88 4 366 219 65
88 43 25 392 321 218 290
515 85 46 248 104 218 533
87 7 375 218 274
88 43 35 248 125 218 284
513 88 7 375
85 19 217 275 219 70 218 423
514 88 50 619 218 283 219 65
87 50 532 218 533
91 4 368 219 66
92 43 25 389 318 218 281
86 4 217 639 219 69
513 86 21 382 218 275 219 66
519 86 1 154 214 2 212
85 4 633 219 79 218 281
86 4 366 219 68
87 43 25 399 324 218 280
85 43 46 248 104 218 274
91 43 50 103
90 43 248 386 95
84 35 579 218 276
92 43 415 599
91 43 36 248 365 218 274
516 91 21 372 218 275 219 65
523 549 218 279 219 64
515 91 35 572
85 19 217 279 219 72 218 423
84 650 267 218 290
88 1 248 151 218 275
87 649 489 272
85 650 263 218 281
88 24 248 120 218 275
529 545 218 280 219 65
87 43 25 399 331 218 279
86 43 248 576 95
84 43 405 434
516 91 23 105
515 90 35 248 620 218 276
513 90 11 397 218 535 219 70
86 43 58 248 603 218 534
85 19 217 284 219 66 218 358
90 43 2 212 218 276
87 35 248 352
85 19 217 289 219 79 218 426
90 1 177 214 2 208 218 279
517 87 1 154 214 2 210
92 43 6 371 214 2 202 95
517 90 14 248 608 218 534
88 43 402 190
88 43 25 388 331 218 288
91 19 217 288 219 79 218 427
514 85 24 111 218 532 219 71
87 14 602 218 275
521 551 218 289 219 70
84 1 154 214 2 205 218 288
87 19 217 290 219 71 218 427
84 247 33 262 218 275
88 14 248 601
514 85 1 149 214 2 213
92 43 25 393 315 218 289
92 1 183 214 2 213 218 290
91 43 50 383 214 2 209 95
84 650 272 218 289
513 86 11 248 393 218 533
91 43 248 389 95
88 43 420 392
91 35 580 218 279
90 43 410 181
85 13 219 67 218 290
90 4 642 219 69 218 288
84 649 508 264
88 4 365 219 78
513 92 2 248 202 218 284
85 4 350 219 66
92 4 217 647 219 72
85 12 434 218 275
91 12 248 432 218 275
86 1 248 175
528 545 218 281 219 79
91 13 219 67 218 290
519 87 22 532
519 88 21 382 218 275 219 70
86 43 1 187 218 276
85 35 580 218 284
516 85 23 248 104 218 535
515 90 7 248 375 218 288
88 43 25 389 315 218 276
85 43 5 248 106 218 275
517 86 1 149 214 2 208
92 649 475 263
90 43 412 365
87 50 570 218 535
91 12 466 218 280
87 13 219 64 218 281
84 19 217 284 219 79 218 366
515 84 4 622 218 274 219 69
91 19 217 275 219 66 218 425
87 19 217 288 219 71 218 422
90 43 412 584
88 12 440 218 280
90 43 49 370 214 2 210 95
84 649 494 264
518 85 49 248 382 218 275
92 649 476 260
92 43 248 107 95
91 649 491 263
84 650 260 218 290
86 19 217 279 218 354
92 43 248 350 95
87 43 49 375 218 284
88 43 36 353
88 58 620 218 533
90 19 217 275 218 423
92 4 647 219 66 218 281
514 455 218 281
86 43 58 612 218 535
518 92 14 561
92 43 418 375
85 4 351 219 64
91 4 217 640 219 69
87 19 217 290 219 70 218 431
86 43 35 248 579 218 289
92 25 248 392
87 7 375 218 288
87 649 508 268
517 90 21 382 218 275 219 79
518 454 218 288
515 87 50 391 218 283
519 84 21 371 218 275 219 79
91 19 217 284 219 68 218 358
90 4 638 219 78 218 279
92 35 570 218 280
91 43 248 105 95
513 85 14 617
91 4 353 219 71
87 12 463 218 290
92 12 464 218 280
513 92 23 248 120 218 532
519 92 11 248 296 218 534
84 43 22 248 541 218 274
87 4 624 219 71 218 276
87 43 408 614
90 12 469 218 281
518 86 1 176 214 2 211
90 43 412 102
86 4 217 634 219 64
90 19 217 288 219 67 218 431
91 35 576 218 289
85 11 248 399
90 35 579 218 289
524 560 218 276 219 69
516 457 218 279
87 43 4 643 214 2 213 95
515 84 1 187 214 2 209
88 653 33 261 218 290
90 4 356 218 279
85 43 412 203
84 4 370 219 64
85 1 182 214 2 205 218 288
515 84 12 332 218 275
84 649 510 264
85 13 219 68 218 289
86 19 217 274 219 69 218 354
88 6 248 371 218 275
516 88 23 104 218 275
85 651 33 262 218 288
90 649 506 262
84 1 150 214 2 210 218 280
518 85 14 616
88 49 248 372
90 43 25 248 172 218 290
87 650 261 218 284
90 43 22 121
90 1 181 214 2 213 218 284
87 12 467 218 284
515 87 1 181 214 2 204
86 12 464 218 280
92 43 50 604
88 650 260 218 289
87 4 362 219 72
86 1 176 214 2 208 218 276
518 85 1 190 214 2 203
85 12 470 218 290
88 49 248 354
85 4 217 640 219 71
90 43 23 248 104 218 275
90 43 6 248 382 218 274
85 7 130 218 275
88 58 248 607
514 88 1 248 186 218 275
86 43 2 213
87 4 634 219 66 218 280
88 13 219 67 218 288
88 43 408 389
86 43 406 125
515 84 1 187 218 274 219 68
517 92 1 177 218 274
88 43 36 124 218 274
91 652 33 261 218 284
90 19 217 281 218 426
514 444 218 281
90 650 265 218 288
88 24 248 105
85 4 217 639 219 68
513 85 1 184 214 2 210
86 43 7 137 214 2 212 95
515 91 25 248 387 218 290
87 6 248 371
516 451 218 274
90 19 217 276 219 72 218 431
84 43 415 202
515 458 218 275
518 86 21 383 218 275 219 71
88 4 626 219 67 218 279
85 43 7 248 375 218 275
85 1 185 214 2 212 218 276
90 650 265 218 289
86 19 217 289 219 71 218 358
87 22 248 125
90 43 248 105 95
85 4 217 633 219 70
86 19 217 275 219 65 218 354
519 92 21 130 218 275 219 71
86 19 217 274 219 70 218 358
85 43 24 111 214 2 202 95
90 4 217 626 219 67
521 545 218 290 219 79
87 649 476 273
92 35 581 218 288
86 1 176 214 2 213 218 281
84 12 469 218 279
91 35 579 218 274
92 4 354 219 69
92 1 185 214 2 213 218 275
85 649 501 273
92 43 36 385 214 2 210 95
516 87 35 432
91 13 219 66 218 288
86 43 4 624
517 84 1 182 214 2 203
92 4 366 219 64
90 43 1 154 214 2 205 95
86 11 400 218 535
88 58 614 218 274
513 84 21 374 218 275 219 68
84 43 2 208 218 275
91 4 639 219 66 218 288
88 12 473 218 280
91 43 49 617 214 2 210 95
513 88 6 382 218 288 219 70
517 88 21 382 218 275 219 78
513 85 58 603 218 274 219 79
90 652 33 265 218 274
85 43 408 372
86 36 248 381
514 444 218 274
86 4 217 624 219 79
513 85 22 148 218 275
88 4 640 219 72 218 276
85 1 182 214 2 210 218 274
514 86 4 639
513 86 22 248 104 218 533
88 43 248 399 95
92 43 410 570
234 296 54 218 289
86 12 464 218 279
86 49 248 391 218 284
90 43 6 137 214 2 202 95
92 35 575 218 284
86 4 365 219 69
87 650 263 218 274
234 309 54 218 280
519 85 7 375
519 92 4 638 218 276
86 19 217 284 219 71 218 358
84 4 217 624 219 64
516 88 7 130 218 288 219 65
88 43 25 386 318 218 275
86 4 626 219 69 218 289
84 43 25 387 319 218 280
90 49 248 376 218 275
91 43 25 386 317 218 281
84 19 217 290 218 426
87 1 177 214 2 211 218 280
90 649 491 264
525 547 218 279 219 71
88 22 124 218 535
524 561 218 290 219 72
91 35 579 218 280
84 650 263 218 289
85 650 261 218 289
518 88 24 111
86 1 183 214 2 213 218 274
86 650 263 218 279
86 43 23 120 218 275
516 88 21 375 218 275 219 69
87 43 404 184
87 43 25 389 315 218 276
514 87 25 248 212 218 278
518 90 1 151 214 2 209
85 649 494 262
85 1 172 214 2 202 218 288
518 91 50 616
91 649 503 273
519 88 22 124 218 532
88 19 217 280 219 67 218 430
85 43 248 434 95
515 91 24 248 118 218 533
86 43 35 373
234 301 54 218 281
520 558 218 280 219 72
85 649 486 260
84 49 212 218 284
88 19 217 274 219 65 218 366
86 19 217 279 218 427
85 35 576 218 289
87 650 267 218 289
88 11 248 387
515 92 6 130 218 274
85 1 185 214 2 203 218 280
84 649 510 262
86 19 217 289 219 78 218 430
86 43 58 248 619 218 274
87 4 217 626 219 66
85 22 248 532
517 85 1 187 214 2 211
515 88 50 614
87 43 1 176 214 2 213 95
87 43 406 616
87 35 566 218 289
91 43 36 440
85 5 248 130 218 274
92 4 248 640 218 279
85 19 217 284 219 68 218 422
88 35 569 218 288
86 43 58 613 218 534
92 43 22 102 218 275
86 19 217 284 219 78 218 423
90 43 49 248 211 218 281
90 43 248 578 95
87 2 248 210
88 43 25 393 322 218 274
84 43 410 567
529 555 218 281 219 78
517 84 35 389
521 556 218 284 219 65
87 13 219 70 218 289
514 90 11 386 218 532
84 43 2 203 214 2 203 95
516 92 21 383 218 275 219 66
91 43 49 248 352 218 281
86 43 25 399 318 218 281
87 650 261 218 289
85 4 217 642 219 70
85 19 217 280 219 69 218 426
86 19 217 279 219 64 218 422
92 4 350 219 72
519 92 12 248 334 218 284
86 43 418 438
517 91 21 372 218 275 219 78
516 88 21 106 218 275 219 66
516 454 218 279
87 43 49 248 395 218 289
87 43 4 626 218 274
84 19 217 290 218 424
91 4 626 219 67 218 290
92 1 168 214 2 205 218 280
516 92 21 120 218 275 219 66
90 19 217 281 219 66 218 424
84 4 217 624 219 72
515 85 1 177 214 2 204
85 19 217 274 219 67 218 430
90 4 217 633 219 78
85 4 622 219 69 218 276
86 19 217 289 219 66 218 423
234 294 54 218 275
91 650 272 218 274
516 91 49 386
517 91 21 373 218 275 219 67
86 43 25 389 320 218 290
88 1 178 214 2 211 218 274
84 23 248 120
519 85 46 137 218 535 219 71
86 19 217 290 219 70 218 358
85 19 217 276 219 72 218 424
88 43 25 393 321 218 289
91 43 35 356
87 1 190 214 2 208 218 276
92 58 604 218 532
88 13 219 78 218 284
92 35 570 218 284
516 84 14 612 218 274 219 66
85 19 217 288 219 69 218 431
85 43 22 116 218 532
88 4 217 622 219 79
519 84 11 392 218 533
86 43 46 248 104 218 275
91 652 33 267 218 281
90 58 248 612
91 35 567 218 276
87 43 2 205 214 2 213 95
85 11 248 389
92 649 484 265
84 247 33 273 218 290
516 88 6 248 130 218 275
92 35 581 218 290
88 4 217 642 219 78
88 19 217 281 219 79 218 423
517 88 46 137
87 35 567 218 276
88 6 248 371 218 274
91 13 219 67 218 281
86 22 248 532 218 533
88 49 362 218 288
91 43 406 391
88 43 25 399 318 218 281
91 43 24 111
87 58 605 218 532
85 43 46 540 214 2 210 95
92 649 490 267
91 43 5 130 218 274
90 4 362 219 71
84 49 248 567 218 281
92 43 25 390 324 218 280
519 87 58 618 218 274 219 64
92 43 2 210 218 275
91 35 577 218 284
91 4 352 219 71
517 92 25 213 218 290 219 70
519 86 21 381 218 275 219 67
86 43 5 130 218 274
88 43 14 601 214 2 209 95
87 652 33 268 218 289
85 1 174 214 2 205 218 281
91 1 151 214 2 205 218 281
90 1 175 214 2 205 218 279
518 92 7 248 375 218 274
90 35 573 218 289
519 87 49 605 218 288 219 64
84 43 50 576 214 2 204 95
87 43 407 178
91 14 248 600 218 275
87 650 265 218 276
85 13 219 66 218 281
86 4 217 647 219 72
87 19 217 276 219 67 218 431
88 12 461 218 288
90 35 581 218 274
513 448 218 280
86 1 177 214 2 203 218 289
84 43 414 618
87 43 22 148 218 535
84 43 1 150
88 35 580 218 290
91 43 35 536 218 274
519 92 58 614 218 532
86 650 262 218 275
515 458 218 274
515 92 4 248 353 218 275
85 4 623 219 79 218 290
85 4 217 638 219 70
92 1 185 214 2 205 218 289
88 649 503 272
86 4 217 639 219 64
91 4 634 219 71 218 288
521 546 218 280 219 68
87 43 50 125 218 533
86 650 267 218 290
92 4 362 219 78
86 13 219 79 218 288
91 4 354 219 66
514 457 218 274
86 43 22 121 214 2 213 95
43 4 217 647
86 4 624 219 65 218 280
85 43 248 370 95
90 35 248 432
90 650 272 218 288
87 43 14 248 619 218 533
92 4 628 219 70 218 274
85 4 217 634 219 64
521 558 218 284 219 69
514 90 5 130 218 288
86 43 36 248 581 218 290
90 43 14 617
90 650 264 218 274
87 43 7 248 138 218 288
90 4 365 219 66
85 43 36 581 214 2 212 95
92 58 616 218 535
513 88 1 172 214 2 209
85 651 33 262 218 290
86 35 567 218 281
523 550 218 279 219 67
515 86 49 248 108 218 279
91 4 643 219 64 218 289
519 90 46 104 218 535
90 19 217 276 219 65 218 358
90 43 6 137 214 2 210 95
86 4 621 219 69 218 275
92 35 570 218 276
517 87 14 248 608 218 534
522 559 218 288 219 79
84 19 217 284 218 358
90 43 414 579
90 35 566 218 280
88 43 46 375 218 533
90 4 366 219 69
87 4 217 626 219 71
514 92 1 175 214 2 213
85 649 507 273
92 43 35 389 214 2 209 95
92 43 22 104
515 92 24 104 218 535 219 70
92 43 35 389 214 2 204 95
88 24 248 120
515 90 1 178 214 2 211
86 35 248 384 218 274
92 35 577 218 276
84 13 219 72 218 274
91 4 368 219 70
516 448 218 275
87 649 485 263
86 650 261 218 289
92 4 638 219 66 218 279
92 43 4 248 354 218 276
92 43 25 384 331 218 281
519 88 1 154 214 2 205
92 35 575 218 279
84 4 217 633 219 64
92 649 475 262
85 4 217 622 219 69
92 649 487 269
86 4 217 633 219 68
86 43 36 353
84 43 23 118
88 35 372 218 284
85 19 217 289 219 71 218 431
514 87 1 182 214 2 203
88 653 33 264 218 275
88 19 217 275 219 69 218 427
85 11 399 218 532
85 4 352 219 66
519 85 21 373 218 275 219 70
86 43 414 586
84 19 217 284 218 354
92 5 248 106 218 275
84 35 572 218 290
513 86 1 183 218 275 219 64
90 4 350 219 72
513 87 5 106 218 274
91 13 219 64 218 281
86 12 467 218 279
519 450 218 274
91 43 35 248 572 218 274
88 43 35 248 608 218 288
85 4 628 219 72 218 289
519 457 218 290
86 43 403 185
85 4 642 219 67 218 275
516 87 23 104 218 532 219 66
90 43 11 116 214 2 203 95
91 13 219 68 218 279
90 4 217 639 219 65
516 90 21 383 218 275 219 69
84 43 25 387 331 218 284
87 43 14 609 214 2 208 95
85 22 117 218 532
516 92 50 601
88 4 628 219 79 218 281
519 85 24 120
92 649 485 268
91 650 260 218 279
517 85 14 248 135 218 533
92 46 540 218 532
84 1 181 214 2 213 218 279
517 87 11 385
234 300 54 218 290
88 19 217 281 218 422
90 43 2 248 208 218 274
90 4 634 219 70 218 284
519 85 1 149 214 2 204
85 4 248 368
88 1 149 214 2 211 218 284
88 43 5 106 214 2 205 95
88 1 178 214 2 210 218 274
518 84 1 176 214 2 209
91 19 217 289 219 70 218 423
86 19 217 280 218 430
85 1 248 185
85 43 50 106
86 13 219 72 218 288
88 4 353 219 78
91 650 273 218 280
518 84 21 130 218 275 219 66
90 19 217 284 218 425
517 87 1 248 176 218 276
91 24 105 218 275
86 12 466 218 289
515 84 5 130
86 652 33 262 218 279
92 4 626 219 66 218 276
90 43 248 572 95
85 4 350 218 276
91 25 248 387
519 454 218 275
84 43 248 121 95
90 43 35 575 214 2 210 95
517 453 218 274
86 43 409 352
92 43 25 203 214 2 213 95
87 35 565 218 276
91 43 248 351 95
85 651 33 269 218 289
88 43 25 384 324 218 288
85 50 386 218 532
517 92 22 248 539 218 533
91 12 471 218 284
88 43 46 104 218 534
516 87 36 148 218 276 219 79
88 4 352 219 72
516 88 1 190 214 2 213
87 4 354 219 66
90 43 4 643 214 2 204 95
514 85 46 375 218 533
84 43 6 371 214 2 202 95
92 43 25 389 320 218 284
84 247 33 263 218 281
88 43 12 441 214 2 203 95
514 451 218 284
91 4 621 219 79 218 276
516 456 218 274
519 87 21 381 218 275 219 79
86 35 571 218 289
522 560 218 284 219 70
87 652 33 269 218 284
88 12 472 218 284
86 19 217 279 219 79 218 430
85 11 248 310 218 532
513 90 35 612
92 1 177 214 2 211 218 276
84 43 1 176
85 650 267 218 290
86 13 219 66 218 280
86 1 185 214 2 202 218 289
87 43 25 387 321 218 280
517 92 35 610
87 649 510 265
87 43 35 584 218 276
86 649 377 262
91 35 566 218 279
92 649 508 265
91 19 217 274 219 65 218 425
91 35 573 218 290
84 247 33 265 218 288
85 49 248 584 218 276
513 87 22 121 218 533 219 65
90 12 468 218 289
521 552 218 288 219 64
90 650 269 218 290
234 296 54 218 281
90 43 58 248 600 218 532
86 14 607 218 535
87 24 248 118 218 532
84 13 219 68 218 280
514 88 1 154 214 2 211
90 649 377 261
517 91 21 371 218 275 219 69
91 13 219 66 218 284
91 19 217 289 219 66 218 431
91 12 469 218 281
515 91 49 532 218 284
86 1 178 214 2 209 218 281
85 35 569 218 290
515 86 1 186 214 2 210
92 43 407 589
91 43 248 620 95
90 4 350 219 68
90 5 248 106 218 288
87 4 639 219 78 218 276
91 4 626 219 67 218 280
90 4 642 219 69 218 275
92 43 248 390 95
513 91 21 382 218 275 219 68
86 43 11 391
84 1 190 214 2 208 218 276
518 87 21 383 218 275 219 68
519 91 11 390 218 535 219 68
91 58 603 218 533
85 650 260 218 289
87 43 421 578
86 4 248 627 218 275
87 1 187 218 284
519 92 21 383 218 275 219 69
518 92 50 248 389 218 532
91 4 217 643 219 71
91 1 187 214 2 202 218 280
91 43 5 248 106 218 275
86 649 497 265
85 43 408 174
515 92 35 146 218 288 219 70
84 25 149 218 278
90 19 217 275 219 72 218 427
92 12 471 218 280
518 90 25 384 218 290
88 19 217 279 219 69 218 430
85 43 49 248 385 218 284
91 12 467 218 274
514 88 21 374 218 275 219 66
513 87 21 130 218 275 219 71
86 35 572 218 288
92 652 33 263 218 281
92 43 11 391 218 533
88 649 474 269
513 87 11 388 218 534 219 72
91 43 46 248 540 218 275
88 1 174 214 2 202 218 279
84 43 417 178
517 90 1 154 214 2 204
84 4 354 219 79
92 11 400 218 274
87 19 217 284 218 366
521 548 218 281 219 68
523 547 218 276 219 70
91 4 627 219 78 218 289
87 652 33 273 218 274
88 43 35 248 146 218 288
515 87 11 248 296 218 274
518 451 218 274
88 649 494 272
87 12 463 218 279
515 91 21 379 218 275 219 78
517 88 21 120 218 275 219 69
91 43 24 248 118 218 534
516 86 12 332 218 276
86 4 621 219 79 218 275
84 1 150 214 2 212 218 289
91 5 371 218 288
519 90 1 178 214 2 209
516 84 11 395 218 534
87 12 464 218 290
517 92 21 383 218 275 219 79
88 1 190 218 276
86 24 248 105
87 43 417 106
516 455 218 275
234 295 54 218 276
92 2 248 211 218 275
84 43 25 397 318 218 290
90 652 33 273 218 281
84 43 50 381
85 12 465 218 274
85 4 638 219 68 218 288
85 25 205 218 290
90 4 354 219 64
516 457 218 290
517 86 25 248 392 218 278
85 43 406 209
514 86 12 348
84 43 25 400 331 218 289
85 1 154 214 2 210 218 280
87 1 190 214 2 204 218 281
84 19 217 274 218 431
513 85 12 248 332 218 288
88 43 410 580
523 557 218 280 219 79
84 43 6 382 214 2 202 95
92 43 23 248 111 218 274
525 563 218 289 219 72
88 653 33 273 218 276
513 84 14 248 608 218 276
90 43 248 372 95
84 12 333 218 288
86 19 217 275 219 66 218 427
517 92 14 614
86 35 571 218 290
85 1 154 214 2 203 218 284
87 43 7 130 218 275
92 4 643 219 71 218 275
516 90 49 618
84 35 573 218 279
85 651 33 267 218 288
234 304 54 218 275
517 86 1 168 214 2 212
84 35 565 218 275
518 446 218 279
528 562 218 284 219 69
513 457 218 279
516 91 49 174 218 284 219 66
88 25 248 204 218 290
91 650 264 218 288
84 24 118 218 535
92 43 22 536 214 2 212 95
84 1 248 178
514 452 218 289
86 649 477 273
84 43 5 106 214 2 209 95
516 452 218 280
516 91 24 248 118 218 535
234 312 54 218 279
91 4 248 365 218 275
88 2 209 218 276
87 43 248 120 95
84 43 46 248 137 218 532
86 1 182 214 2 203 218 289
85 12 466 218 279
513 88 21 106 218 275 219 72
86 652 33 262 218 290
86 12 473 218 276
514 84 22 248 538 218 274
91 650 272 218 289
91 58 248 611
85 19 217 275 219 64 218 422
85 4 626 219 78 218 288
85 4 623 219 70 218 279
90 19 217 276 219 72 218 426
85 36 584 218 281
527 552 218 276 219 65
92 43 25 399 319 218 284
91 1 178 214 2 210 218 288
90 35 581 218 284
529 543 218 290 219 70
86 11 248 116
85 43 25 397 320 218 275
517 90 1 184 214 2 202
92 36 248 105 218 276
87 12 467 218 276
87 19 217 279 218 427
92 650 272 218 281
90 11 296 218 532
90 43 2 203 214 2 212 95
520 544 218 289 219 67
90 43 25 388 319 218 279
513 90 2 248 202 218 284
516 88 1 186 214 2 208
515 88 58 610 218 274 219 64
91 43 11 388
84 12 108 218 276
514 90 1 178 218 276
519 88 21 374 218 275 219 68
514 84 21 373 218 275 219 65
92 35 568 218 281
530 562 218 281 219 67
88 43 12 248 375 218 289
91 4 248 639
92 35 567 218 288
87 35 580 218 275
514 86 4 621
90 4 248 621
515 85 46 248 375 218 533
92 13 219 79 218 275
85 35 568 218 279
85 43 25 390 321 218 290
84 43 25 395 316 218 288
85 43 4 248 362 218 274
88 43 25 395 218 278
516 91 14 601
86 43 58 618
92 43 403 382
86 43 24 248 111 218 274
84 14 248 602 218 275
514 84 1 174 214 2 208
84 12 460 218 279
87 43 410 204
90 43 35 248 107 218 274
513 87 12 335 218 288
86 4 354 219 70
85 35 568 218 281
531 553 218 288 219 68
516 92 21 376 218 275 219 79
85 13 219 66 218 280
518 92 58 248 615 218 274
515 85 5 106
90 12 248 432 218 281
516 84 12 442
90 12 468 218 288
518 90 7 375 218 274
85 4 624 219 79 218 281
87 1 168 214 2 212 218 289
234 386 650 331
518 91 25 387
90 1 190 214 2 202 218 281
86 43 25 399 331 218 288
86 4 621 219 66 218 289
84 649 506 261
86 649 482 267
517 88 21 371 218 275 219 71
90 43 49 441 214 2 213 95
86 649 492 268
90 43 415 181
518 90 6 248 371 218 275
84 35 568 218 275
519 90 46 104 218 533
514 90 21 373 218 275 219 78
86 43 11 248 388 218 534
519 88 1 174 218 284 219 71
91 36 566 218 275
234 387 650 316
84 11 248 400
84 4 639 219 66 218 279
513 91 58 611 218 274
85 1 151 214 2 212 218 289
515 86 24 120
92 43 35 368 214 2 210 95
91 1 248 177
85 649 484 261
87 43 50 581 214 2 204 95
87 43 46 248 375 218 274
85 43 25 397 315 218 289
91 19 217 279 219 72 218 427
90 652 33 267 218 275
90 43 407 203
527 549 218 289 219 70
517 87 46 375 218 534 219 68
90 649 503 265
517 88 6 382
516 90 1 168 214 2 212
92 43 25 386 321 218 275
519 86 7 130 218 288
85 4 623 219 69 218 284
86 1 172 214 2 203 218 281
85 35 574 218 274
513 87 58 248 620 218 275
92 58 615 218 275
92 43 14 248 609 218 274
84 19 217 284 219 64 218 366
86 652 33 272 218 290
90 43 50 607
517 88 4 642
92 43 36 354 214 2 208 95
516 85 36 384
91 4 217 638 219 66
85 35 568 218 289
88 1 172 214 2 212 218 290
85 43 50 589
86 43 23 105 218 533
84 650 268 218 289
90 652 33 260 218 288
92 14 248 610 218 276
92 35 571 218 276
91 43 4 370 218 274
514 90 5 130 218 274
517 88 1 185 218 276 219 72
92 12 438 218 276
91 22 532 218 275
84 19 217 280 218 424
87 35 577 218 274
91 43 4 355 214 2 211 95
519 87 1 149 214 2 210
519 453 218 289
86 43 25 390 321 218 288
519 91 1 181 214 2 210
513 85 21 372 218 275 219 67
530 563 218 280 219 68
516 90 1 187 214 2 202
515 92 24 111 218 275
514 88 36 392 218 288 219 78
518 85 36 574
529 560 218 284 219 72
91 650 264 218 284
87 7 248 130 218 275
87 19 217 290 219 72 218 427
90 50 575 218 534
84 19 217 276 219 68 218 354
91 43 248 608 95
513 87 58 248 608 218 532
87 19 217 279 219 69 218 424
519 88 50 390
87 649 485 264
84 43 402 603
513 91 1 181 214 2 205
88 43 5 371 214 2 204 95
86 19 217 290 219 71 218 423
515 90 46 540 218 534
92 43 7 248 130 218 288
90 649 485 261
84 43 248 356 95
92 43 248 615 95
84 13 219 65 218 274
90 1 176 214 2 209 218 289
90 43 248 619 95
86 50 384 218 274
90 652 33 269 218 289
88 35 581 218 276
513 86 25 248 355 218 290
85 43 418 107
531 562 218 281 219 66
84 43 46 375 218 275
88 6 371 218 275
86 35 576 218 290
88 4 642 219 69 218 288
518 87 1 176 214 2 210
514 87 1 154 214 2 208
86 49 172 218 280
87 650 267 218 276
91 4 634 219 64 218 281
91 2 248 208
514 90 21 381 218 275 219 67
516 87 36 124
86 4 622 219 70 218 279
518 86 6 248 130 218 274
91 19 217 279 219 72 218 424
87 7 248 375
516 87 21 373 218 275 219 68
86 35 248 384
517 454 218 290
513 90 21 383 218 275 219 68
523 561 218 281 219 65
518 90 24 120 218 534 219 72
513 85 21 379 218 275 219 71
88 43 36 248 351 218 276
87 19 217 289 219 79 218 423
516 92 21 383 218 275 219 71
92 43 25 389 316 218 288
87 650 273 218 276
88 43 6 382 214 2 212 95
517 87 1 175 214 2 212
517 92 11 116
519 86 1 185 214 2 213
516 88 14 610 218 275
84 4 355 219 71
516 85 25 390
513 84 1 150 214 2 209
92 19 217 288 219 69 218 354
514 84 22 248 104 218 535
92 12 443 218 288
524 555 218 284 219 72
88 4 217 633 219 65
88 43 11 386
92 50 612 218 533
88 649 486 267
84 19 217 274 219 66 218 423
92 12 466 218 274
87 4 639 219 70 218 274
521 546 218 275 219 64
91 19 217 276 219 78 218 425
91 43 49 541 214 2 202 95
518 86 1 150 214 2 204
517 92 5 371
514 87 36 606 218 280
85 649 504 265
90 4 647 219 66 218 274
517 91 11 390 218 534 219 68
519 85 21 382 218 275 219 70
88 43 46 540 214 2 213 95
85 19 217 290 218 431
86 43 248 539 95
91 43 417 376
91 35 620 218 276
91 1 183 214 2 202 218 289
517 85 21 120 218 275 219 68
88 4 621 219 66 218 279
84 12 462 218 288
234 296 54 218 275
85 13 219 64 218 284
90 650 260 218 280
90 4 626 219 66 218 289
518 87 1 151 218 275 219 78
87 43 5 248 106 218 275
84 43 4 628 214 2 210 95
234 296 54 218 284
518 86 6 248 382 218 275
91 43 421 102
85 43 4 248 634 218 275
90 43 25 385 323 218 280
91 1 178 214 2 212 218 279
526 555 218 284 219 65
91 24 248 120 218 533
86 650 264 218 284
91 652 33 264 218 284
517 84 5 248 106 218 275
88 43 409 355
87 4 628 219 78 218 290
514 92 12 335 218 279 219 70
91 43 14 619
85 649 475 262
516 85 21 376 218 275 219 70
518 87 50 620
90 652 33 265 218 289
514 85 21 106 218 275 219 64
91 1 178 214 2 211 218 279
88 50 125 218 283
513 92 5 371 218 288 219 68
514 86 6 137 218 275 219 78
84 12 248 440 218 284
91 43 7 137 214 2 213 95
92 12 464 218 276
514 91 1 176 214 2 211
90 649 492 273
519 458 218 280
234 308 54 218 276
92 19 217 284 218 358
517 447 218 289
514 86 1 172 214 2 211
88 649 494 265
88 4 355 219 72
84 2 248 212 218 274
515 85 6 382 218 274 219 68
517 86 36 248 573 218 279
92 4 624 219 71 218 275
514 90 7 375 218 288 219 78
518 84 22 541 218 275 219 79
515 452 218 274
514 84 24 248 104 218 535
84 23 111 218 534
91 11 248 384 218 533
85 25 366 218 278
516 91 2 205
88 4 624 219 65 218 279
515 452 218 280
84 4 366 219 64
84 1 175 214 2 202 218 288
92 4 217 626 219 72
529 563 218 276 219 65
518 91 1 186 218 276
87 35 580 218 274
516 92 21 382 218 275 219 71
519 84 24 104 218 534 219 64
234 384 650 319
85 43 50 569 214 2 213 95
92 13 219 67 218 289
514 86 23 111
514 90 14 604 218 532 219 78
86 35 568 218 284
86 35 570 218 281
84 4 352 219 64
516 85 24 248 104 218 533
87 1 178 214 2 204 218 275
92 49 389 218 279
88 4 370 219 70
88 653 33 265 218 281
91 43 406 212
87 43 35 248 368 218 276
87 12 468 218 275
87 25 248 388
519 457 218 275
88 36 581 218 289
86 43 49 618
92 43 409 616
514 445 218 276
91 13 219 72 218 281
87 1 187 214 2 212 218 281
90 43 35 248 125 218 281
515 91 14 603
86 1 188 214 2 209 218 289
90 23 248 120
519 446 218 284
84 43 24 248 118 218 275
515 444 218 276
85 43 1 151
85 43 6 248 382 218 275
518 87 5 371
84 36 248 532
92 4 642 219 68 218 276
90 4 626 219 78 218 276
88 649 486 261
90 49 248 104 218 290
85 4 623 219 70 218 290
87 35 574 218 289
518 91 1 185 214 2 203
517 91 21 120 218 275 219 65
88 19 217 279 219 78 218 427
91 43 22 248 125 218 275
518 87 1 176 214 2 212
85 58 248 620
519 91 22 248 116 218 534
513 457 218 276
91 7 138 218 288
84 12 470 218 275
92 4 351 219 64
86 43 25 178
90 43 22 103 214 2 209 95
513 449 218 275
87 4 628 219 67 218 276
88 1 190 214 2 210 218 280
84 22 248 102
88 43 36 355 214 2 208 95
519 88 46 137
88 4 642 219 70 218 274
92 43 1 154
516 84 7 130 218 288 219 66
90 1 183 214 2 204 218 276
90 43 23 248 111 218 534
91 4 355 219 70
85 4 621 219 69 218 288
516 86 1 149 214 2 203
88 43 25 399 319 218 279
92 4 627 218 274
87 35 577 218 288
91 43 25 392 316 218 290
85 5 371 218 288
90 19 217 280 219 72 218 426
90 35 566 218 276
92 35 568 218 279
86 4 643 219 66 218 288
234 395 650 321
519 85 21 373 218 275 219 64
84 4 353 219 65
517 457 218 279
514 92 5 130 218 275 219 79
234 297 54 218 288
519 84 5 130
519 84 11 116
88 35 574 218 284
90 4 217 624 219 78
92 19 217 280 219 67 218 366
92 1 151 214 2 208 218 284
85 12 473 218 289
88 19 217 290 219 67 218 354
85 13 219 70 218 289
529 553 218 284 219 66
85 43 24 118
515 86 35 373 218 289
90 43 35 248 574 218 276
519 84 50 599 218 283 219 70
521 556 218 275 219 72
85 43 24 118 218 532
84 35 571 218 290
84 650 268 218 275
85 35 566 218 284
92 36 248 620 218 289
84 12 467 218 279
84 650 262 218 290
87 1 248 183
518 92 11 248 395 218 533
84 12 462 218 280
516 92 46 540
92 4 370 219 68
515 85 21 373 218 275 219 70
518 88 58 603 218 533 219 79
92 14 248 610
84 6 248 371
92 4 621 219 67 218 276
519 85 24 104 218 532 219 71
90 19 217 275 219 66 218 424
85 1 181 214 2 203 218 276
92 13 219 68 218 289
87 4 353 219 78
87 13 219 78 218 280
92 49 212 218 276
86 43 4 248 362 218 275
527 559 218 284 219 66
91 46 137 218 532
85 36 105 218 274
87 43 7 130 214 2 212 95
84 4 640 219 69 218 290
516 86 1 175 214 2 209
91 43 49 539 218 288
91 4 217 623 219 66
92 4 217 634 219 68
87 1 177 214 2 203 218 284
518 91 1 150
516 87 1 178 214 2 203
88 4 370 219 67
86 19 217 275 218 424
86 43 5 106
88 22 125 218 274
87 43 5 371 214 2 209 95
88 43 24 118 218 534
514 85 21 376 218 275 219 65
92 649 489 260
87 649 506 263
90 35 126 218 284
91 7 138 218 274
523 554 218 289 219 79
87 43 25 386 323 218 276
85 19 217 284 218 366
92 1 184 214 2 203 218 275
525 560 218 290 219 64
90 43 35 579 218 274
90 1 182 214 2 202 218 290
91 43 14 248 603 218 533
91 43 58 615 214 2 204 95
516 88 1 176 214 2 209
85 649 479 269
85 24 248 105 218 275
87 43 14 603 218 274
88 7 248 138
85 43 23 118
88 35 569 218 284
86 43 25 174 218 290
85 4 366 219 78
86 4 217 643 219 66
86 19 217 280 219 70 218 431
515 84 21 120 218 275 219 67
84 1 149 214 2 213 218 276
519 455 218 289
85 43 415 542
86 652 33 264 218 276
85 43 406 599
86 43 46 248 104 218 535
514 87 50 248 575 218 532
514 84 22 539 218 533 219 70
519 91 7 137
88 43 412 620
517 87 24 118 218 532
92 43 25 395 316 218 280
518 456 218 289
517 85 14 610 218 534 219 78
91 649 496 261
234 385 650 331
84 4 643 219 70 218 281
85 19 217 284 219 65 218 430
91 43 50 355 214 2 211 95
91 1 168 214 2 209 218 290
84 43 12 333 214 2 209 95
523 543 218 274 219 64
87 43 25 392 319 218 274
86 13 219 66 218 276
514 92 21 379 218 275 219 69
518 90 1 183 214 2 212
91 1 183 214 2 205 218 288
90 19 217 276 218 422
88 2 212 218 284
92 4 621 219 72 218 276
514 455 218 276
517 90 21 130 218 275 219 71
517 88 22 539 218 275
516 84 25 387 218 278 219 67
519 92 4 370
92 43 50 389 214 2 208 95
92 12 460 218 274
91 650 269 218 279
90 1 168 214 2 204 218 290
519 85 21 106 218 275 219 67
87 43 403 104
91 650 268 218 290
234 400 650 320
88 11 248 385
85 651 33 260 218 276
91 43 403 350
517 88 11 248 385 218 535
87 43 25 183
90 43 36 571 214 2 210 95
86 4 642 219 65 218 274
91 12 467 218 288
85 650 272 218 288
85 651 33 264 218 274
90 43 25 385 315 218 281
91 1 172 214 2 209 218 276
87 5 371 218 288
85 649 509 263
92 12 471 218 275
234 387 650 315
90 43 248 581 95
84 43 12 434 214 2 210 95
516 84 58 600 218 535
514 85 25 203 218 278 219 71
86 35 573 218 281
516 92 1 181 214 2 205
92 13 219 64 218 274
86 43 6 130 214 2 204 95
519 84 14 620 218 532 219 67
90 4 642 219 68 218 288
514 457 218 281
514 91 14 248 602 218 534
514 90 4 643 218 276 219 64
85 43 248 578 95
87 43 25 393 218 290
514 90 24 248 105 218 274
515 86 2 205 218 284 219 69
91 652 33 268 218 290
514 86 2 213 218 274
90 4 217 626 219 66
91 1 174 214 2 203 218 288
92 35 572 218 281
84 247 33 269 218 288
90 649 501 261
90 35 388 218 281
91 43 1 248 172 218 284
92 43 407 186
85 12 466 218 276
86 650 262 218 280
87 1 183 214 2 204 218 281
92 4 217 639 219 65
88 43 25 393 320 218 290
85 43 58 248 609 218 535
88 43 49 384 218 276
523 552 218 279 219 71
85 35 575 218 284
518 88 6 130 218 275 219 68
88 4 217 647 219 78
91 4 621 219 67 218 281
87 43 1 150
87 652 33 262 218 279
85 4 627 219 68 218 281
521 563 218 280 219 79
92 650 267 218 281
92 4 217 647 219 65
86 649 474 261
87 4 643 219 72 218 279
90 43 406 440
516 84 1 177 214 2 213
43 4 217 642
514 91 36 366
85 43 410 102
88 12 461 218 279
86 1 172 214 2 205 218 288
92 13 219 68 218 276
85 43 412 606
88 43 248 353 95
87 652 33 268 218 288
518 84 21 375 218 275 219 78
87 43 2 203 214 2 202 95
90 49 375 218 276
88 649 509 267
514 84 35 248 397 218 284
90 13 219 69 218 288
91 43 248 388 95
92 1 184 214 2 212 218 279
517 91 6 382
515 91 21 120 218 275 219 79
88 4 368 219 79
87 1 177 214 2 209 218 281
523 549 218 275 219 71
513 84 1 150 218 274 219 66
92 652 33 264 218 284
529 557 218 290 219 71
85 19 217 279 219 78 218 354
514 85 24 104 218 275 219 71
88 12 468 218 279
91 1 149 214 2 204 218 284
513 454 218 275
88 653 33 261 218 276
88 43 25 248 185 218 290
92 1 187 214 2 202 218 284
92 12 461 218 284
85 19 217 279 218 431
88 43 22 248 126 218 533
513 92 6 130 218 275
90 43 12 432 214 2 212 95
90 43 50 125 214 2 212 95
519 85 25 248 185 218 278
91 43 49 597 214 2 210 95
88 4 642 219 65 218 275
91 650 267 218 274
92 4 354 219 64
91 4 633 219 66 218 289
92 43 5 371 214 2 210 95
86 35 565 218 275
90 12 464 218 279
91 43 248 583 95
514 458 218 281
85 43 36 605 218 290
514 87 12 147 218 284
88 35 248 574
88 4 639 219 65 218 279
519 87 14 604
92 7 248 375 218 275
85 12 470 218 284
88 4 626 219 66 218 279
84 649 495 261
86 7 375 218 288
87 43 2 209 214 2 210 95
85 43 14 248 600 218 534
514 87 2 210 218 276 219 64
84 12 470 218 289
92 43 248 610 95
87 4 365 218 274
87 12 248 332 218 284
43 4 217 628
86 7 248 138 218 288
84 35 580 218 280
513 88 21 381 218 275 219 69
87 4 365 219 69
90 4 633 219 71 218 288
91 43 50 384 214 2 213 95
90 13 219 71 218 290
518 87 50 248 611 218 274
88 1 184 214 2 203 218 279
90 43 25 395 319 218 275
92 2 212 218 275
513 92 21 381 218 275 219 78
91 35 568 218 275
87 1 187 214 2 202 218 280
518 85 35 368
88 19 217 284 219 78 218 426
86 43 1 178 218 275
84 19 217 275 218 422
519 449 218 274
92 43 11 248 393 218 533
85 19 217 289 219 70 218 430
521 550 218 274 219 72
87 649 498 269
90 43 22 375 214 2 210 95
90 43 25 386 323 218 276
91 43 22 539 218 534
85 650 267 218 288
86 43 23 120 218 533
515 91 1 154 218 275
87 4 217 638 219 66
88 653 33 268 218 284
86 22 248 536
88 653 33 264 218 280
518 90 21 381 218 275 219 64
514 86 49 248 178 218 289
88 43 5 371 214 2 210 95
518 84 22 248 104 218 534
84 1 149 214 2 213 218 288
84 43 12 248 335 218 279
515 86 1 168 214 2 213
87 22 126 218 274
86 14 602 218 534
519 84 1 184 214 2 202
515 91 1 168 214 2 205
92 23 248 111
87 12 469 218 280
90 49 248 587
87 43 23 105 218 275
84 43 404 366
514 91 1 174 214 2 205
90 43 23 111
84 43 25 391 321 218 281
90 649 483 264
92 12 472 218 280
86 1 151 214 2 203 218 275
92 650 268 218 276
519 92 1 174 214 2 212
91 13 219 79 218 280
91 43 248 539 95
86 650 267 218 275
84 35 570 218 289
92 4 634 219 69 218 280
90 24 104 218 274
87 12 432 218 281
516 85 11 397 218 274 219 66
87 43 413 571
84 43 36 248 381 218 290
87 19 217 275 219 64 218 423
516 90 1 248 174 218 276
86 43 25 393 320 218 276
515 84 12 348 218 289
88 43 412 577
84 25 248 177 218 290
85 22 248 538 218 275
91 35 579 218 275
90 43 5 371 218 288
524 554 218 289 219 72
513 88 1 177 214 2 208
85 19 217 280 218 425
92 4 356 219 71
92 19 217 280 219 72 218 423
86 19 217 284 219 69 218 423
92 43 6 371 218 288
88 12 465 218 281
91 649 496 263
518 87 24 104 218 275 219 69
85 43 406 399
86 14 248 604 218 276
84 43 248 397 95
85 35 567 218 279
84 4 217 647 219 66
85 4 370 219 78
86 43 407 107
514 455 218 280
88 13 219 68 218 274
88 43 49 248 583 218 289
519 85 21 106 218 275 219 66
85 4 634 219 68 218 289
87 43 409 186
88 4 248 350 218 276
519 88 11 248 117 218 534
88 12 469 218 276
91 4 353 219 79
84 43 23 105
90 7 248 375
529 543 218 289 219 79
92 19 217 280 219 68 218 366
87 19 217 284 219 69 218 424
91 4 362 219 64
517 84 24 105 218 274
86 43 248 124 95
88 12 248 438
84 12 463 218 280
84 1 178 214 2 211 218 281
513 86 21 372 218 275 219 64
87 35 575 218 289
84 5 106 218 274
85 12 468 218 284
531 551 218 274 219 67
91 19 217 289 219 65 218 358
84 58 248 618
87 43 248 439 95
92 13 219 66 218 280
85 649 489 264
528 556 218 280 219 70
86 19 217 274 218 422
90 43 58 608 214 2 212 95
88 43 248 120 95
529 558 218 279 219 70
90 19 217 275 218 366
92 4 217 634 219 71
84 1 172 214 2 213 218 289
84 43 25 248 204 218 290
91 19 217 276 218 427
518 88 21 106 218 275 219 79
516 90 21 373 218 275 219 66
518 90 21 382 218 275 219 65
88 11 117 218 534
90 43 6 371
88 19 217 284 218 426
85 23 104 218 532
92 1 174 214 2 209 218 274
514 90 4 623 218 276
92 43 248 104 95
519 87 1 175 214 2 211
513 90 23 105 218 535
518 91 4 248 624 218 276
519 86 21 120 218 275 219 67
513 92 1 248 177 218 284
84 19 217 290 219 79 218 427
514 87 1 178 214 2 208
87 19 217 288 219 68 218 425
517 91 21 373 218 275 219 65
516 90 35 248 375 218 284
91 4 370 219 70
92 43 248 599 95
517 88 1 177 214 2 212
85 35 248 103
87 13 219 65 218 281
86 4 624 219 78 218 280
88 653 33 268 218 274
86 4 639 219 64 218 289
84 43 11 392
86 35 580 218 284
85 650 268 218 275
517 91 21 379 218 275 219 71
85 19 217 279 219 65 218 424
519 446 218 279
85 4 626 219 79 218 279
85 43 405 379
92 35 570 218 279
92 43 50 570
90 43 49 154
87 43 25 399 320 218 281
87 650 262 218 281
91 4 217 634 219 67
517 92 21 383 218 275 219 64
87 652 33 273 218 289
519 92 11 248 389 218 533
234 392 650 315
514 87 46 248 375 218 275
87 650 272 218 279
87 43 49 393
84 43 25 385 323 218 276
87 6 137 218 288
87 12 473 218 279
87 4 248 370 218 274
84 13 219 78 218 281
513 86 50 438 218 533 219 71
87 650 268 218 284
91 43 22 121 218 535
92 35 565 218 275
87 4 370 219 70
88 4 217 621 219 78
518 88 1 151 214 2 204
518 88 1 188
85 650 273 218 281
87 35 575 218 284
515 87 2 248 202 218 276
519 86 49 353
86 649 477 264
86 43 248 442 95
516 84 1 151 218 284 219 69
515 84 49 583
85 4 355 219 70
85 4 621 219 70 218 274
90 6 382 218 288
87 43 248 597 95
90 652 33 267 218 281
86 1 149 214 2 208 218 290
88 36 248 352
91 43 25 389 323 218 289
85 12 465 218 290
517 84 23 248 111 218 275
86 35 568 218 288
87 12 462 218 275
92 4 362 218 279
87 43 407 212
516 84 1 248 154 218 275
84 43 414 213
86 4 623 219 68 218 274
85 650 260 218 279
90 14 609 218 534
88 43 404 385
85 19 217 281 218 425
86 1 149 214 2 212 218 290
91 19 217 280 218 427
90 35 576 218 290
518 88 1 149 214 2 208
516 453 218 290
531 551 218 290 219 64
524 564 218 284 219 71
88 12 473 218 275
86 43 46 104
86 4 217 642 219 72
517 85 49 204 218 280
518 91 23 104
90 43 23 248 118 218 533
92 43 5 106
84 4 626 219 72 218 290
84 43 50 125 214 2 213 95
90 43 5 106 214 2 211 95
92 35 569 218 274
92 43 408 600
90 43 248 577 95
86 4 351 219 70
91 35 248 613
85 4 639 219 66 218 281
514 90 21 120 218 275 219 66
526 543 218 274 219 70
88 1 176 214 2 213 218 284
90 652 33 272 218 275
87 43 248 356 95
85 43 22 536
85 4 627 219 78 218 289
85 24 104 218 534
84 12 349 218 280
516 88 2 205 218 274
86 12 462 218 288
87 12 459 218 288
513 90 1 174 214 2 213
519 85 58 606 218 535 219 78
90 1 184 214 2 211 218 275
87 12 471 218 276
516 87 21 379 218 275 219 68
85 651 33 263 218 274
85 49 248 154
517 85 5 106
519 92 50 362 218 533
88 43 12 432
92 43 14 602 218 532
85 4 623 219 65 218 288
84 19 217 280 219 72 218 354
87 25 248 203
91 35 397 218 279
90 12 464 218 276
515 92 1 190 214 2 213
92 13 219 65 218 279
90 650 272 218 279
85 19 217 289 219 66 218 424
86 12 462 218 290
91 1 175 214 2 203 218 284
84 43 25 393 323 218 275
514 88 58 600 218 535
87 649 482 265
234 389 650 319
519 90 24 105 218 535 219 66
84 19 217 279 218 425
88 43 248 397 95
86 1 150 214 2 205 218 288
86 43 248 368 95
88 12 462 218 290
84 4 368 219 71
84 22 248 103
88 4 353 219 68
91 4 633 219 72 218 280
90 43 409 601
514 84 14 248 601 218 274
84 43 248 382 95
85 35 571 218 284
91 649 501 273
91 43 405 597
86 652 33 272 218 275
91 43 404 617
84 4 643 219 78 218 288
91 43 22 124 218 533
90 43 25 400 321 218 284
90 12 459 218 290
86 12 462 218 280
90 43 248 539 95
92 35 573 218 275
234 386 650 323
90 1 178 214 2 208 218 279
87 649 496 269
90 12 340 218 290
88 649 478 263
85 43 6 130 214 2 211 95
513 84 1 187
517 90 21 106 218 275 219 78
516 84 1 149 214 2 208
515 449 218 275
91 4 350 219 68
84 43 12 146 214 2 203 95
84 4 622 219 66 218 275
85 13 219 68 218 288
92 652 33 262 218 275
92 43 248 441 95
85 4 642 219 64 218 281
87 43 25 388 317 218 290
518 84 21 371 218 275 219 79
514 87 1 190 214 2 203
234 301 54 218 280
84 247 33 267 218 281
85 58 248 606
86 2 205 218 284
90 652 33 261 218 274
85 43 7 248 138 218 275
518 446 218 288
90 43 36 248 392 218 288
517 84 1 177 214 2 205
91 650 265 218 288
85 1 248 181
518 450 218 275
88 43 248 541 95
92 12 460 218 288
87 25 176 218 290
87 649 512 261
519 88 5 371 218 288 219 69
516 452 218 276
520 564 218 281 219 67
513 455 218 274
85 43 23 111
514 88 12 107
87 5 130 218 288
91 58 248 608
86 13 219 72 218 280
84 19 217 274 219 71 218 358
90 43 12 108
84 43 248 108 95
92 4 627 219 78 218 284
519 450 218 284
519 87 36 439 218 288 219 78
85 43 4 642 218 274
90 43 248 388 95
90 12 248 442
91 43 248 107 95
92 6 248 371 218 274
85 14 608 218 275
84 19 217 289 219 71 218 430
92 1 168 214 2 205 218 281
92 652 33 262 218 290
514 87 25 151 218 290 219 71
514 87 22 105
513 91 5 106 218 288 219 66
92 43 25 385 322 218 289
87 4 217 621 219 69
84 58 614 218 535
86 24 104 218 275
90 43 417 177
85 1 248 178
91 4 624 219 69 218 290
514 92 46 104
516 91 1 177 214 2 213
92 35 575 218 281
88 13 219 72 218 274
88 58 248 610
517 86 7 248 375 218 274
87 43 25 208
92 43 248 362 95
91 11 399 218 534
87 4 354 219 68
514 86 24 105 218 274
92 649 501 260
514 88 58 614 218 534
514 91 1 150 214 2 212
513 449 218 281
87 1 178 214 2 209 218 290
84 43 25 393 324 218 280
90 4 643 219 78 218 279
91 19 217 290 219 66 218 427
90 43 25 392 317 218 276
91 19 217 284 219 64 218 425
515 87 1 174 214 2 203
521 552 218 289 219 66
91 43 22 116 218 275
519 91 25 350 218 278
516 91 21 373 218 275 219 65
92 4 623 219 78 218 276
515 85 21 120 218 275 219 71
517 91 1 187 214 2 210
514 92 11 248 388 218 532
87 35 248 395 218 279
92 2 248 203
90 22 542 218 533
85 43 1 248 149 218 275
91 43 4 362 214 2 202 95
87 4 217 642 219 69
514 86 4 248 350 218 279
85 43 36 108
92 43 4 366
92 4 368 219 78
92 2 204 218 276
516 85 11 387 218 534
514 88 1 149 214 2 212
88 19 217 284 219 66 218 424
515 92 14 248 135 218 274
515 86 49 212
87 43 50 248 389 218 534
515 85 24 118
90 35 579 218 290
87 1 168 214 2 202 218 284
518 91 6 371 218 288 219 66
92 43 49 248 583 218 288
513 92 21 371 218 275 219 66
530 564 218 274 219 72
91 35 566 218 288
515 92 21 374 218 275 219 65
234 387 650 318
88 43 22 248 542 218 535
90 4 634 219 64 218 280
90 43 25 388 321 218 284
516 455 218 279
85 23 248 118
91 43 14 604 214 2 209 95
87 1 184 214 2 213 218 284
91 1 151 214 2 211 218 290
86 19 217 275 219 65 218 431
515 90 1 186 214 2 203
85 649 477 264
517 90 25 248 188 218 290
524 545 218 290 219 64
90 4 368 219 64
514 90 22 375 218 535
85 6 371 218 288
87 4 366 219 72
90 649 491 273
234 303 54 218 288
85 43 25 392 331 218 279
519 90 1 151 214 2 208
519 92 2 205 218 284
86 12 248 441 218 275
518 84 49 599 218 284 219 66
92 1 175 214 2 205 218 275
85 1 154 214 2 213 218 281
517 458 218 279
92 35 569 218 279
88 23 111 218 274
85 43 248 120 95
88 43 248 388 95
92 649 485 262
91 43 417 211
513 87 50 565 218 283 219 69
91 43 25 365 218 290
514 445 218 280
85 43 25 209 218 278
519 90 46 540 218 534
85 4 217 642 219 67
519 451 218 274
517 88 49 386 218 279 219 66
519 85 22 539 218 535
518 91 7 130
91 43 25 391 323 218 279
86 649 505 264
84 14 248 561 218 535
91 43 25 392 317 218 279
91 43 25 389 319 218 275
86 650 272 218 275
91 43 25 399 321 218 288
90 649 485 262
85 649 491 261
88 19 217 280 218 358
84 247 33 272 218 275
85 649 509 265
87 43 22 104
517 88 12 335 218 290 219 66
84 43 4 248 350 218 276
515 92 24 111 218 532 219 67
84 1 184 214 2 203 218 289
86 43 4 248 639 218 274
88 653 33 272 218 279
524 561 218 279 219 68
87 19 217 275 218 358
92 19 217 280 218 425
515 87 21 379 218 275 219 78
92 43 4 248 642 218 274
88 43 406 168
85 43 58 620 214 2 209 95
516 87 58 605 218 532
517 87 5 248 371 218 275
517 84 11 392 218 532
88 43 25 399 331 218 274
92 43 25 392 323 218 276
518 90 1 188 214 2 210
92 43 49 583 218 288
85 4 217 622 219 71
86 43 5 248 371 218 274
84 4 352 219 70
516 87 1 186 218 275 219 67
517 88 11 384
92 35 567 218 279
91 1 151 214 2 202 218 276
92 1 154 214 2 213 218 288
87 43 2 203 214 2 209 95
234 295 54 218 288
84 35 573 218 276
91 43 25 391 315 218 284
85 1 150 214 2 208 218 279
87 652 33 264 218 274
527 564 218 274 219 72
516 450 218 279
518 85 49 248 603 218 280
91 19 217 289 219 78 218 354
90 35 580 218 290
517 84 5 248 371 218 288
85 43 24 248 118 218 535
88 49 619 218 274
84 4 638 219 68 218 275
88 19 217 281 219 72 218 423
513 92 36 248 578 218 289
514 84 1 151 214 2 213
518 91 5 371 218 274 219 67
515 446 218 279
87 35 570 218 274
513 90 22 121
88 653 33 262 218 288
85 1 181 214 2 204 218 274
91 1 178 214 2 203 218 284
85 13 219 72 218 280
518 92 58 248 602 218 533
88 5 130 218 288
85 43 4 248 370 218 279
84 43 25 390 317 218 290
84 43 4 638
84 43 11 387
514 90 21 379 218 275 219 79
86 35 568 218 274
518 87 24 248 120 218 535
87 43 35 615
92 43 2 212 214 2 209 95
84 43 23 111 214 2 213 95
90 4 639 219 64 218 275
87 43 25 397 317 218 276
86 43 25 400 321 218 280
513 91 46 248 104 218 274
88 650 261 218 274
85 19 217 284 218 423
85 651 33 272 218 279
87 649 377 263
516 92 5 130 218 275
90 650 261 218 290
84 19 217 279 219 79 218 427
92 43 248 571 95
85 43 46 104
91 12 465 218 280
513 84 1 177 218 274
515 92 21 382 218 275 219 79
88 649 484 262
525 558 218 279 219 70
86 649 476 265
90 22 248 148 218 532
516 84 21 382 218 275 219 72
85 43 11 399
85 43 408 612
87 43 25 392 318 218 280
514 88 21 373 218 275 219 69
518 444 218 274
91 43 25 393 321 218 276
90 12 465 218 288
516 88 21 381 218 275 219 78
85 49 389 218 281
91 43 25 387 318 218 290
88 35 571 218 274
87 1 188 214 2 213 218 279
234 301 54 218 284
87 4 351 219 79
515 90 22 104
87 43 49 354
92 43 50 379 218 532
91 14 606 218 276
515 86 1 174 214 2 212
86 4 639 219 68 218 280
84 19 217 274 219 69 218 427
517 85 1 186 214 2 203
90 43 25 393 322 218 284
92 43 4 248 351 218 275
88 19 217 276 218 366
88 35 578 218 279
91 43 248 400 95
90 35 580 218 289
85 4 643 219 65 218 275
86 43 407 175
87 24 248 120 218 275
90 36 248 373 218 290
84 11 248 389 218 274
84 19 217 290 219 64 218 424
88 12 466 218 284
85 651 33 267 218 274
91 43 248 353 95
91 43 248 581 95
88 43 25 390 322 218 274
87 43 46 248 540 218 532
91 649 494 273
92 12 108 218 281
514 88 12 248 335 218 284
85 43 23 118 214 2 213 95
88 650 262 218 280
91 19 217 289 219 65 218 366
86 650 260 218 276
92 12 467 218 280
85 43 25 389 315 218 281
90 1 187 214 2 210 218 289
90 12 473 218 280
513 90 21 375 218 275 219 70
84 43 22 248 103 218 274
84 6 248 382 218 288
92 4 217 633 219 71
92 649 497 267
86 4 638 219 79 218 288
86 19 217 290 219 78 218 358
90 43 4 248 639 218 275
528 555 218 289 219 66
86 1 186 214 2 211 218 280
84 4 217 638 219 79
514 452 218 281
92 35 248 373 218 275
85 43 11 389 214 2 209 95
90 43 11 248 393 218 535
517 90 1 181 214 2 213
86 19 217 288 218 427
90 43 4 248 634 218 274
90 19 217 279 218 426
86 4 217 642 219 79
84 43 36 389
518 90 2 248 211 218 275
514 446 218 276
85 43 420 442
90 1 168 214 2 213 218 274
87 649 505 264
84 43 25 390 317 218 279
92 4 354 219 71
90 4 354 219 71
516 91 6 248 130 218 274
86 35 572 218 275
85 43 248 541 95
88 1 248 177
516 86 23 104 218 533
515 87 5 130 218 275 219 68
515 90 49 126 218 284
85 35 580 218 279
519 448 218 274
91 1 190 214 2 212 218 276
88 22 248 542 218 533
84 35 575 218 275
92 43 35 248 365 218 284
86 49 248 209 218 284
86 4 217 633 219 67
517 88 21 373 218 275 219 67
514 92 12 439 218 276 219 65
84 11 296 218 534
529 555 218 274 219 78
88 4 217 634 219 78
85 43 1 184 218 284
86 43 35 387 218 290
84 43 417 391
91 4 643 219 71 218 279
84 4 626 219 66 218 280
88 43 2 248 209 218 275
88 6 248 137 218 288
518 86 21 120 218 275 219 78
90 12 462 218 281
85 43 25 389 331 218 275
91 43 22 102 214 2 204 95
92 19 217 280 218 423
514 84 58 611 218 534 219 71
517 88 21 372 218 275 219 65
92 43 22 541
90 19 217 275 219 70 218 424
91 43 25 395 321 218 288
91 43 49 541
91 13 219 78 218 275
92 43 36 541 214 2 204 95
90 43 24 120
513 88 21 374 218 275 219 71
85 1 182 214 2 212 218 279
90 19 217 276 219 67 218 358
90 4 352 219 68
514 87 21 376 218 275 219 68
88 43 50 389
515 91 58 612 218 535 219 64
518 92 35 248 393 218 274
90 19 217 275 219 71 218 424
87 649 500 261
90 652 33 261 218 275
85 43 415 188
92 43 419 204
86 43 23 120 214 2 213 95
514 88 1 149 214 2 203
87 13 219 72 218 276
92 649 497 273
90 43 248 439 95
518 85 58 601 218 275 219 69
92 50 569 218 535
516 86 21 130 218 275 219 71
92 43 25 391 331 218 290
90 43 25 397 320 218 280
84 43 1 185 214 2 211 95
84 4 217 626 219 65
88 19 217 275 219 70 218 430
87 43 25 392 319 218 281
90 4 356 219 71
88 23 111 218 532
88 43 22 105 214 2 203 95
84 1 150 214 2 202 218 290
85 43 25 389 324 218 274
88 43 4 628 214 2 204 95
88 12 466 218 289
84 650 260 218 289
88 35 579 218 284
86 4 643 219 64 218 281
526 552 218 281 219 67
87 1 181 214 2 204 218 281
92 43 410 397
87 13 219 68 218 279
88 12 462 218 275
86 19 217 280 219 66 218 426
91 43 23 111 214 2 205 95
85 4 217 623 219 70
88 43 25 154 218 278
87 1 177 214 2 209 218 288
84 43 1 188 218 276
86 43 14 613 218 534
514 92 1 151 214 2 204
518 87 4 351
513 91 1 149 214 2 205
92 22 532 218 533
88 35 581 218 284
515 88 50 583 218 283
90 7 248 138
514 84 21 120 218 275 219 66
517 451 218 288
84 4 356 219 69
85 1 187 214 2 211 218 275
519 84 35 248 370 218 279
518 87 2 213 218 275
92 43 248 614 95
86 4 351 219 65
517 458 218 281
88 43 2 202
92 652 33 265 218 284
92 12 471 218 288
92 12 461 218 289
87 4 217 621 219 79
92 43 14 602 214 2 205 95
515 84 50 387
88 43 4 624 214 2 204 95
84 1 176 214 2 202 218 288
516 90 46 104
90 43 12 434 218 276
91 43 49 105 214 2 204 95
86 4 217 642 219 70
519 92 1 178 214 2 209
91 43 36 108
86 650 265 218 281
88 19 217 281 219 66 218 430
88 1 174 214 2 211 218 284
86 650 263 218 290
87 12 464 218 281
85 5 106 218 275
86 43 248 371 95
92 652 33 260 218 281
84 43 248 584 95
88 24 105 218 533
86 650 267 218 284
91 43 22 121 214 2 213 95
87 43 4 368 218 279
86 43 12 443
92 43 23 118 214 2 204 95
90 35 570 218 274
515 86 11 389
87 36 248 374
525 552 218 280 219 79
234 309 54 218 284
515 88 21 375 218 275 219 72
91 650 273 218 276
92 12 469 218 276
518 87 1 186 214 2 204
519 91 50 583 218 275 219 69
87 43 25 387 316 218 275
88 43 7 248 375 218 275
90 35 569 218 275
92 649 492 265
516 90 21 120 218 275 219 79
518 450 218 290
86 43 35 148
513 91 5 106 218 274
85 43 25 392 320 218 280
91 43 4 365 214 2 208 95
85 19 217 289 219 79 218 431
85 649 484 264
88 43 25 386 323 218 275
85 651 33 269 218 276
517 84 49 362 218 281 219 66
515 84 7 248 137 218 274
87 649 477 263
86 43 50 107 218 275
87 12 248 441
92 652 33 262 218 279
86 43 248 370 95
519 92 12 248 434 218 281
87 4 217 639 219 65
84 43 25 386 323 218 279
87 24 111 218 275
86 649 377 267
92 35 579 218 281
92 43 25 395 318 218 280
92 1 183 214 2 213 218 289
87 43 411 186
90 13 219 78 218 275
86 1 187 214 2 205 218 288
92 43 23 248 105 218 534
517 84 50 615 218 275
84 35 570 218 275
88 43 403 151
92 43 25 388 319 218 279
90 649 481 269
85 6 371 218 275
87 35 570 218 289
518 90 4 353 218 274
84 35 581 218 289
86 43 12 440
518 91 21 382 218 275 219 66
90 4 217 633 219 64
85 43 49 542 214 2 213 95
514 87 21 381 218 275 219 70
90 46 104 218 532
515 86 23 111 218 274 219 79
92 35 248 568 218 276
88 36 248 386
87 13 219 64 218 288
87 43 12 348
85 43 58 248 611 218 274
519 84 35 248 609 218 290
84 43 404 538
86 49 584 218 289
88 43 1 248 168 218 275
88 43 4 623
518 87 23 105 218 275
90 43 25 395
86 24 104 218 534
85 35 571 218 274
515 84 1 175
84 4 352 219 69
90 4 217 647 219 79
85 12 443 218 288
92 4 351 219 67
84 43 25 390 318 218 289
513 87 1 154 214 2 205
92 43 22 125 214 2 213 95
88 1 150 214 2 203 218 290
92 43 418 182
87 12 465 218 275
530 558 218 280 219 65
514 92 1 176 214 2 202
90 58 613 218 535
86 12 461 218 276
87 43 58 613
85 43 248 103 95
516 92 1 168 218 284 219 65
92 43 248 580 95
90 43 24 248 118 218 532
514 87 1 175 214 2 203
87 43 1 172
88 43 25 397 331 218 281
92 35 569 218 284
516 92 11 400
86 19 217 276 218 426
516 92 11 395 218 533
516 84 35 374 218 288 219 78
92 43 421 368
92 4 628 219 79 218 274
84 12 461 218 280
90 12 460 218 281
92 43 248 572 95
88 43 248 575 95
91 25 248 386
85 650 262 218 289
513 88 21 130 218 275 219 78
91 650 263 218 290
91 4 353 219 72
519 448 218 289
92 43 1 175 218 284
84 12 471 218 280
84 43 25 395 331 218 280
91 649 493 264
91 14 248 615 218 276
516 85 1 248 176 218 284
84 43 2 202 214 2 204 95
85 4 351 219 66
519 92 49 107
85 43 25 151
514 87 1 190 214 2 209
86 650 263 218 281
513 86 5 130
91 43 7 138
87 43 35 248 102 218 290
85 35 568 218 288
513 90 50 382 218 532
92 4 356 219 67
86 43 420 154
91 1 182 214 2 203 218 279
86 4 627 219 68 218 274
85 13 219 67 218 284
529 545 218 274 219 70
516 91 36 609
517 92 14 604 218 274 219 70
519 87 5 130 218 288 219 78
513 88 21 376 218 275 219 71
88 50 365 218 535
91 652 33 272 218 284
513 85 22 542 218 532 219 78
92 4 624 219 64 218 284
88 12 375 218 275
86 649 491 263
84 247 33 260 218 289
91 43 11 387
92 43 7 248 375 218 275
90 13 219 65 218 288
85 43 4 647 218 275
88 43 50 586 214 2 211 95
90 43 4 621
90 43 6 130
517 90 25 248 400 218 278
88 13 219 70 218 280
86 23 248 120
84 19 217 276 219 78 218 431
85 35 575 218 290
519 90 21 374 218 275 219 67
516 455 218 281
84 649 498 264
515 92 12 336
84 13 219 78 218 290
87 652 33 273 218 290
88 43 25 400 324 218 281
92 43 7 137 214 2 204 95
85 19 217 281 219 68 218 425
90 1 174 214 2 203 218 279
92 4 355 219 70
87 35 577 218 279
87 4 217 647 219 71
90 35 579 218 288
86 43 23 104 214 2 212 95
515 90 2 202 218 284 219 67
514 86 1 187 214 2 208
92 19 217 284 219 68 218 358
86 652 33 269 218 280
91 43 25 386 324 218 276
88 653 33 261 218 280
92 25 185 218 278
90 13 219 72 218 280
88 43 25 389 320 218 288
88 50 248 566
90 12 470 218 276
515 87 23 104 218 532 219 79
518 84 46 375 218 533 219 69
91 649 487 272
513 92 49 248 210 218 281
85 4 366 219 67
86 4 217 623 219 69
514 87 23 120
86 13 219 68 218 275
92 43 11 248 310 218 532
516 84 22 248 126 218 534
88 4 643 219 65 218 281
513 92 21 106 218 275 219 78
85 649 510 260
86 4 350 219 68
518 87 21 383 218 275 219 72
84 35 581 218 290
88 43 248 601 95
513 88 4 351 218 279 219 69
85 650 260 218 288
90 43 4 623
521 552 218 275 219 71
88 4 638 219 72 218 284
84 4 353 219 64
92 43 25 387 319 218 280
90 19 217 281 219 64 218 358
92 43 46 540 218 534
519 88 35 399 218 290 219 64
91 43 46 540 214 2 202 95
517 92 1 150 214 2 204
513 87 12 248 108 218 290
87 19 217 274 219 68 218 424
87 12 459 218 284
91 4 647 219 72 218 288
84 35 565 218 289
514 87 12 348 218 274 219 66
85 35 566 218 280
85 4 643 219 71 218 284
91 12 460 218 281
516 84 50 620 218 283
518 84 46 540 218 274 219 67
88 43 248 587 95
87 43 1 187
88 19 217 289 218 358
90 4 623 219 70 218 289
84 43 25 391 317 218 276
87 650 264 218 281
92 43 1 174 214 2 212 95
91 19 217 274 219 64 218 366
519 85 1 186 214 2 203
86 1 172 214 2 203 218 290
516 86 21 372 218 275 219 65
84 4 366 219 66
92 43 407 532
234 302 54 218 280
515 444 218 281
88 4 351 219 71
85 19 217 284 219 78 218 431
88 43 46 375 218 535
88 4 626 219 67 218 281
86 14 248 614 218 535
85 650 261 218 274
85 43 420 362
90 43 58 615
517 92 7 138 218 274 219 79
90 35 574 218 284
513 92 23 120 218 532 219 67
87 7 137 218 274
85 43 14 608 218 535
90 4 355 219 72
516 90 36 597 218 274 219 67
514 85 11 393
84 12 468 218 288
85 19 217 279 219 71 218 422
86 43 25 384 320 218 280
91 43 50 376 214 2 210 95
88 4 217 621 219 69
513 84 50 351 218 535 219 66
92 49 181 218 279
85 35 565 218 280
521 546 218 280 219 66
87 12 467 218 288
84 4 639 219 79 218 288
88 43 25 399 316 218 288
92 43 12 107 214 2 213 95
85 43 248 372 95
518 87 35 581 218 284 219 67
86 19 217 276 219 69 218 354
85 19 217 276 219 70 218 427
92 43 248 589 95
234 386 650 318
88 1 190 214 2 202 218 274
88 25 248 386 218 278
90 649 488 264
87 650 264 218 279
88 43 248 351 95
87 13 219 65 218 279
91 35 386 218 275
92 19 217 279 218 427
86 19 217 284 219 68 218 430
86 43 248 565 95
91 13 219 78 218 288
85 19 217 281 218 430
87 649 486 264
91 12 460 218 290
91 43 35 569 218 279
87 4 362 219 66
90 12 471 218 275
524 547 218 284 219 78
92 43 14 600 218 533
86 4 217 647 219 65
87 58 248 605 218 534
84 43 248 373 95
92 43 49 248 387 218 279
92 43 2 248 210 218 274
88 22 248 125 218 532
519 87 22 248 126 218 534
86 43 6 130
513 84 49 172 218 279 219 72
88 43 25 386 319 218 275
513 92 1 182 214 2 202
91 1 187 214 2 208 218 281
88 35 578 218 276
85 649 490 273
515 91 22 542
91 4 623 219 64 218 290
517 90 4 352
88 14 611 218 534
234 309 54 218 281
519 85 6 130 218 288 219 70
85 13 219 69 218 288
519 91 6 382
514 449 218 276
516 92 21 373 218 275 219 65
88 653 33 263 218 274
91 6 248 130 218 274
92 13 219 68 218 284
519 91 1 176 214 2 211
90 43 25 397 320 218 275
92 19 217 276 218 427
92 19 217 289 219 70 218 431
92 649 507 260
87 5 106 218 288
90 43 25 399 319 218 279
92 43 5 130
88 649 496 261
86 43 50 355 218 535
87 13 219 70 218 275
517 91 1 182 214 2 208
516 84 21 383 218 275 219 69
86 12 470 218 276
88 35 566 218 276
515 85 58 248 604 218 534
87 1 154 214 2 210 218 280
92 58 248 607 218 534
86 4 217 626 219 64
87 4 217 633 219 78
87 649 487 268
91 650 265 218 276
519 92 25 350 218 278
524 562 218 288 219 66
517 445 218 284
91 649 492 262
514 84 58 612 218 535 219 79
91 43 2 212
91 35 572 218 288
86 24 104 218 274
84 58 603 218 534
518 88 1 175 214 2 213
85 43 46 540 214 2 208 95
92 43 35 354 214 2 208 95
515 85 25 397
90 12 459 218 279
91 19 217 288 219 68 218 424
516 84 1 175 214 2 213
91 43 411 130
90 19 217 288 219 69 218 427
85 43 25 400 321 218 279
522 552 218 281 219 64
85 43 14 610
85 19 217 280 218 431
92 4 623 219 72 218 290
92 649 502 260
91 43 25 395 322 218 275
88 43 11 388 214 2 205 95
90 43 248 587 95
84 4 350 219 79
87 5 248 106 218 288
84 5 248 106
92 35 576 218 284
92 4 642 219 78 218 276
90 4 248 352 218 279
84 43 412 203
88 43 248 616 95
87 43 49 183
85 43 5 248 371 218 288
88 43 49 615 214 2 211 95
88 653 33 269 218 280
91 43 12 336 214 2 205 95
85 19 217 290 218 354
90 19 217 288 218 427
518 86 49 400
88 43 4 350 218 276
87 19 217 280 219 70 218 354
87 4 621 219 68 218 276
516 92 11 248 392 218 534
91 43 25 387 324 218 275
88 4 647 218 275
87 19 217 289 218 422
234 392 650 324
234 297 54 218 289
86 4 639 219 67 218 274
86 35 573 218 275
518 87 21 379 218 275 219 68
517 450 218 290
84 58 248 607
516 88 21 383 218 275 219 69
530 553 218 289 219 78
91 43 407 178
517 88 5 248 371 218 275
519 86 5 371
87 4 623 219 68 218 280
91 43 11 390 214 2 203 95
86 12 469 218 279
518 450 218 274
84 11 248 390
91 1 175 214 2 209 218 290
85 4 351 219 69
91 12 473 218 279
513 90 50 105 218 283 219 70
90 35 574 218 289
513 448 218 276
86 19 217 290 218 358
518 84 11 117 218 532 219 79
515 87 1 150 214 2 212
517 92 1 248 187 218 276
88 650 263 218 284
90 1 174 214 2 212 218 279
92 650 267 218 279
91 4 368 219 65
84 4 217 622 219 65
85 4 634 218 276
515 85 23 248 118 218 535
90 1 188 214 2 210 218 274
86 13 219 66 218 288
516 450 218 289
519 451 218 289
92 36 248 365
234 389 650 322
518 85 5 371 218 275
516 91 1 176 214 2 209
85 13 219 66 218 275
84 43 25 400 321 218 275
88 19 217 290 218 427
90 43 248 579 95
87 4 353 219 69
92 649 493 272
515 86 12 248 443 218 288
90 43 22 116 218 533
92 19 217 284 218 427
85 35 575 218 280
90 19 217 281 219 69 218 424
92 4 368 219 71
92 43 25 389 317 218 290
86 12 468 218 284
90 43 25 387 323 218 275
88 13 219 72 218 284
86 4 647 219 65 218 279
90 649 484 269
85 25 248 186 218 278
515 87 4 370 218 275 219 69
92 649 480 261
84 1 187 214 2 202 218 290
90 12 469 218 288
519 85 25 186 218 278 219 65
91 1 150 214 2 203 218 279
518 91 21 379 218 275 219 69
86 43 24 104 214 2 202 95
86 43 248 379 95
87 1 181 214 2 208 218 280
84 43 49 248 182 218 276
87 35 566 218 290
88 35 578 218 284
526 554 218 279 219 70
88 5 130 218 274
86 650 260 218 279
88 43 12 348 218 290
92 652 33 267 218 279
91 43 22 116 218 534
86 19 217 290 219 78 218 354
85 43 410 618
515 91 1 190 214 2 202
88 4 621 219 66 218 289
90 35 574 218 280
84 43 12 108
91 43 413 575
85 4 217 622 219 78
92 4 248 353 218 276
527 560 218 289 219 67
518 92 1 154 214 2 212
86 43 25 387 331 218 289
91 1 185 214 2 203 218 275
84 43 49 351 214 2 205 95
91 4 366 219 79
90 43 25 389 315 218 276
86 43 1 154 214 2 205 95
90 12 467 218 276
85 50 248 130
519 85 1 176 214 2 210
86 43 248 366 95
515 88 35 568
516 90 21 375 218 275 219 72
526 560 218 288 219 79
86 19 217 289 219 64 218 427
91 35 576 218 288
514 86 24 120 218 275 219 78
92 650 267 218 280
87 4 370 219 78
90 22 248 541 218 532
513 87 21 382 218 275 219 70
92 1 175 214 2 204 218 279
86 43 410 181
88 19 217 284 218 358
92 4 643 219 71 218 280
88 43 24 118 218 532
84 13 219 78 218 288
88 4 362 219 71
87 43 248 581 95
92 1 177 214 2 213 218 284
516 92 46 137
518 84 7 248 138 218 274
516 90 14 248 601 218 534
86 43 58 248 600 218 534
518 84 6 371 218 274
90 2 248 209 218 276
84 25 248 391 218 290
86 43 248 600 95
90 43 4 628 218 274
514 88 25 149 218 278 219 70
86 4 633 219 67 218 290
84 4 217 623 219 71
519 86 49 392 218 290 219 71
86 43 23 105
87 652 33 267 218 275
85 4 633 219 64 218 275
84 36 125 218 275
84 43 12 335
91 1 190 214 2 211 218 274
91 43 4 248 640 218 279
90 25 248 202
88 43 50 383
88 43 410 608
515 86 23 248 120 218 274
90 23 248 111 218 535
516 84 21 376 218 275 219 67
84 43 6 371
519 88 1 149 214 2 210
88 43 49 600 214 2 212 95
85 19 217 276 219 69 218 427
90 13 219 78 218 281
514 84 1 181 214 2 209
91 649 504 267
90 43 7 137 218 274
92 12 464 218 274
86 12 472 218 289
86 43 36 604 214 2 211 95
86 650 261 218 290
87 1 154 214 2 209 218 275
84 4 356 219 70
85 43 24 118 214 2 213 95
523 558 218 279 219 71
516 85 7 137 218 275 219 70
84 1 185 214 2 208 218 280
528 562 218 288 219 72
516 92 1 168 214 2 204
513 85 21 374 218 275 219 68
527 561 218 280 219 65
90 4 217 626 219 71
87 1 168 214 2 202 218 276
85 13 219 65 218 279
515 450 218 275
90 649 474 261
90 1 185 214 2 202 218 284
513 88 46 540 218 533
85 13 219 66 218 276
519 84 1 154 214 2 205
519 88 21 383 218 275 219 69
86 4 217 624 219 70
91 4 217 627 219 79
88 35 248 350 218 288
518 86 46 104
92 4 639 219 65 218 274
515 84 1 151
88 43 25 391 321 218 290
514 88 21 379 218 275 219 70
85 43 23 120 218 534
517 449 218 274
519 452 218 290
92 43 58 248 603 218 532
234 384 650 321
531 551 218 276 219 78
516 92 4 248 365 218 276
88 19 217 288 219 64 218 354
234 303 54 218 284
90 43 25 387 315 218 288
234 393 650 322
92 43 7 248 138 218 288
517 88 12 147 218 281 219 68
90 4 217 623 219 66
85 43 36 386 218 281
515 449 218 284
92 4 370 219 72
516 85 1 190 214 2 208
87 4 248 647 218 276
531 547 218 280 219 65
85 12 464 218 288
530 556 218 280 219 69
517 92 7 248 375 218 274
88 43 248 603 95
517 454 218 275
90 19 217 288 219 66 218 430
88 43 25 395 316 218 290
91 43 11 248 390 218 534
513 444 218 275
514 90 35 148
92 35 566 218 284
84 43 248 441 95
92 650 269 218 280
91 43 11 397 218 535
86 43 11 384 218 535
92 35 566 218 280
90 43 419 146
91 649 486 268
90 4 354 219 67
88 650 264 218 274
84 49 248 190 218 274
88 43 248 372 95
92 1 248 188 218 275
87 649 480 269
514 91 22 117 218 532
515 87 5 371
85 43 248 365 95
91 43 25 387
513 84 58 613
85 43 419 178
88 43 7 248 130 218 275
513 92 50 248 371 218 533
518 91 2 208 218 284 219 70
87 1 175 218 284
518 90 21 383 218 275 219 68
514 88 1 168 214 2 203
90 12 460 218 275
86 12 248 335
87 43 12 248 442 218 274
513 90 6 382 218 288 219 78
86 43 58 616 218 534
84 650 265 218 279
513 88 1 175 214 2 203
88 12 248 336 218 284
519 85 1 188 214 2 209
84 1 168 214 2 203 218 284
87 43 22 248 532 218 275
88 19 217 290 219 69 218 426
513 84 24 118 218 274 219 66
85 4 633 219 78 218 279
85 43 23 105 214 2 211 95
90 43 49 172
84 649 474 264
518 84 11 392
85 12 469 218 280
85 649 480 260
91 649 510 273
91 4 217 634 219 65
84 19 217 276 219 67 218 423
516 91 21 382 218 275 219 66
86 4 217 634 219 66
85 35 576 218 284
514 92 24 111 218 274 219 72
519 88 21 106 218 275 219 71
90 35 567 218 275
91 43 25 387 321 218 288
84 4 639 219 72 218 281
515 87 1 150 214 2 203
530 544 218 281 219 65
91 4 634 219 65 218 281
84 12 460 218 276
90 43 248 438 95
88 25 248 352
90 1 154 214 2 211 218 289
84 13 219 69 218 288
513 86 21 372 218 275 219 72
516 88 12 248 443 218 290
87 649 482 264
84 7 137 218 275
86 4 642 219 71 218 275
92 43 14 609 214 2 213 95
86 12 470 218 279
515 84 11 397 218 533 219 67
86 19 217 280 218 423
519 84 58 618 218 275 219 71
514 84 21 372 218 275 219 78
91 11 117 218 532
85 4 217 647 219 65
88 650 263 218 280
87 35 566 218 275
234 300 54 218 279
92 4 365 219 66
85 1 248 187
91 1 172 214 2 212 218 288
85 19 217 280 219 71 218 431
87 43 413 354
92 12 460 218 280
513 86 5 248 130 218 288
92 649 499 267
88 43 1 248 150 218 274
91 43 25 385 321 218 280
87 43 248 370 95
90 652 33 272 218 280
516 84 7 138
528 546 218 280 219 67
519 87 5 248 130 218 288
92 43 25 385 315 218 281
84 43 248 379 95
84 43 25 397 318 218 274
86 43 2 212
85 24 120 218 534
91 22 248 126 218 532
91 43 25 397 316 218 274
87 12 460 218 284
86 24 248 118 218 534
90 43 11 310 218 533
84 4 642 219 66 218 288
85 19 217 289 219 78 218 423
517 88 21 373 218 275 219 64
88 43 411 607
515 88 2 210 218 274
516 90 1 183 214 2 202
514 90 21 372 218 275 219 78
84 4 362 219 72
515 86 5 371 218 274 219 79
92 43 50 248 539 218 532
91 4 640 219 69 218 284
86 650 269 218 280
85 4 217 639 219 64
513 86 11 392
513 87 1 181 214 2 203
87 7 375 218 275
519 90 50 248 103 218 274
92 12 335 218 284
87 43 23 104
514 87 21 379 218 275 219 69
91 43 25 386 331 218 275
92 43 405 565
85 1 190 214 2 211 218 289
515 85 12 146 218 279 219 71
90 1 154 214 2 204 218 281
92 4 626 219 79 218 284
84 12 248 443
86 43 22 248 105 218 275
88 43 35 618 214 2 211 95
91 4 366 219 78
87 43 6 137
515 87 50 248 600 218 533
87 12 248 348 218 279
85 649 484 265
530 555 218 288 219 68
90 2 205 218 284
85 43 403 370
516 87 36 607 218 290
92 4 643 219 71 218 290
513 87 7 137 218 275 219 64
92 43 24 248 105 218 533
92 12 473 218 279
84 43 50 248 434 218 274
518 84 36 102 218 289
91 58 248 603 218 274
87 43 49 565
88 12 467 218 279
513 84 1 188 214 2 205
92 1 151 214 2 213 218 281
88 12 464 218 281
85 4 351 219 79
90 43 421 607
516 88 46 375
92 43 12 434 214 2 205 95
513 87 35 248 148 218 274
86 4 355 219 78
519 91 7 375 218 274 219 65
87 43 25 390 324 218 279
86 12 443 218 275
86 11 391 218 535
92 4 623 219 72 218 276
85 19 217 274 219 78 218 426
527 544 218 276 219 69
85 43 25 185 214 2 204 95
91 649 499 273
234 301 54 218 289
518 88 24 248 120 218 274
91 19 217 274 219 79 218 426
516 90 49 103 218 284 219 70
87 4 640 219 66 218 281
87 19 217 288 219 79 218 423
515 87 24 104
85 43 46 248 540 218 274
88 650 272 218 281
516 85 2 210
91 43 417 210
86 43 25 399 324 218 274
90 649 509 272
87 43 11 400
85 14 617 218 533
85 35 248 608
515 86 21 374 218 275 219 66
91 19 217 284 218 366
84 35 574 218 281
90 43 7 375 214 2 205 95
91 43 50 619
90 6 248 137
84 43 248 362 95
90 649 487 269
84 13 219 79 218 274
92 649 482 264
234 385 650 318
519 86 24 104 218 532
90 43 25 387 324 218 280
91 43 6 130
514 88 1 172 214 2 212
91 43 248 578 95
85 43 35 605
86 43 46 248 375 218 534
84 43 14 608 218 534
85 43 12 438 214 2 211 95
91 4 642 219 67 218 280
86 43 2 209 214 2 208 95
88 50 248 386
88 19 217 281 218 358
85 14 248 609
516 91 58 615 218 275
517 87 5 248 106 218 275
84 19 217 284 219 72 218 354
513 87 11 248 393 218 533
86 12 460 218 288
88 43 1 151 218 276
514 84 21 381 218 275 219 70
86 43 1 149
91 650 261 218 284
91 43 12 336
85 43 23 248 111 218 274
514 447 218 284
517 88 23 104 218 535
91 43 14 248 618 218 532
513 85 7 137
520 560 218 276 219 66
88 43 25 395 315 218 284
88 43 248 565 95
91 4 217 627 219 70
522 543 218 275 219 68
85 43 6 371 214 2 212 95
90 12 248 375 218 279
88 6 137 218 275
90 19 217 281 219 64 218 427
516 92 1 149
517 87 21 120 218 275 219 67
84 43 4 626 214 2 203 95
91 4 351 219 70
517 86 49 154 218 274
515 450 218 284
90 43 23 120 218 274
90 652 33 261 218 289
85 43 2 248 202 218 276
87 11 248 116
513 91 5 106 218 274 219 69
513 86 25 211
86 1 174 214 2 211 218 276
531 563 218 279 219 72
527 553 218 275 219 78
88 4 352 219 78
87 11 397 218 534
86 19 217 280 219 64 218 354
91 12 473 218 289
92 43 36 102
88 1 248 187
517 84 4 621
513 85 2 248 211 218 276
87 650 261 218 276
84 12 248 441 218 274
85 43 1 181
513 84 1 187 214 2 203
87 19 217 290 219 69 218 366
86 6 371 218 288
92 43 12 248 441 218 289
92 43 418 107
87 43 25 400 321 218 289
84 649 494 269
87 14 561 218 274
91 22 248 105 218 532
86 35 579 218 276
92 4 354 219 67
85 1 186 214 2 202 218 289
91 43 58 616
85 19 217 289 219 67 218 425
84 43 403 353
86 35 577 218 284
518 452 218 290
87 19 217 281 218 431
90 649 504 272
91 13 219 69 218 284
90 649 501 272
86 43 248 120 95
88 4 368 219 72
517 85 21 376 218 275 219 70
91 43 1 183 218 274
85 12 463 218 284
85 43 36 365 214 2 208 95
523 559 218 289 219 66
517 91 7 137 218 274
88 4 356 219 71
516 91 25 248 386 218 278
91 4 624 219 71 218 284
516 450 218 281
85 35 567 218 289
92 35 580 218 279
84 19 217 280 218 358
87 25 248 350 218 278
88 2 248 208
85 43 25 390 322 218 284
85 43 14 602 218 532
518 90 58 607 218 534
86 43 22 105 218 275
88 19 217 284 218 424
86 7 137 218 275
515 91 58 618 218 275
88 4 350 219 79
522 548 218 276 219 65
86 43 25 384 319 218 274
90 649 508 267
514 91 36 392
87 35 248 370 218 276
90 58 248 612 218 533
91 23 111 218 533
91 6 248 382 218 275
517 90 36 571
85 43 22 248 121 218 274
85 43 25 388 321 218 281
87 43 50 248 441 218 535
525 563 218 290 219 72
85 35 569 218 289
88 649 490 264
84 4 362 219 79
91 12 248 336 218 284
86 4 217 643 219 70
517 88 35 248 603 218 289
91 19 217 290 219 68 218 426
519 86 1 186 214 2 211
87 43 4 640 218 279
514 86 1 183 214 2 209
86 35 568 218 290
90 6 248 130 218 274
84 14 248 561
90 4 647 219 78 218 288
90 649 495 262
92 43 58 611 214 2 202 95
87 43 2 203
88 43 24 248 104 218 532
88 1 181 214 2 204 218 274
514 85 35 603
90 4 622 219 70 218 280
88 43 25 384 324 218 289
234 312 54 218 284
519 90 22 248 124 218 275
518 92 21 130 218 275 219 78
85 4 622 219 65 218 284
518 92 4 647 218 274
234 301 54 218 290
528 545 218 276 219 70
87 4 248 368
518 92 21 106 218 275 219 72
91 649 500 268
90 46 375 218 535
91 50 248 613 218 274
92 650 263 218 274
88 35 578 218 290
88 43 25 248 352 218 290
84 4 627 219 68 218 275
91 7 248 130
90 43 6 371 214 2 212 95
85 35 107 218 281
513 84 2 248 212 218 274
85 19 217 290 219 79 218 425
91 652 33 267 218 276
91 650 261 218 280
518 86 21 120 218 275 219 68
91 650 269 218 284
90 43 11 390
87 43 4 248 628 218 275
87 13 219 67 218 290
91 1 176 214 2 203 218 281
515 91 49 532 218 284 219 67
90 4 638 219 67 218 274
85 43 248 617 95
87 4 217 643 219 67
85 19 217 284 219 78 218 430
517 91 21 376 218 275 219 69
88 46 104 218 535
90 652 33 268 218 281
85 1 182 214 2 210 218 281
85 49 248 397
86 12 464 218 289
513 91 6 371 218 274 219 67
517 86 50 432 218 532
87 4 633 219 78 218 281
84 1 151 214 2 211 218 279
84 19 217 290 218 430
86 43 4 634 218 276
515 88 23 111 218 274 219 66
515 88 1 248 186 218 275
513 92 21 382 218 275 219 66
84 1 168 214 2 203 218 290
92 650 264 218 281
88 43 25 176 214 2 209 95
90 4 248 628
92 23 248 111 218 534
90 649 512 263
519 449 218 289
516 88 11 248 392 218 274
88 43 417 584
92 25 248 172 218 290
88 43 12 248 146 218 281
92 43 410 611
90 43 46 248 375 218 535
85 43 248 390 95
90 4 626 219 64 218 284
90 14 611 218 275
85 43 25 390 316 218 280
87 19 217 289 218 366
91 4 217 639 219 70
528 557 218 281 219 70
88 1 149 214 2 210 218 280
88 13 219 69 218 274
87 4 351 219 66
86 43 248 365 95
90 12 468 218 281
90 13 219 69 218 274
88 1 190 214 2 202 218 281
84 50 248 393 218 534
86 35 566 218 275
88 13 219 79 218 279
85 43 412 202
514 92 49 202
88 4 370 219 72
85 50 248 589
86 43 411 438
84 650 264 218 274
84 43 419 185
88 649 476 264
85 19 217 275 219 69 218 422
85 43 412 177
516 87 6 137 218 288 219 72
515 90 21 375 218 275 219 69
85 12 461 218 289
87 43 46 375 214 2 204 95
86 19 217 274 219 70 218 431
521 559 218 274 219 72
513 88 1 185 214 2 212
522 551 218 276 219 66
91 650 273 218 275
528 547 218 288 219 79
516 87 50 567 218 532
85 43 12 333 214 2 210 95
516 88 1 149 218 284 219 79
85 43 7 137 214 2 203 95
87 1 154 214 2 212 218 280
85 19 217 281 218 366
92 43 35 600 214 2 204 95
85 4 217 640 219 79
513 88 23 105
516 91 1 182 214 2 203
92 1 185 214 2 204 218 290
514 88 6 371 218 274 219 71
87 4 217 642 219 78
87 43 406 393
90 4 248 638
88 22 104 218 534
86 43 2 248 205 218 274
92 4 624 219 65 218 289
87 19 217 289 219 70 218 422
86 35 572 218 276
90 25 389 218 278
86 4 633 219 68 218 276
91 22 248 116 218 275
522 555 218 288 219 65
85 43 7 137 214 2 213 95
519 86 21 130 218 275 219 67
84 649 492 267
518 446 218 281
515 85 49 579 218 279 219 65
85 4 639 219 69 218 275
92 46 248 137
92 43 25 388 316 218 281
87 19 217 281 218 427
519 85 21 374 218 275 219 71
86 22 248 103 218 533
517 92 7 248 137 218 275
84 35 570 218 288
91 35 578 218 281
514 84 11 248 389 218 534
92 43 49 573 218 290
84 43 25 391 320 218 281
516 91 21 373 218 275 219 78
86 43 25 388 320 218 275
517 90 14 248 611 218 276
87 650 273 218 281
87 43 12 432 218 284
90 36 248 542
87 650 263 218 281
92 4 622 219 69 218 290
521 546 218 290 219 65
517 85 46 104 218 275 219 67
90 12 472 218 276
92 19 217 290 219 64 218 425
90 1 187 214 2 202 218 276
86 649 482 264
88 650 272 218 276
87 652 33 264 218 279
234 302 54 218 274
87 58 616 218 532
516 90 24 118 218 535
523 546 218 284 219 69
85 4 626 219 66 218 275
514 91 1 187 218 274
85 43 7 137
91 43 25 399 321 218 280
516 85 36 574 218 275
530 547 218 281 219 71
86 1 190 214 2 204 218 288
88 1 177 218 275
86 4 352 219 69
528 550 218 274 219 68
521 562 218 284 219 64
88 19 217 281 218 426
87 43 36 387 214 2 208 95
517 87 22 105 218 274 219 68
90 43 49 439
514 451 218 275
515 84 12 336 218 279 219 71
515 84 36 351 218 284 219 68
84 43 419 589
87 43 46 248 540 218 535
519 84 21 372 218 275 219 69
87 12 469 218 288
85 46 248 137
91 19 217 290 219 70 218 427
85 651 33 273 218 281
86 35 570 218 284
90 49 248 188
90 4 370 219 79
87 14 248 600
516 85 1 168 214 2 203
90 13 219 72 218 275
514 90 1 176 214 2 203
514 88 7 375 218 288
92 1 188 214 2 208 218 281
85 43 6 130
87 652 33 260 218 284
90 12 466 218 290
86 4 628 219 72 218 274
513 91 7 138 218 274 219 72
86 19 217 280 219 68 218 430
84 12 471 218 274
85 12 473 218 280
91 43 402 569
513 92 2 209
86 4 217 639 219 68
516 458 218 288
90 43 2 209 214 2 213 95
516 453 218 274
518 90 21 120 218 275 219 64
92 35 578 218 279
519 87 14 248 605 218 532
513 450 218 281
91 649 476 273
87 1 248 183 218 276
91 43 25 390 320 218 289
84 43 22 124
518 88 1 186 214 2 213
524 564 218 275 219 67
91 4 353 219 69
88 650 265 218 275
88 43 25 397 316 218 289
90 35 541 218 289
92 43 25 399 319 218 276
88 19 217 288 218 430
86 14 616 218 532
84 43 404 372
84 43 414 150
85 43 35 392 214 2 204 95
85 43 25 353
91 19 217 275 218 422
85 43 11 389 214 2 204 95
514 86 21 371 218 275 219 68
87 649 489 267
85 19 217 275 219 66 218 431
88 12 462 218 276
90 43 412 181
92 650 261 218 284
84 4 365 219 71
84 12 461 218 275
91 43 46 248 104 218 275
85 43 416 376
90 24 120 218 275
92 4 353 218 275
87 43 14 248 616 218 533
531 543 218 290 219 79
518 91 21 383 218 275 219 66
92 652 33 269 218 288
86 13 219 71 218 281
90 43 24 120 218 275
86 6 130 218 275
87 12 248 348
516 90 50 382
518 456 218 281
91 35 569 218 288
87 4 353 219 71
87 4 217 640 219 68
84 43 23 118 218 535
517 90 25 172 218 290 219 66
90 4 622 219 65 218 289
519 88 1 149 214 2 211
88 43 25 395 318 218 290
90 43 406 391
514 84 1 150 214 2 205
88 13 219 64 218 284
518 90 21 383 218 275 219 79
87 19 217 288 218 422
88 12 466 218 288
91 43 25 397 317 218 281
84 43 25 387 319 218 276
513 88 49 209 218 280 219 78
521 550 218 274 219 68
528 552 218 290 219 70
84 1 176 214 2 202 218 275
90 649 500 268
516 90 25 248 211 218 290
517 92 24 118
91 19 217 275 219 78 218 358
84 4 628 219 69 218 281
84 35 580 218 288
516 88 21 382 218 275 219 72
86 4 623 219 71 218 284
514 87 6 371 218 275
88 43 25 395 318 218 276
87 4 622 219 79 218 276
87 19 217 284 219 67 218 358
85 649 510 264
86 22 248 103
518 84 14 248 135 218 275
91 650 273 218 274
516 84 36 125 218 289
86 36 374 218 290
86 43 415 354
518 88 1 149 214 2 202
90 652 33 268 218 284
86 43 25 387 317 218 281
88 19 217 289 219 79 218 424
92 43 36 102 214 2 212 95
519 84 36 388 218 281 219 65
92 1 150 214 2 204 218 274
91 43 406 605
519 85 11 391 218 274 219 68
517 448 218 290
91 43 25 391 322 218 288
85 36 248 439
515 91 24 120
84 43 413 381
518 84 4 627 218 279 219 69
515 85 21 375 218 275 219 68
85 43 49 613 218 275
87 43 248 376 95
516 88 23 105
84 35 578 218 288
92 4 366 219 68
92 43 25 388 214 2 211 95
86 49 248 104 218 279
90 4 351 219 78
516 88 50 567 218 532 219 68
90 35 566 218 281
86 43 1 185 218 276
90 43 5 106 214 2 210 95
85 22 248 532 218 534
87 650 263 218 280
517 84 1 187 218 274 219 65
90 4 217 622 219 68
87 35 569 218 290
85 35 572 218 280
91 12 467 218 284
86 4 623 219 71 218 288
91 649 479 264
90 4 626 219 71 218 284
87 13 219 65 218 280
86 43 7 248 130 218 288
234 306 54 218 280
513 84 22 124 218 535 219 66
88 43 412 603
84 58 248 615 218 532
514 90 5 130 218 274 219 71
86 650 267 218 288
519 86 5 130
87 19 217 290 219 72 218 431
92 43 25 388 318 218 284
88 4 365 219 72
87 43 1 248 182 218 274
91 43 2 248 203 218 275
91 650 263 218 284
87 12 464 218 284
91 13 219 72 218 274
85 43 11 296 214 2 205 95
84 649 487 273
516 85 6 382
86 13 219 66 218 284
513 86 25 172 218 290 219 78
516 448 218 274
90 43 408 607
86 36 107 218 276
514 91 1 172 214 2 209
524 552 218 284 219 68
85 43 24 248 118 218 532
517 91 46 137 218 275
88 650 260 218 284
84 43 6 371 218 274
86 1 176 214 2 204 218 274
88 43 248 581 95
91 43 50 102
84 35 570 218 276
84 43 12 248 441 218 281
85 43 25 389 322 218 280
517 87 11 116 218 535
91 650 262 218 276
514 92 46 540 218 274 219 78
90 43 35 248 612 218 284
86 43 6 248 137 218 288
515 90 1 183 214 2 210
85 1 175 218 275
87 650 269 218 275
86 4 217 623 219 68
87 649 480 265
88 4 350 219 78
515 84 6 382 218 275
88 43 4 352 214 2 202 95
85 13 219 68 218 279
84 649 502 269
86 43 58 248 608 218 274
87 43 411 571
87 650 260 218 275
91 19 217 275 219 72 218 423
518 457 218 276
90 649 477 265
87 43 402 130
92 43 36 613 218 275
90 1 172 214 2 212 218 275
86 1 188 214 2 213 218 290
92 13 219 64 218 289
86 14 248 602
514 454 218 290
526 553 218 284 219 69
88 4 647 219 66 218 290
91 1 168 214 2 203 218 290
86 43 36 355 218 280
84 247 33 262 218 274
85 650 273 218 279
92 43 25 400 319 218 276
88 35 565 218 279
91 4 621 219 79 218 275
515 87 1 177 214 2 202
514 84 21 374 218 275 219 72
91 43 36 542
92 43 1 183 214 2 212 95
87 652 33 268 218 284
518 84 21 374 218 275 219 64
92 5 248 130
88 4 217 623 219 78
516 84 1 176 214 2 205
92 652 33 269 218 279
519 88 1 149 214 2 209
90 4 624 219 67 218 280
513 455 218 281
91 652 33 269 218 276
518 85 1 188
518 84 21 371 218 275 219 72
86 43 25 391 317 218 289
85 25 386 218 290
513 87 12 147 218 289
514 87 22 103
519 91 23 104
88 43 248 108 95
85 43 35 125 214 2 210 95
92 24 105 218 532
519 88 21 381 218 275 219 65
517 85 1 178 214 2 202
515 88 12 248 147 218 288
85 1 176 214 2 208 218 274
87 19 217 281 218 354
85 649 489 260
87 43 58 606
86 649 484 265
84 35 567 218 288
516 92 35 248 130 218 290
90 1 154 214 2 202 218 289
90 649 503 263
513 84 7 375
87 43 25 248 388 218 278
529 551 218 274 219 79
90 35 569 218 288
85 43 25 390 323 218 280
84 35 569 218 281
516 90 21 375 218 275 219 64
516 85 1 177 214 2 211
85 4 366 219 72
516 86 7 248 130 218 274
85 4 627 219 66 218 279
86 43 49 248 126 218 288
84 19 217 280 219 79 218 425
87 13 219 71 218 274
91 12 462 218 289
85 43 25 399 323 218 276
84 43 36 248 583 218 289
87 43 248 599 95
514 88 7 138 218 288 219 67
516 86 21 372 218 275 219 72
86 649 474 263
92 12 462 218 279
84 19 217 274 218 422
86 35 571 218 275
84 43 25 352 214 2 213 95
516 454 218 274
519 85 23 104 218 275
87 43 23 105 214 2 212 95
86 4 368 219 65
92 43 6 382
90 4 643 219 69 218 275
86 43 248 610 95
516 91 24 120
88 4 217 628 219 72
91 43 25 399 331 218 288
84 43 25 386 322 218 276
92 650 263 218 284
514 87 1 151 214 2 208
518 448 218 288
519 87 1 178 214 2 203
87 12 462 218 279
88 43 25 386 331 218 276
92 43 23 111 218 533
519 87 14 248 601 218 532
85 43 6 137 214 2 203 95
514 92 35 248 607 218 288
91 649 489 269
514 86 1 186 214 2 208
84 650 261 218 275
91 4 647 219 71 218 289
92 23 248 111 218 275
84 1 174 214 2 202 218 274
518 446 218 275
85 650 273 218 274
528 548 218 280 219 70
90 43 50 573 218 283
86 4 356 219 71
86 19 217 284 219 68 218 425
519 90 1 174 214 2 203
91 36 248 397
92 43 23 111 214 2 204 95
85 7 248 375 218 274
86 4 368 219 78
517 86 36 248 371 218 274
88 13 219 64 218 275
91 19 217 274 219 72 218 431
88 43 248 373 95
517 90 5 130
88 6 248 371
90 43 25 384 319 218 280
517 87 21 381 218 275 219 71
88 43 415 573
91 19 217 288 218 431
515 85 35 581 218 279
526 563 218 290 219 65
527 546 218 290 219 70
87 43 50 586 214 2 211 95
86 43 24 118 214 2 202 95
522 544 218 276 219 67
87 12 468 218 290
513 92 58 616 218 532
88 58 248 618
513 91 1 154 214 2 208
86 649 507 263
88 43 2 210 214 2 202 95
85 24 248 111 218 533
92 43 49 586 214 2 205 95
85 12 469 218 275
516 86 58 248 617 218 532
86 58 248 603 218 534
85 12 349 218 276
92 19 217 290 218 423
92 43 25 395 331 218 284
514 90 21 130 218 275 219 67
84 43 414 209
91 43 50 248 619 218 532
90 12 472 218 281
88 653 33 272 218 288
234 386 650 319
92 43 248 130 95
85 4 642 219 64 218 289
88 43 46 540 218 533
514 90 24 248 104 218 274
516 88 1 181 214 2 208
92 35 573 218 276
84 35 580 218 289
524 561 218 290 219 71
86 43 413 442
84 19 217 274 219 67 218 422
91 43 36 577 218 284
86 649 489 267
92 650 268 218 281
517 91 14 612 218 276
524 553 218 289 219 66
514 88 21 130 218 275 219 70
520 544 218 284 219 67
92 43 5 371 218 274
88 43 25 400 316 218 279
85 1 183 214 2 205 218 288
92 43 7 138
91 650 273 218 281
88 19 217 276 219 68 218 430
90 12 460 218 290
513 458 218 281
88 5 106 218 274
519 87 1 178 214 2 208
519 86 58 248 603 218 532
91 649 481 272
86 43 22 105 214 2 204 95
513 87 7 375 218 275
87 43 402 185
87 19 217 280 219 68 218 427
515 92 25 388 218 290 219 72
517 90 58 248 615 218 535
85 4 627 219 67 218 281
514 86 1 184 214 2 213
516 450 218 276
85 2 212 218 274
90 2 248 205
92 4 633 219 67 218 281
526 559 218 284 219 78
85 19 217 289 218 422
88 58 248 612 218 275
86 49 248 578 218 279
516 91 1 151 214 2 212
516 92 1 182 214 2 212
84 43 7 130
528 553 218 280 219 66
84 19 217 275 219 70 218 426
516 90 21 383 218 275 219 78
91 19 217 289 219 65 218 427
87 43 49 610
91 23 104 218 274
90 43 35 385
84 43 7 248 137 218 288
85 19 217 281 219 69 218 430
517 91 1 149 214 2 209
519 85 21 120 218 275 219 65
88 19 217 288 219 64 218 366
91 652 33 263 218 281
234 303 54 218 281
85 2 204 218 274
513 84 50 565
515 87 25 182 218 290
86 43 35 539 218 281
85 43 35 619 214 2 205 95
92 13 219 79 218 274
87 43 25 390 320 218 275
84 35 568 218 290
530 547 218 284 219 71
91 35 576 218 274
87 43 58 619 214 2 202 95
516 88 35 439
92 22 248 126 218 534
84 4 647 219 72 218 280
515 455 218 280
524 546 218 274 219 64
515 88 12 248 335 218 276
519 91 1 168 214 2 208
90 43 248 397 95
84 43 415 387
88 43 415 587
91 19 217 289 219 69 218 366
519 90 1 174 218 276 219 66
514 85 1 190 214 2 209
513 85 6 130 218 275 219 72
519 88 23 104 218 274 219 72
90 43 410 438
516 86 4 626 218 274
84 4 217 643 219 79
91 4 217 622 219 70
88 35 575 218 280
84 46 248 137 218 532
84 43 25 399 322 218 280
516 456 218 290
87 43 35 120
86 4 248 622
92 12 466 218 276
523 545 218 274 219 67
91 1 151 214 2 202 218 284
519 87 58 248 612 218 534
87 652 33 272 218 275
85 43 25 388 315 218 289
518 91 49 248 569 218 274
91 19 217 288 218 430
90 43 248 612 95
519 85 21 382 218 275 219 78
86 43 2 248 203 218 275
514 87 2 248 212 218 274
514 90 22 126
517 84 23 248 118 218 274
90 4 217 622 219 70
92 13 219 70 218 276
85 43 25 248 212 218 290
85 43 4 628
92 43 405 610
515 85 1 186 214 2 211
86 19 217 290 219 71 218 431
84 35 575 218 288
85 23 248 120
516 452 218 290
516 86 22 539 218 274 219 67
84 4 217 638 219 69
91 35 565 218 281
92 43 25 391 318 218 284
92 43 25 393 323 218 284
92 4 217 639 219 71
86 43 25 389 318 218 284
90 12 468 218 274
530 553 218 279 219 72
91 650 269 218 274
90 49 248 168 218 284
85 43 409 120
91 43 35 400 214 2 204 95
86 19 217 281 218 354
91 650 262 218 280
85 4 368 219 72
85 4 621 219 64 218 279
88 1 188 214 2 204 218 284
84 6 130 218 275
91 1 182 214 2 208 218 284
517 90 49 574
86 4 350 219 71
515 91 58 615
92 43 1 248 174 218 284
84 19 217 281 219 68 218 422
88 653 33 263 218 276
87 4 640 219 68 218 289
519 87 11 248 389 218 535
85 43 14 607 214 2 205 95
513 91 1 151 214 2 202
88 58 248 611 218 532
519 92 24 118 218 274
88 58 248 615
86 649 506 269
91 43 248 603 95
517 91 49 439 218 288
91 49 248 573 218 289
87 43 12 248 438 218 279
517 451 218 279
88 650 261 218 275
91 650 260 218 284
88 649 511 261
519 91 50 586 218 275 219 67
92 650 261 218 279
87 43 14 248 600 218 534
86 1 172 214 2 203 218 279
87 1 151 214 2 204 218 284
84 4 354 219 69
516 91 1 181 214 2 210
513 90 21 381 218 275 219 69
91 652 33 269 218 274
84 43 403 395
87 4 634 219 70 218 288
84 35 565 218 290
84 35 576 218 280
88 43 50 577
91 1 186 214 2 205 218 276
91 43 410 374
87 43 36 248 351 218 290
519 87 5 130
92 43 403 602
515 88 1 174 214 2 211
92 649 500 260
85 4 639 219 66 218 280
517 91 1 172 214 2 211
516 87 1 177 214 2 213
88 35 574 218 290
91 43 36 617
91 35 577 218 281
91 43 1 188
91 43 248 438 95
86 43 25 389 317 218 276
513 88 1 188 214 2 209
90 43 248 362 95
91 4 623 219 69 218 290
86 4 217 622 219 78
85 4 217 621 219 68
518 88 1 154 214 2 210
91 43 25 389 316 218 288
88 22 248 126 218 534
87 43 25 400 323 218 288
92 650 272 218 280
85 4 622 219 69 218 280
84 43 248 365 95
91 35 569 218 280
90 43 25 391 324 218 288
92 35 579 218 274
87 649 478 272
84 19 217 279 218 424
86 43 25 385 331 218 275
87 4 638 219 78 218 274
518 86 58 248 611 218 275
84 4 368 219 72
91 2 248 211 218 275
84 43 49 248 399 218 289
85 650 261 218 279
87 13 219 67 218 279
84 12 472 218 275
519 88 11 397
519 84 1 185 214 2 209
87 43 25 389 318 218 290
84 24 104 218 275
85 43 12 332
87 4 217 623 219 72
84 19 217 289 219 66 218 426
87 43 35 605 214 2 205 95
514 92 21 381 218 275 219 71
86 43 24 248 104 218 534
84 4 639 219 64 218 288
513 85 7 130 218 288
234 391 650 322
515 88 21 130 218 275 219 71
87 12 472 218 290
519 87 49 248 172 218 290
86 43 6 130 214 2 212 95
91 4 352 219 78
517 90 58 614
517 84 58 601 218 535 219 71
86 24 248 104 218 533
90 4 623 219 68 218 274
87 43 14 613
84 43 402 381
516 88 49 355 218 274
516 92 1 248 190 218 274
514 88 50 248 583 218 283
513 87 50 607 218 535
92 649 485 264
85 1 187 214 2 210 218 281
517 91 25 209 218 278 219 68
514 85 1 187 214 2 203
90 12 459 218 280
91 22 248 116
91 1 248 178
514 92 23 111 218 533
88 12 248 439 218 275
516 86 1 184 214 2 208
516 91 23 118 218 274
513 88 14 135 218 534
85 650 261 218 288
88 43 11 387
526 546 218 288 219 72
92 43 248 603 95
514 448 218 274
519 87 12 349 218 289 219 72
85 43 248 374 95
85 50 248 599
90 1 151 214 2 210 218 284
87 650 264 218 284
516 86 7 130
88 12 465 218 290
85 43 1 248 154 218 274
90 43 25 389 317 218 275
84 4 633 219 70 218 275
92 649 479 264
90 4 217 639 219 72
517 84 21 381 218 275 219 79
90 650 273 218 280
519 88 1 177 214 2 209
516 458 218 290
85 43 49 208
84 649 509 264
91 1 182 214 2 203 218 275
516 87 50 248 385 218 535
90 1 190 214 2 212 218 276
84 649 497 260
525 552 218 284 219 68
515 85 21 373 218 275 219 72
513 88 21 383 218 275 219 64
88 4 217 647 219 65
85 43 22 248 536 218 274
84 43 248 609 95
88 23 105 218 535
91 649 491 267
87 4 622 219 70 218 290
88 43 25 390 322 218 284
86 35 567 218 274
87 4 638 219 67 218 281
90 14 248 602 218 275
90 43 248 580 95
514 85 12 441 218 290 219 70
91 4 622 219 64 218 274
90 43 25 397 319 218 288
517 88 21 379 218 275 219 68
92 1 178 214 2 210 218 288
43 4 217 643
84 4 217 623 219 68
91 43 413 392
90 650 267 218 279
86 652 33 265 218 275
92 652 33 272 218 288
87 43 2 203 218 284
91 649 507 263
514 86 6 382
513 91 23 248 104 218 533
88 1 188 214 2 213 218 284
84 43 46 104 218 534
516 85 49 248 204 218 284
90 43 35 397 218 288
86 4 355 219 65
514 87 21 120 218 275 219 70
88 43 23 104 214 2 211 95
85 46 540 218 533
517 87 25 350
513 92 58 614
517 91 2 210 218 275 219 78
514 91 1 248 177 218 284
85 650 273 218 280
513 86 1 184 218 276
517 86 2 205 218 276 219 68
516 91 11 248 399 218 533
84 5 248 106 218 288
515 87 1 184 214 2 202
91 4 354 219 78
86 14 608 218 276
515 457 218 279
513 85 1 178 214 2 210
515 92 1 172 214 2 210
87 49 248 106
92 650 269 218 279
87 43 12 349
513 85 21 381 218 275 219 69
92 43 7 248 375 218 274
86 19 217 288 219 72 218 424
91 19 217 289 218 366
514 91 50 248 609 218 275
514 453 218 279
234 387 650 320
92 650 273 218 276
88 650 267 218 290
87 43 7 138 218 275
515 85 25 248 390 218 290
90 43 50 248 617 218 532
518 87 5 106 218 288 219 68
90 43 36 103
91 13 219 68 218 274
86 22 248 539 218 534
90 652 33 273 218 275
86 46 248 375
84 43 36 248 580 218 289
92 43 25 388 321 218 289
517 84 1 176 214 2 213
85 43 5 106 214 2 205 95
517 88 1 151 214 2 213
86 43 405 617
91 4 626 219 71 218 281
234 392 650 321
90 43 4 248 624 218 276
87 43 7 138 214 2 205 95
85 651 33 269 218 290
514 87 1 172 214 2 211
519 86 21 372 218 275 219 67
92 43 248 576 95
90 4 356 219 70
518 85 25 177 218 290 219 71
85 43 46 540
90 4 217 623 219 64
86 12 441 218 275
86 43 25 384 317 218 281
515 92 25 248 392 218 290
87 43 35 248 376 218 279
88 4 354 219 65
514 84 22 126 218 274
234 298 54 218 275
518 85 1 184 214 2 202
84 46 248 137
86 43 25 385 324 218 290
85 43 25 395 316 218 276
86 43 14 618
84 19 217 284 219 65 218 425
88 43 25 389 318 218 289
85 43 418 103
529 545 218 274 219 68
513 85 46 137 218 274 219 78
92 4 217 643 219 68
91 4 217 639 219 69
92 58 248 612
88 43 25 399 321 218 288
86 43 36 599
90 43 413 612
90 43 22 538 214 2 212 95
91 43 2 210
86 58 614 218 274
515 84 24 248 105 218 532
515 91 21 383 218 275 219 66
87 4 356 219 78
90 649 479 272
92 43 24 120 218 533
88 19 217 281 219 78 218 424
84 43 25 387 321 218 275
92 4 628 219 79 218 290
84 12 459 218 274
84 4 642 219 79 218 281
91 649 506 263
84 43 248 542 95
90 650 265 218 274
91 36 620 218 280
515 91 58 248 604 218 274
84 247 33 265 218 284
87 43 25 386 315 218 288
84 4 350 219 78
90 652 33 267 218 284
519 91 46 248 137 218 274
91 19 217 276 219 69 218 354
88 43 58 614 214 2 204 95
528 545 218 281 219 66
90 43 11 400 214 2 213 95
87 4 621 219 67 218 290
84 12 469 218 288
519 92 23 248 105 218 275
514 88 14 611 218 276 219 64
84 650 263 218 284
90 19 217 279 218 430
84 43 25 392 320 218 290
515 448 218 279
90 43 2 248 209 218 284
87 43 22 536
84 1 181 218 284
86 12 459 218 290
88 4 217 647 219 67
86 650 265 218 284
516 86 21 375 218 275 219 64
92 649 500 261
91 43 248 362 95
234 386 650 320
521 547 218 276 219 78
84 1 176 214 2 205 218 274
92 652 33 260 218 284
91 4 626 219 70 218 279
90 43 25 385 324 218 279
88 650 269 218 290
92 4 638 219 78 218 289
91 43 403 365
85 35 580 218 280
92 19 217 279 218 425
515 85 25 353 218 278 219 79
87 43 25 390 318 218 284
84 649 497 268
86 43 14 604 218 275
515 91 50 248 599 218 283
87 19 217 288 219 72 218 422
86 12 466 218 288
90 43 248 568 95
515 88 21 130 218 275 219 65
513 91 21 130 218 275 219 65
92 12 248 440
92 43 415 615
88 4 638 219 79 218 275
90 43 4 248 356 218 276
92 43 25 392 318 218 281
88 43 404 613
85 651 33 264 218 288
91 43 6 248 137 218 274
513 92 1 181 214 2 213
513 86 21 375 218 275 219 71
515 92 25 368
85 35 576 218 288
234 389 650 315
92 4 352 219 79
84 2 204 218 276
90 43 25 400 321 218 290
85 43 6 248 371 218 274
86 43 25 389 331 218 275
515 90 1 172 214 2 212
86 43 7 130 214 2 204 95
92 35 565 218 281
92 19 217 281 219 64 218 425
87 7 130 218 275
90 19 217 290 219 71 218 358
90 650 263 218 289
91 19 217 289 219 64 218 358
85 649 490 267
88 13 219 67 218 284
516 86 24 104 218 535 219 72
92 11 399 218 274
84 11 397 218 534
90 4 624 219 71 218 284
513 92 23 111 218 535
514 86 36 580 218 279
84 36 601 218 284
91 19 217 281 218 423
515 87 50 248 532 218 532
517 445 218 275
88 49 248 379
91 35 574 218 281
84 43 248 580 95
92 43 248 353 95
518 91 36 248 103 218 275
92 43 35 356 218 288
92 4 627 218 279
90 43 22 102
518 88 6 382 218 275 219 64
87 43 23 248 120 218 274
85 43 58 248 609 218 532
525 563 218 288 219 64
513 84 24 111 218 534
92 43 35 248 610 218 279
523 551 218 290 219 67
91 4 638 219 66 218 279
84 43 418 202
85 651 33 265 218 284
88 43 58 248 606 218 274
516 92 25 210
84 4 623 219 68 218 289
85 650 269 218 279
519 84 21 106 218 275 219 64
85 19 217 289 219 64 218 430
92 19 217 280 218 424
88 43 420 202
92 2 211 218 275
85 19 217 288 219 69 218 426
90 4 217 628 219 70
87 14 248 605
92 1 168 214 2 209 218 276
91 4 356 219 72
85 12 468 218 279
87 12 468 218 276
519 92 50 248 434 218 532
90 35 580 218 275
518 85 50 602 218 533
519 88 25 182
87 4 633 219 70 218 284
86 13 219 70 218 284
85 4 217 634 219 67
86 19 217 281 219 70 218 425
92 43 25 184
92 43 414 126
87 4 217 628 219 78
91 652 33 273 218 290
84 43 25 385 320 218 280
524 544 218 276 219 64
91 43 25 400 317 218 276
88 35 580 218 274
519 88 22 539 218 535 219 69
90 43 35 569
90 43 409 609
87 50 126 218 535
84 35 248 386
514 90 35 124 218 290 219 71
90 35 565 218 289
85 14 248 604
513 91 21 373 218 275 219 79
519 85 4 248 351 218 276
88 43 58 248 604 218 535
90 4 217 640 219 68
531 543 218 290 219 69
88 25 150 218 278
519 87 12 336 218 276 219 67
518 91 58 608 218 534
86 12 459 218 284
90 6 130 218 275
515 87 21 375 218 275 219 67
86 25 248 393
84 43 58 619 218 535
92 19 217 274 219 65 218 425
92 4 640 219 64 218 288
90 43 58 248 618 218 274
513 91 1 188 214 2 205
513 85 1 187 214 2 205
516 92 21 106 218 275 219 67
85 19 217 290 219 69 218 423
90 650 267 218 281
86 19 217 290 218 422
87 43 4 352 218 274
518 87 21 106 218 275 219 67
522 544 218 274 219 65
519 84 24 248 105 218 533
91 12 248 432
85 13 219 79 218 289
92 35 575 218 290
515 92 4 643 218 275 219 64
516 85 1 151 218 275
84 11 248 386
520 553 218 281 219 66
88 43 23 105 218 535
92 12 459 218 275
85 6 130 218 275
84 4 352 219 78
86 43 11 388 214 2 202 95
513 86 1 151 214 2 208
524 559 218 274 219 72
84 43 24 248 118 218 534
85 4 217 628 219 78
92 43 50 248 602 218 534
92 1 186 214 2 203 218 284
86 12 464 218 275
515 91 21 381 218 275 219 67
86 43 35 248 440 218 274
90 43 1 149 218 274
517 92 1 174 214 2 213
513 86 58 615
517 87 46 375
515 85 1 151 214 2 213
91 43 36 248 350 218 276
84 43 7 248 138 218 275
530 548 218 290 219 68
84 4 640 219 70 218 274
92 6 248 130
86 50 366 218 535
518 88 46 137 218 532 219 79
520 560 218 290 219 72
92 13 219 69 218 290
90 19 217 281 219 68 218 423
87 23 248 120
515 88 25 392 218 290 219 67
92 12 470 218 279
87 58 248 602 218 274
84 650 268 218 274
90 1 174 214 2 213 218 281
88 43 35 148
91 649 500 261
92 36 532 218 276
528 551 218 290 219 70
517 84 21 381 218 275 219 70
90 35 574 218 275
91 43 11 390 218 534
86 35 580 218 290
87 649 474 265
84 43 25 397 324 218 289
86 1 187 214 2 205 218 290
85 43 36 248 350 218 290
84 19 217 276 219 70 218 430
91 1 188 214 2 210 218 288
513 86 1 248 176 218 276
84 43 23 104 218 534
88 13 219 70 218 290
84 19 217 289 218 422
90 4 366 219 67
91 12 459 218 276
87 43 1 175 214 2 210 95
88 43 6 248 137 218 275
91 43 5 106 214 2 202 95
516 86 46 248 375 218 534
92 12 460 218 290
92 43 49 601 214 2 209 95
84 4 350 219 66
87 1 183 214 2 204 218 280
84 43 25 151 214 2 208 95
513 87 21 382 218 275 219 67
513 87 14 611 218 535 219 65
84 43 35 386 218 280
84 13 219 70 218 290
513 86 25 390
92 43 25 356 218 290
87 43 25 385 320 218 274
88 12 473 218 279
513 86 14 613 218 275
513 85 1 172 214 2 210
90 43 415 176
86 4 350 219 79
514 84 5 106 218 274 219 65
84 43 409 208
90 4 634 219 70 218 290
518 84 35 399 218 290
518 85 24 105
516 86 23 104 218 532 219 65
518 84 35 391
514 88 25 368 218 290 219 65
92 43 1 248 187 218 275
514 87 25 248 187 218 278
519 87 1 149 214 2 205
85 1 168 214 2 211 218 280
85 651 33 262 218 275
88 43 248 615 95
87 43 36 387 218 289
92 4 639 219 64 218 284
90 35 577 218 274
92 43 12 248 442 218 275
519 87 35 248 362 218 290
88 43 11 296 218 535
88 43 409 395
90 43 25 384 324 218 276
513 88 11 117 218 535
518 446 218 276
88 43 404 368
91 1 248 181 218 284
513 454 218 281
86 50 574 218 534
517 85 11 296 218 274
92 4 624 219 64 218 275
84 23 248 120 218 532
91 43 1 176 218 284
518 88 46 375 218 274 219 79
514 84 58 248 603 218 532
88 43 418 381
86 650 272 218 279
91 35 574 218 274
514 86 23 248 120 218 534
85 649 494 263
91 43 421 571
519 84 24 120
84 43 46 540 214 2 211 95
88 43 25 390 315 218 275
88 43 14 248 620 218 274
91 19 217 279 218 425
85 19 217 284 219 68 218 358
518 92 21 374 218 275 219 79
91 43 11 117 214 2 203 95
84 23 104 218 535
88 12 349 218 279
86 43 25 399 323 218 279
90 43 409 385
84 247 33 268 218 275
84 649 511 262
92 650 261 218 274
92 19 217 289 218 366
92 4 217 647 219 67
88 43 2 248 204 218 274
91 1 248 185 218 274
92 12 469 218 281
91 35 575 218 289
514 92 21 130 218 275 219 65
517 87 49 574
86 4 217 634 219 70
88 49 248 610
90 43 4 356
516 444 218 274
85 4 217 622 219 68
517 91 35 248 374 218 275
514 85 5 106 218 274 219 64
85 4 217 647 219 66
513 86 4 370
86 4 634 219 66 218 289
84 43 22 541 214 2 212 95
88 49 565 218 289
518 87 1 184 218 274 219 70
91 35 577 218 288
92 19 217 275 218 431
85 649 501 269
86 43 11 392 214 2 212 95
90 4 633 219 64 218 290
85 4 356 219 70
84 43 25 399 322 218 290
92 4 628 219 69 218 280
88 649 494 263
87 43 248 384 95
91 43 4 622 218 275
88 43 413 583
92 12 461 218 288
523 544 218 274 219 64
88 58 609 218 532
90 4 370 219 72
87 43 25 386 319 218 275
84 4 217 640 219 68
90 13 219 64 218 290
90 43 419 376
518 86 1 177 214 2 203
85 43 12 441
87 4 621 218 276
85 1 187 214 2 202 218 281
86 43 11 392 218 533
87 1 178 214 2 213 218 275
90 43 25 395 317 218 284
92 19 217 284 219 79 218 423
518 84 1 181 218 276 219 79
514 84 1 168 214 2 211
88 4 628 219 66 218 281
91 43 58 248 613 218 275
91 36 248 384 218 290
516 87 1 176 214 2 202
86 5 371 218 275
43 4 217 624
85 6 248 382 218 275
92 43 6 130 214 2 205 95
513 87 21 379 218 275 219 72
519 87 21 120 218 275 219 66
85 43 2 208 214 2 212 95
92 12 469 218 290
234 300 54 218 275
90 650 269 218 281
92 35 567 218 284
519 84 1 149 214 2 210
87 4 643 219 67 218 288
87 4 353 219 66
88 12 108 218 280
514 86 22 148
522 547 218 280 219 67
519 85 4 248 628 218 274
92 43 12 442
514 87 25 154
85 4 353 219 64
87 19 217 284 219 67 218 425
88 13 219 64 218 281
517 85 21 120 218 275 219 67
86 43 25 389 324 218 275
517 86 58 248 604 218 275
88 43 25 389 317 218 290
84 4 248 621
92 43 46 375
519 85 21 383 218 275 219 71
84 43 25 395 324 218 288
87 1 183 214 2 204 218 284
514 88 21 374 218 275 219 71
515 90 2 203 218 276 219 79
88 25 248 174 218 278
92 19 217 281 219 72 218 423
92 4 248 627 218 276
85 649 510 269
86 1 188 214 2 213 218 276
517 91 21 381 218 275 219 69
90 19 217 290 219 64 218 427
85 4 355 219 79
518 85 21 372 218 275 219 69
514 86 35 618 218 274
85 19 217 288 219 69 218 358
85 43 12 340
87 4 217 640 219 65
85 22 248 538
84 19 217 284 219 65 218 430
84 14 603 218 535
91 4 217 634 219 64
92 14 618 218 533
513 90 1 187 218 275 219 67
515 84 21 379 218 275 219 72
92 43 413 439
86 650 265 218 276
91 1 154 218 276
517 90 46 248 540 218 535
88 4 217 640 219 71
86 43 6 248 137 218 275
90 652 33 262 218 276
84 43 25 387 323 218 280
519 86 49 578
88 43 11 248 116 218 532
517 86 21 372 218 275 219 71
90 4 639 219 69 218 276
85 43 36 355 218 276
84 35 571 218 279
514 92 21 381 218 275 219 70
514 454 218 275
92 650 261 218 280
90 19 217 289 218 427
91 43 25 389 323 218 275
85 650 264 218 280
90 43 418 187
86 650 273 218 281
519 92 1 150 214 2 211
234 388 650 331
517 457 218 284
514 88 21 383 218 275 219 69
86 43 1 149 218 284
85 649 486 261
516 90 1 187
85 12 467 218 288
234 297 54 218 275
85 43 4 356 214 2 208 95
234 296 54 218 274
519 90 11 387 218 533 219 78
90 43 49 610 218 275
85 43 25 399 322 218 289
92 43 46 104 218 534
517 84 21 374 218 275 219 72
87 1 175 214 2 209 218 274
90 650 264 218 280
88 650 272 218 288
90 650 269 218 276
86 23 118 218 532
86 43 25 387 324 218 290
86 650 267 218 276
90 4 633 219 79 218 276
84 1 151 214 2 212 218 288
514 90 7 375
513 91 12 248 440 218 274
234 296 54 218 279
90 46 137 218 534
90 43 5 371
91 4 217 633 219 65
513 92 1 172 214 2 203
516 85 21 106 218 275 219 78
514 90 36 148 218 275
92 43 12 108 214 2 212 95
92 6 248 382
91 43 248 382 95
519 88 36 601 218 289
90 4 350 219 79
91 43 5 371 214 2 210 95
91 49 105 218 289
87 43 402 202
516 92 1 188 214 2 211
91 1 182 214 2 213 218 274
91 43 4 351
88 23 248 105
92 46 248 104
90 12 472 218 279
234 304 54 218 284
90 5 106 218 275
513 84 1 184 214 2 212
515 84 7 138
87 4 362 219 78
517 90 1 190 214 2 212
90 43 25 399 319 218 281
90 43 248 393 95
84 4 354 219 68
87 43 11 390 214 2 203 95
86 43 25 389 315 218 284
517 84 50 568
86 43 58 610
88 43 248 442 95
84 43 25 395 331 218 284
85 43 248 373 95
84 4 623 219 72 218 276
84 247 33 263 218 275
86 43 14 135 218 534
88 1 181 218 275
90 1 181 214 2 209 218 284
84 247 33 262 218 280
92 35 576 218 280
91 650 264 218 275
519 450 218 279
90 4 248 356
87 19 217 275 218 430
84 12 473 218 274
86 13 219 70 218 276
519 84 1 154 214 2 211
84 43 25 393 323 218 276
518 87 50 607 218 535 219 79
90 12 470 218 280
86 43 25 397 315 218 290
90 13 219 72 218 284
517 84 58 618 218 535 219 66
87 4 626 219 78 218 279
513 87 1 182 214 2 202
92 4 628 219 72 218 279
519 91 12 248 147 218 281
517 90 11 248 400 218 535
87 4 217 626 219 69
88 19 217 280 218 425
88 46 248 104 218 535
85 43 49 610 214 2 208 95
88 653 33 273 218 280
85 43 36 376 214 2 203 95
88 43 58 602
514 90 21 106 218 275 219 69
85 4 356 219 69
520 545 218 289 219 71
92 13 219 64 218 275
86 43 5 371 214 2 209 95
86 19 217 288 218 424
88 19 217 289 219 68 218 423
87 12 248 439 218 289
514 445 218 279
87 12 464 218 280
515 446 218 284
90 43 5 248 371 218 274
524 549 218 284 219 66
517 92 12 248 340 218 290
88 25 391 218 278
84 25 248 184 218 278
87 43 248 616 95
514 90 1 150 214 2 209
91 43 50 248 125 218 532
88 35 572 218 274
514 88 1 177 214 2 205
90 13 219 70 218 275
515 87 12 439
92 649 477 273
513 88 6 248 371 218 288
517 85 50 248 372 218 534
513 88 23 248 105 218 535
516 85 1 188 214 2 208
90 13 219 70 218 284
90 43 25 397 320 218 288
86 1 178 214 2 212 218 281
87 35 580 218 284
513 88 1 187 214 2 213
84 247 33 263 218 280
518 91 21 372 218 275 219 66
91 49 599 218 290
522 550 218 279 219 66
85 19 217 275 219 72 218 427
90 43 1 248 177 218 274
92 43 12 434
85 650 268 218 290
91 19 217 275 219 65 218 366
517 90 58 608
88 43 46 540
90 43 25 399 331 218 289
87 43 417 151
86 19 217 281 219 64 218 430
514 92 1 182 214 2 204
90 19 217 281 219 79 218 430
92 4 365 219 70
84 43 36 248 617 218 274
84 19 217 275 218 366
90 13 219 78 218 288
88 12 469 218 275
87 19 217 274 218 423
519 88 50 541 218 275
92 43 36 567 214 2 209 95
88 19 217 274 219 71 218 426
85 650 268 218 289
91 1 183 214 2 205 218 276
87 1 168 218 284
88 4 633 219 78 218 281
91 43 25 391 319 218 276
92 19 217 275 219 66 218 358
90 43 1 182 218 284
90 35 571 218 275
516 90 21 130 218 275 219 65
90 43 22 102 214 2 202 95
91 43 248 125 95
86 4 627 219 64 218 281
87 43 412 611
513 88 21 106 218 275 219 70
87 43 14 248 135 218 533
84 35 571 218 274
91 12 459 218 289
88 11 386 218 535
84 19 217 274 219 72 218 425
519 84 50 569 218 533
85 43 7 375
234 298 54 218 289
84 650 262 218 284
518 92 12 441 218 280
90 650 265 218 280
87 43 25 399 320 218 290
87 1 181 214 2 213 218 274
517 90 21 375 218 275 219 71
519 452 218 276
84 43 50 365 218 533
86 4 627 219 72 218 276
519 85 4 248 633 218 279
86 12 468 218 289
85 43 12 438 214 2 210 95
85 43 1 183 218 276
91 4 217 642 219 79
85 13 219 72 218 289
87 650 268 218 288
86 19 217 279 219 70 218 427
514 447 218 276
90 19 217 280 219 67 218 427
91 652 33 267 218 284
90 4 217 623 219 79
84 43 14 248 616 218 533
90 19 217 290 218 422
86 35 578 218 288
520 557 218 279 219 65
88 22 248 542
518 88 21 372 218 275 219 66
513 88 21 379 218 275 219 78
91 43 1 177 218 275
88 43 25 391 321 218 280
521 544 218 281 219 69
85 43 415 600
90 43 36 248 578 218 279
90 43 25 177
88 19 217 280 219 71 218 431
514 92 6 248 137 218 275
85 13 219 72 218 275
87 650 267 218 275
515 88 58 605
86 650 264 218 274
88 24 248 118 218 535
517 87 49 620
86 49 441 218 284
519 87 1 248 181 218 276
91 43 25 248 354 218 290
91 43 4 351 214 2 203 95
85 35 573 218 289
84 43 49 390 218 290
91 43 25 391 322 218 281
91 652 33 263 218 276
86 4 248 647 218 275
90 43 11 384 214 2 211 95
234 312 54 218 290
517 86 1 151 214 2 205
87 1 150 214 2 213 218 279
86 43 35 392
91 49 248 151 218 274
85 19 217 288 219 72 218 426
515 88 36 573 218 274 219 72
85 650 272 218 290
234 389 650 317
517 88 21 372 218 275 219 79
90 43 11 387 214 2 213 95
85 24 248 120 218 532
85 1 182 214 2 205 218 275
516 88 22 102 218 532
85 35 620 218 275
516 92 6 371 218 274 219 79
85 19 217 289 219 78 218 431
88 43 25 384 323 218 276
92 43 248 606 95
88 19 217 281 219 67 218 424
90 43 58 248 609 218 533
90 12 472 218 288
92 43 22 102
84 650 269 218 284
86 43 14 605 214 2 211 95
517 90 21 381 218 275 219 68
234 302 54 218 284
91 650 260 218 289
516 84 12 248 332 218 280
86 35 572 218 284
88 653 33 273 218 279
85 43 25 187 218 278
85 50 400 218 275
87 1 172 214 2 203 218 276
86 43 35 386 218 279
91 43 25 174 218 290
84 35 574 218 274
84 4 633 219 65 218 280
517 85 1 181 214 2 203
92 43 25 387 321 218 274
92 4 624 219 69 218 289
87 13 219 67 218 288
517 87 5 106
86 36 248 570
92 4 217 639 219 66
87 2 248 208 218 284
518 85 49 248 188 218 290
84 649 485 261
85 1 184 214 2 211 218 281
85 649 507 268
516 86 2 248 212 218 275
85 43 50 248 532 218 532
87 19 217 280 219 67 218 431
85 14 248 617 218 274
530 550 218 279 219 65
515 448 218 276
85 43 6 382
90 19 217 279 219 65 218 423
84 247 33 269 218 279
87 4 622 219 68 218 279
87 43 58 603
90 43 25 400 214 2 210 95
515 87 21 374 218 275 219 64
86 35 565 218 279
517 445 218 276
90 19 217 274 219 64 218 366
90 43 5 371 214 2 213 95
518 91 25 395
88 50 248 103 218 274
88 11 400 218 533
516 85 7 375 218 274
87 19 217 275 219 71 218 366
88 1 190 214 2 208 218 279
86 19 217 290 219 67 218 431
84 649 481 273
90 49 106 218 289
86 43 415 606
514 454 218 288
87 1 154 214 2 205 218 275
85 12 464 218 290
92 43 421 566
90 43 12 334 218 281
514 87 21 376 218 275 219 78
513 84 1 184 214 2 209
513 87 22 105 218 533 219 70
88 19 217 289 219 69 218 431
514 88 36 603
85 650 262 218 276
88 13 219 69 218 284
87 23 248 105 218 275
87 649 506 265
85 43 420 570
514 86 21 375 218 275 219 69
92 43 11 296 214 2 202 95
91 46 540 218 533
518 84 50 248 569 218 532
92 43 414 103
528 550 218 290 219 78
92 649 502 269
516 87 36 389 218 281 219 68
90 43 36 248 400 218 281
519 88 21 372 218 275 219 64
523 545 218 275 219 65
86 43 46 375
84 36 248 102
84 12 463 218 284
90 1 175 214 2 205 218 281
519 92 7 137 218 274 219 70
88 4 643 219 79 218 275
88 11 248 400
92 43 25 395 321 218 274
513 88 4 647
516 84 36 248 602 218 290
519 455 218 279
87 4 623 219 72 218 274
84 43 419 108
86 1 178 214 2 208 218 279
514 84 25 400 218 290
87 43 248 607 95
514 90 21 382 218 275 219 68
84 247 33 268 218 289
515 450 218 276
514 90 21 373 218 275 219 71
90 649 499 269
86 12 469 218 276
91 43 420 182
91 43 23 111 214 2 208 95
87 43 35 248 440 218 279
86 35 575 218 275
91 43 1 185 218 275
84 4 217 642 219 64
85 6 248 371 218 275
87 650 263 218 279
518 84 2 203 218 284 219 71
91 4 217 621 219 67
92 43 23 248 111 218 532
87 43 7 137 214 2 205 95
92 43 25 384 323 218 281
92 43 409 573
87 43 36 399 218 274
90 43 12 340 214 2 209 95
515 88 1 185 214 2 208
521 564 218 275 219 65
85 651 33 260 218 284
88 12 340 218 276
84 35 248 366
86 43 403 615
90 43 35 248 387 218 281
90 4 217 622 219 72
518 88 1 168 218 274 219 71
85 43 25 390 317 218 276
84 22 375 218 534
90 6 371 218 288
86 7 137 218 274
88 19 217 290 219 65 218 422
86 19 217 274 218 366
91 43 14 616
517 90 6 248 137 218 288
518 92 12 248 442 218 274
85 1 248 187 218 274
520 558 218 280 219 78
92 43 25 400 318 218 281
518 90 25 202 218 278 219 66
90 35 606 218 288
517 458 218 289
88 43 4 356
88 12 472 218 275
513 86 1 174 214 2 202
90 649 507 264
531 548 218 276 219 65
518 86 46 137 218 535 219 64
85 651 33 265 218 289
84 19 217 290 218 354
517 87 50 366
84 13 219 71 218 276
85 43 22 248 103 218 532
84 5 371 218 288
516 91 1 149 214 2 211
87 43 25 395 319 218 275
91 43 248 374 95
86 43 46 137
524 563 218 281 219 65
85 4 217 633 219 64
87 43 248 124 95
90 4 642 219 68 218 274
88 43 14 613
88 25 248 210 218 290
85 4 350 219 67
513 91 24 104 218 532 219 64
91 2 248 211
86 649 494 267
84 650 272 218 280
87 12 438 218 280
85 4 248 356 218 279
85 19 217 281 218 431
91 4 628 219 79 218 280
519 457 218 284
515 87 5 106
91 35 574 218 280
88 1 185 214 2 213 218 279
92 43 5 248 106 218 274
84 43 12 332 214 2 209 95
84 4 351 219 68
514 90 1 184 214 2 202
84 12 465 218 279
84 43 403 610
87 43 404 188
90 19 217 279 219 69 218 354
91 43 5 248 130 218 288
515 90 50 384 218 534 219 64
516 91 50 126 218 533 219 69
91 19 217 280 219 69 218 426
516 86 21 374 218 275 219 78
515 91 14 602
90 43 248 583 95
84 4 217 640 219 70
516 86 7 137
91 4 622 219 71 218 280
91 4 370 219 66
88 19 217 290 218 423
519 84 35 613
92 652 33 263 218 284
86 50 248 571
86 649 483 262
90 12 460 218 289
514 85 1 183 214 2 211
88 23 248 111 218 534
91 43 4 362
87 4 217 627 219 68
92 12 470 218 280
86 43 412 213
86 43 1 187 218 274
86 43 50 620
91 43 248 614 95
517 88 6 137 218 275
85 43 416 124
513 91 23 118
87 13 219 72 218 290
516 91 5 371 218 275
514 91 1 174 214 2 203
85 24 248 105
90 43 415 103
515 90 1 174 214 2 204
513 87 21 374 218 275 219 66
519 88 49 248 120 218 289
86 43 12 441 218 275
90 43 25 388 322 218 280
92 35 579 218 288
92 43 12 248 334 218 284
531 546 218 279 219 66
85 43 22 248 117 218 533
91 19 217 288 219 65 218 425
92 12 469 218 275
517 87 21 120 218 275 219 70
84 43 46 375
87 4 354 219 64
90 58 248 608 218 535
515 88 1 149 214 2 202
517 92 4 639
516 85 46 375 218 532 219 68
519 92 58 620
519 90 21 106 218 275 219 66
85 43 46 248 375 218 274
88 50 248 354
91 4 217 647 219 78
91 1 182 214 2 208 218 275
514 85 24 248 104 218 275
85 651 33 273 218 280
90 4 627 219 78 218 275
86 4 217 634 219 65
87 649 484 267
514 92 22 105 218 535
92 652 33 269 218 284
515 85 21 371 218 275 219 65
87 4 356 219 68
515 85 11 248 296 218 533
514 85 1 150 214 2 211
92 25 184 218 278
85 36 248 538 218 281
518 90 23 104 218 534
84 4 217 634 219 65
88 43 248 354 95
90 4 624 219 70 218 274
85 13 219 66 218 284
87 43 11 248 385 218 534
526 554 218 289 219 78
87 649 477 267
91 43 5 130 214 2 209 95
91 12 464 218 281
91 19 217 275 218 430
86 43 25 384 319 218 280
85 43 49 124 218 284
515 92 1 176 214 2 209
91 43 14 608
86 4 350 219 65
91 4 355 219 67
87 43 7 130 218 288
86 652 33 261 218 275
92 43 412 368
88 1 151 214 2 209 218 280
519 91 4 248 621 218 274
88 43 12 248 335 218 284
92 13 219 69 218 288
91 43 58 614 214 2 212 95
91 43 12 333 214 2 202 95
85 23 118 218 274
84 650 267 218 280
516 85 1 181 214 2 208
91 43 407 352
514 86 21 376 218 275 219 67
84 247 33 260 218 288
91 43 24 248 105 218 535
84 1 178 214 2 212 218 288
92 1 248 178
84 12 459 218 276
513 92 14 248 601 218 535
88 13 219 70 218 289
515 85 14 605 218 275 219 79
513 92 4 248 366 218 274
90 1 174 214 2 209 218 281
513 91 21 371 218 275 219 67
90 43 248 605 95
91 43 407 375
85 43 1 172 214 2 203 95
84 43 12 147 218 288
87 19 217 274 219 65 218 427
516 88 7 375 218 274
91 649 506 265
515 92 1 149 214 2 203
519 86 25 176 218 290
90 650 265 218 275
92 43 5 248 130 218 275
88 650 260 218 280
518 90 4 624 218 275
88 4 366 219 69
87 12 470 218 280
518 90 24 248 105 218 532
86 4 634 219 78 218 275
92 43 4 621 214 2 202 95
517 92 21 383 218 275 219 72
516 85 21 379 218 275 219 67
519 90 5 130 218 275 219 64
92 43 5 371 214 2 208 95
88 4 633 219 68 218 290
92 2 204 218 274
88 649 491 268
515 92 1 248 174 218 276
88 19 217 289 219 79 218 423
514 84 7 248 130 218 274
90 652 33 272 218 274
513 87 1 190 218 275 219 78
92 43 35 614 218 284
91 43 49 441 218 284
87 43 7 248 130 218 288
85 4 643 219 70 218 280
234 306 54 218 289
88 653 33 267 218 274
513 85 1 168 214 2 212
84 43 22 248 102 218 275
514 86 35 573 218 281 219 70
88 43 25 397 322 218 274
85 19 217 288 218 366
85 12 471 218 275
518 90 2 208 218 284
84 1 185 214 2 203 218 284
90 43 50 373 214 2 211 95
86 43 420 597
88 24 248 120 218 533
90 25 149 218 278
515 90 50 248 368 218 534
90 649 474 264
88 12 349 218 276
85 1 154 214 2 212 218 280
91 4 351 219 68
91 36 108 218 288
88 49 204 218 275
91 4 356 218 276
86 19 217 279 219 68 218 430
514 85 25 168 218 278 219 64
88 5 248 371 218 288
90 43 7 248 130 218 274
519 88 1 182 214 2 213
91 50 248 392
88 4 217 623 219 66
84 43 11 384 218 274
85 4 248 624
87 4 217 626 219 78
519 87 5 371 218 288 219 68
92 43 12 349
88 4 362 219 69
518 86 46 248 375 218 535
514 91 35 578 218 289 219 64
87 46 375 218 533
87 649 502 265
527 559 218 284 219 64
91 6 248 371 218 275
84 5 248 106 218 274
518 91 46 375 218 275 219 66
92 649 377 273
515 87 12 108 218 284
516 91 50 248 148 218 532
524 551 218 276 219 68
519 92 14 613
87 43 419 395
91 4 626 219 68 218 276
513 84 35 355
84 247 33 264 218 288
90 43 58 611
92 1 181 214 2 211 218 279
87 43 25 248 212 218 290
517 87 1 183 214 2 203
91 35 579 218 284
513 90 7 248 137 218 274
88 35 248 601
85 43 248 565 95
84 43 23 104 218 532
519 456 218 279
92 43 1 187 214 2 212 95
87 43 248 102 95
523 561 218 279 219 65
517 85 49 620
513 85 1 172 214 2 208
87 46 104 218 535
90 1 185 214 2 204 218 289
527 545 218 290 219 64
86 43 14 613
87 4 217 628 219 79
92 43 248 125 95
516 91 46 104 218 274
88 43 5 371 218 274
514 87 14 605 218 535
92 43 4 623 218 279
87 12 469 218 274
518 449 218 275
92 652 33 273 218 276
85 35 581 218 281
86 36 248 120
92 43 2 248 202 218 284
514 90 22 104 218 534 219 79
86 43 248 434 95
518 92 2 213 218 276 219 66
518 88 21 382 218 275 219 67
85 43 14 615 214 2 213 95
91 43 25 384 321 218 280
86 6 371 218 275
85 649 494 265
84 1 177 214 2 205 218 289
84 11 400 218 274
87 12 467 218 281
518 92 21 373 218 275 219 78
91 19 217 276 219 64 218 431
88 19 217 288 219 64 218 423
515 91 46 375
525 555 218 281 219 72
516 86 7 130 218 288 219 65
92 43 58 248 615 218 532
90 43 14 561
87 1 176 214 2 202 218 274
87 14 248 603
92 43 25 184 214 2 213 95
85 19 217 275 219 68 218 426
519 90 46 248 540 218 534
88 43 417 150
88 12 470 218 288
86 650 261 218 274
86 35 108 218 274
88 653 33 264 218 284
91 35 576 218 281
90 19 217 288 218 366
513 92 5 248 371 218 288
527 560 218 288 219 69
85 43 413 565
92 14 248 619
86 649 512 262
517 91 6 137 218 274
86 4 643 219 79 218 280
91 43 248 383 95
515 91 11 248 397 218 532
88 43 25 183
517 86 22 536
516 91 11 395 218 274
85 4 370 219 69
87 43 1 248 178 218 284
514 86 49 384 218 284 219 67
90 43 22 542
88 4 351 219 70
516 86 1 181 214 2 213
91 43 25 395 317 218 288
92 43 25 393 320 218 280
513 92 25 248 176 218 290
234 303 54 218 275
514 452 218 288
88 43 25 388 318 218 280
518 87 50 615 218 275
92 1 172 214 2 210 218 290
85 43 58 607 218 275
85 46 248 375
88 43 2 208 214 2 213 95
91 12 469 218 276
92 43 1 248 190 218 276
518 92 1 175 214 2 208
517 91 1 154 214 2 209
90 1 176 214 2 203 218 274
90 43 25 393 315 218 281
86 4 640 219 68 218 274
85 35 570 218 289
91 4 647 219 68 218 289
88 19 217 279 219 67 218 354
513 86 50 381 218 283
88 653 33 265 218 288
88 649 475 261
516 90 21 376 218 275 219 72
516 84 7 130 218 288 219 70
91 650 272 218 284
518 92 1 172 218 275 219 68
91 43 7 138 218 288
92 43 25 391 319 218 280
517 86 1 150 214 2 213
90 19 217 289 218 354
91 43 25 399 322 218 289
91 2 248 210
91 35 570 218 284
515 455 218 279
514 91 6 248 382 218 288
88 43 58 248 613 218 533
90 652 33 269 218 288
91 19 217 281 219 65 218 366
91 652 33 273 218 289
516 84 58 611 218 274 219 78
516 84 21 382 218 275 219 64
86 43 49 392
515 92 22 541
91 43 248 580 95
91 43 411 186
88 650 268 218 281
84 13 219 72 218 288
87 1 172 214 2 202 218 290
84 43 406 365
92 35 248 368 218 288
88 43 35 579 218 280
85 35 569 218 284
86 4 353 219 71
85 43 407 438
517 446 218 284
514 92 1 175 214 2 205
528 560 218 280 219 72
87 19 217 280 219 71 218 366
85 36 248 121 218 274
91 19 217 276 218 422
91 43 58 604
519 86 1 182 214 2 211
92 650 265 218 280
515 90 24 248 104 218 534
88 43 6 382
515 447 218 280
90 43 25 177 218 290
513 88 1 150 214 2 205
531 553 218 279 219 79
519 453 218 281
92 649 482 272
92 19 217 290 218 366
84 43 248 103 95
86 4 365 219 65
531 544 218 288 219 69
92 4 350 218 275
514 87 14 617 218 535
92 650 260 218 289
88 58 248 614
86 43 5 248 371 218 275
91 43 14 248 604 218 533
87 43 6 248 371 218 274
91 43 2 209 218 284
514 87 7 138 218 274 219 70
90 4 353 219 68
91 1 248 184
91 43 46 375 218 274
514 88 24 118
86 1 178 214 2 203 218 280
86 649 494 262
88 43 11 117 218 274
86 43 409 383
86 19 217 290 219 69 218 366
87 35 248 397
84 650 264 218 280
90 4 627 219 69 218 288
87 1 150 214 2 202 218 281
513 445 218 275
84 35 566 218 284
514 87 58 248 616 218 533
88 43 14 248 610 218 275
85 43 46 137 214 2 204 95
519 87 50 607
518 91 5 371 218 288 219 64
87 2 205 218 276
519 85 1 190 214 2 208
91 1 172 214 2 210 218 284
516 88 21 371 218 275 219 72
514 450 218 290
92 22 248 536 218 535
91 43 22 124
517 84 24 111
92 43 50 605 214 2 209 95
91 1 175 214 2 203 218 290
92 43 11 310
513 87 1 185 214 2 212
84 1 176 214 2 202 218 274
515 92 11 400 218 274
90 11 248 387
92 650 261 218 290
513 87 58 248 619 218 275
90 58 248 604 218 275
88 650 260 218 290
92 35 568 218 289
514 451 218 289
515 90 49 108 218 275 219 71
90 43 25 385 331 218 281
85 35 248 365
84 43 25 368
519 450 218 280
84 43 6 248 382 218 274
85 4 352 219 64
92 4 622 219 69 218 274
86 12 468 218 288
86 22 148 218 535
86 4 217 634 219 79
84 35 566 218 279
92 43 418 395
91 4 217 642 219 69
87 43 14 605
90 24 118 218 532
518 85 1 150 214 2 212
90 43 24 120 218 534
515 88 1 149
85 19 217 288 219 66 218 425
84 13 219 79 218 290
88 43 25 393 331 218 289
91 35 248 612
516 88 35 586 218 289 219 71
87 19 217 279 219 78 218 430
88 49 248 570 218 281
513 86 22 121 218 275
518 87 21 130 218 275 219 78
516 87 4 248 627 218 275
88 58 248 604
91 43 4 356 214 2 209 95
84 43 4 627
85 4 356 219 66
514 87 21 382 218 275 219 67
86 12 468 218 276
517 87 1 176 214 2 202
518 87 1 186 214 2 205
88 19 217 274 219 71 218 431
90 43 7 375 218 274
515 91 21 379 218 275 219 71
88 46 137 218 534
86 4 248 627
516 87 14 611 218 532 219 64
92 23 248 105 218 275
85 43 2 248 212 218 275
86 35 571 218 281
514 91 1 177 214 2 203
85 43 411 105
84 43 22 148
86 4 217 640 219 66
90 19 217 288 219 67 218 423
88 43 24 120 214 2 210 95
85 43 25 248 353 218 290
91 43 412 365
85 43 24 120 218 274
84 43 14 609
90 35 578 218 288
88 58 248 616
90 4 355 219 70
91 19 217 275 219 68 218 422
516 457 218 281
91 35 578 218 284
86 4 366 219 79
90 35 248 350
85 4 356 219 68
91 25 248 212 218 278
84 4 217 633 219 70
514 92 22 103 218 275
517 86 23 120 218 532 219 70
85 4 366 219 66
84 13 219 71 218 280
85 650 267 218 279
43 4 217 623
87 6 382 218 288
84 50 248 106
88 22 126 218 533
88 4 370 219 66
90 11 248 310 218 535
87 12 473 218 281
88 653 33 264 218 288
516 91 14 248 616 218 274
87 43 409 120
86 58 609 218 535
516 86 50 374 218 283
87 43 11 310 214 2 208 95
234 294 54 218 280
86 12 248 434 218 284
519 85 7 138 218 274 219 69
86 12 459 218 280
87 43 248 399 95
90 19 217 288 218 430
90 43 419 108
519 92 21 120 218 275 219 64
88 4 248 640
88 649 507 269
92 43 25 395 320 218 290
86 19 217 275 219 71 218 358
86 12 465 218 276
86 43 419 381
513 84 12 248 348 218 275
91 43 413 391
519 92 11 248 395 218 535
87 12 469 218 279
87 19 217 280 219 79 218 366
84 43 24 104 214 2 209 95
515 445 218 280
91 43 50 609 214 2 211 95
91 12 472 218 275
84 35 567 218 281
91 4 638 219 70 218 274
92 43 419 388
86 14 609 218 534
90 43 58 618
90 4 350 219 71
513 88 58 607 218 274
516 90 21 106 218 275 219 72
513 92 21 374 218 275 219 72
92 43 411 379
85 651 33 265 218 290
90 43 24 120 214 2 213 95
513 90 1 185
84 12 461 218 284
92 19 217 290 219 70 218 422
517 448 218 275
516 86 12 440 218 281 219 71
515 87 1 175 214 2 209
515 87 25 395 218 290 219 66
516 84 1 181 214 2 213
88 43 25 248 210 218 290
91 652 33 261 218 275
513 85 46 104 218 274
85 13 219 78 218 276
86 43 25 172
85 43 25 204 218 278
84 4 622 219 70 218 280
92 43 409 602
518 90 11 389 218 533
85 1 151 214 2 202 218 276
92 650 268 218 280
516 86 50 586
90 43 11 296
516 84 22 148 218 534 219 67
87 13 219 65 218 290
91 1 177 214 2 204 218 279
85 19 217 290 219 70 218 427
234 306 54 218 279
88 649 506 261
84 1 150 214 2 211 218 280
517 90 46 375 218 274 219 64
90 1 175 214 2 203 218 276
87 12 466 218 289
84 35 580 218 281
92 649 497 269
87 4 217 639 219 71
515 90 1 182 214 2 208
86 649 504 267
514 86 1 190 214 2 211
515 87 21 130 218 275 219 64
518 447 218 281
517 84 46 248 104 218 534
88 4 628 219 65 218 276
516 91 25 386
91 43 14 603 214 2 209 95
514 85 12 248 146 218 274
88 46 248 375 218 535
234 299 54 218 274
92 11 387 218 532
91 43 406 600
86 19 217 290 219 67 218 358
84 4 217 627 219 71
516 86 24 104 218 534
517 87 1 175 214 2 205
84 43 4 634 214 2 205 95
514 85 35 353 218 280
90 19 217 284 219 64 218 431
86 43 417 576
513 90 25 397
85 43 248 387 95
85 1 176 214 2 213 218 284
86 43 25 389 317 218 288
92 1 149 214 2 204 218 280
88 650 262 218 274
85 43 248 376 95
515 87 58 615
515 84 12 349 218 280 219 71
92 14 614 218 532
84 43 407 351
91 43 6 137
91 13 219 71 218 281
92 43 5 130 214 2 202 95
85 43 50 386
87 4 638 219 67 218 290
515 87 1 151 214 2 204
88 653 33 268 218 281
88 43 35 373 214 2 209 95
86 13 219 67 218 280
84 35 567 218 284
91 19 217 276 219 65 218 430
515 90 24 105 218 533
86 43 25 248 177 218 290
85 4 353 219 67
234 298 54 218 276
90 50 536 218 533
514 92 22 116 218 535
85 43 25 385 321 218 281
87 4 217 622 219 71
516 84 22 105
518 87 50 395
518 90 5 248 130 218 274
92 6 248 371
84 649 488 265
85 650 261 218 284
84 14 248 603
517 87 1 190 214 2 205
88 43 25 393 321 218 274
87 650 268 218 274
87 4 350 219 71
87 13 219 78 218 275
519 85 12 348 218 284
523 552 218 280 219 71
91 4 624 219 68 218 289
90 43 7 375 214 2 211 95
519 88 58 248 608 218 534
90 652 33 265 218 288
519 85 58 611
91 43 2 202 218 276
514 91 7 248 137 218 288
92 43 11 296 214 2 205 95
516 88 21 106 218 275 219 64
90 43 24 248 118 218 275
91 43 49 581 218 290
91 11 395 218 534
517 446 218 289
516 90 1 187 214 2 211
513 88 24 248 118 218 535
90 652 33 263 218 284
525 558 218 275 219 66
87 4 640 219 71 218 276
86 43 4 642
91 19 217 289 219 69 218 431
86 19 217 279 219 78 218 423
515 87 21 130 218 275 219 69
516 84 22 116 218 532
513 88 5 248 130 218 288
518 91 21 130 218 275 219 69
87 43 36 352 214 2 202 95
84 1 154 214 2 203 218 279
92 1 184 218 276
86 35 566 218 288
91 43 12 147
86 650 262 218 279
92 649 483 263
517 87 21 382 218 275 219 71
516 445 218 279
84 43 25 397 318 218 284
88 36 581 218 288
513 87 1 149 214 2 204
84 19 217 276 219 70 218 425
85 43 25 397 317 218 289
516 86 4 355
87 25 248 211 218 278
88 650 272 218 275
88 43 25 388 214 2 205 95
92 4 217 622 219 72
517 85 1 181 214 2 210
85 19 217 276 219 66 218 430
90 43 411 125
87 650 269 218 290
92 13 219 65 218 281
90 43 248 106 95
234 386 650 321
516 86 4 248 622 218 279
519 88 1 178 214 2 210
86 4 351 219 71
516 92 21 374 218 275 219 68
84 25 248 213 218 278
514 453 218 289
91 12 463 218 275
84 19 217 280 219 68 218 430
519 86 21 383 218 275 219 65
90 43 46 248 375 218 534
92 19 217 281 219 72 218 431
92 43 402 578
519 92 1 168 214 2 210
519 458 218 274
87 4 639 219 70 218 288
518 84 58 614
88 49 248 532
87 649 504 264
92 12 470 218 275
519 91 50 400 218 533
515 91 1 168 218 276 219 68
516 86 6 137 218 288 219 68
516 87 36 395 218 289 219 69
86 650 265 218 290
86 1 184 214 2 211 218 290
517 92 1 187 214 2 212
84 43 248 353 95
515 91 21 130 218 275 219 71
85 649 503 264
84 4 217 643 219 70
90 12 459 218 281
90 14 618 218 275
88 35 575 218 279
517 87 49 578 218 281
85 49 567 218 275
90 12 470 218 284
527 544 218 288 219 66
92 43 25 389 324 218 279
84 19 217 290 219 64 218 422
516 84 21 120 218 275 219 69
513 88 7 137 218 274
90 650 265 218 279
515 85 6 130 218 288 219 72
234 385 650 319
91 1 184 214 2 210 218 275
87 43 25 385 323 218 289
87 43 402 386
91 43 50 438 214 2 208 95
88 43 4 248 638 218 276
90 652 33 264 218 281
518 84 1 186 214 2 211
523 548 218 279 219 72
518 85 1 185 214 2 213
87 43 23 248 118 218 533
518 454 218 289
88 7 130 218 274
92 13 219 71 218 288
91 6 248 371
516 84 1 149 214 2 204
86 35 569 218 288
519 91 21 120 218 275 219 64
524 550 218 279 219 67
516 91 7 375
516 88 1 188 214 2 210
517 92 21 106 218 275 219 71
91 12 248 332
517 90 58 618 218 274
85 35 579 218 288
86 4 354 219 64
84 4 366 219 69
92 4 647 219 72 218 284
92 4 640 219 67 218 288
86 22 248 105 218 275
86 12 463 218 280
518 88 50 121
518 86 4 634 218 275
85 43 11 392
91 43 22 248 542 218 532
88 43 58 613
85 43 25 385 315 218 274
90 58 248 610 218 274
515 445 218 284
91 652 33 269 218 289
92 4 634 219 70 218 284
90 1 181 214 2 203 218 274
85 43 24 120
516 86 25 352 218 278
513 87 14 248 609 218 532
92 12 469 218 284
519 86 49 601 218 288 219 68
86 650 269 218 284
87 4 355 219 66
521 551 218 280 219 79
516 84 21 106 218 275 219 69
92 19 217 279 219 78 218 430
92 43 248 400 95
87 2 203 218 275
84 43 14 604 214 2 210 95
92 4 217 647 219 70
88 12 468 218 288
516 85 12 108 218 288
87 4 217 638 219 65
85 4 217 642 219 71
90 1 187 214 2 209 218 290
86 1 184 214 2 212 218 274
85 43 416 388
516 90 21 382 218 275 219 69
517 84 21 120 218 275 219 79
87 43 248 387 95
84 43 2 248 211 218 274
91 4 634 219 65 218 276
518 86 49 354 218 290 219 68
87 43 248 578 95
517 90 7 138
90 43 36 248 600 218 290
91 7 137 218 274
517 85 11 248 310 218 533
519 84 4 350
84 1 175 214 2 204 218 279
518 85 21 374 218 275 219 71
90 4 217 633 219 68
84 43 6 137 218 288
90 4 627 219 65 218 274
90 11 248 393
91 43 35 355 214 2 205 95
92 4 647 219 79 218 281
517 84 1 184 214 2 202
90 43 49 610 214 2 209 95
92 19 217 275 218 422
513 88 21 375 218 275 219 70
516 88 1 181 218 274
88 1 182 214 2 209 218 280
92 19 217 284 219 69 218 423
523 546 218 279 219 67
84 43 248 393 95
518 87 5 106
519 455 218 290
88 35 575 218 276
90 43 36 248 350 218 284
92 4 353 219 67
84 4 217 647 219 67
91 12 472 218 279
84 43 248 567 95
524 546 218 279 219 64
84 650 272 218 284
92 35 573 218 274
517 88 2 202 218 276 219 64
517 91 21 376 218 275 219 65
517 84 25 390
88 1 184 214 2 205 218 281
516 84 21 106 218 275 219 67
517 455 218 279
92 1 154 214 2 204 218 288
519 92 46 104 218 533
91 23 105 218 532
90 652 33 263 218 275
514 84 50 248 376 218 533
85 12 471 218 288
85 43 248 538 95
522 546 218 276 219 66
91 1 183 214 2 212 218 284
518 86 1 183 214 2 213
85 4 638 219 72 218 289
88 43 12 248 340 218 281
91 25 175 218 278
85 35 575 218 281
518 90 25 368 218 278 219 79
85 43 49 248 570 218 279
87 1 183 214 2 211 218 288
85 43 411 606
88 43 50 400
514 90 23 105 218 532
85 650 267 218 284
88 24 104 218 533
88 43 248 350 95
87 4 642 219 68 218 280
515 88 24 104 218 534
91 25 248 354 218 278
85 13 219 69 218 289
85 650 260 218 276
91 36 389 218 274
91 43 248 610 95
88 4 351 219 64
85 1 184 214 2 210 218 279
92 4 353 219 65
514 90 25 187
84 12 473 218 284
514 86 58 248 615 218 534
92 35 577 218 284
91 1 177 214 2 212 218 274
92 35 373 218 280
518 84 1 178 214 2 205
84 49 248 605 218 276
514 87 21 130 218 275 219 71
88 12 466 218 280
513 84 21 373 218 275 219 68
519 90 49 386
90 35 565 218 290
88 43 58 610
519 92 35 441 218 284 219 72
86 4 628 218 274
91 23 248 105
515 88 21 371 218 275 219 79
85 19 217 290 218 358
85 12 459 218 276
85 4 639 218 275
515 88 1 248 185 218 275
91 43 403 392
86 650 262 218 289
514 84 11 310
516 87 24 111
87 43 22 116 218 532
91 4 622 219 67 218 281
85 43 2 248 205 218 284
85 4 626 219 65 218 289
84 25 248 174
87 652 33 272 218 288
234 299 54 218 275
91 652 33 262 218 274
91 43 410 204
91 649 494 269
91 43 24 118
84 649 486 265
518 84 36 579 218 284 219 64
88 4 368 219 68
85 43 404 121
92 19 217 280 219 72 218 430
87 4 362 219 68
86 1 181 214 2 202 218 289
86 43 25 385 317 218 276
513 88 50 248 130 218 275
515 88 21 130 218 275 219 78
92 4 356 219 64
92 43 421 386
85 19 217 276 219 79 218 424
514 86 22 536 218 275
85 46 375 218 274
87 36 570 218 284
90 4 217 642 219 72
515 92 24 111 218 274
90 43 248 120 95
92 652 33 260 218 288
91 35 575 218 275
516 87 21 120 218 275 219 68
86 22 248 541
517 85 1 186 214 2 209
514 91 1 154 214 2 212
86 43 7 130 214 2 209 95
528 550 218 288 219 64
91 13 219 72 218 275
513 86 21 374 218 275 219 66
92 43 24 248 111 218 274
88 43 248 432 95
90 4 621 219 64 218 279
87 43 22 103 214 2 204 95
90 43 58 620
90 4 370 219 70
515 91 1 183 214 2 211
87 4 217 642 219 64
518 87 21 371 218 275 219 68
517 90 4 623 218 275
90 649 492 260
513 85 11 248 400 218 533
521 554 218 274 219 66
92 12 468 218 281
514 456 218 288
86 19 217 276 219 69 218 425
87 650 268 218 290
91 43 248 120 95
234 301 54 218 288
90 650 263 218 281
85 4 633 219 68 218 284
85 5 106 218 288
517 91 1 176 214 2 213
87 43 25 388 319 218 288
526 550 218 280 219 67
87 4 633 219 67 218 279
88 19 217 280 219 72 218 423
92 43 248 365 95
522 553 218 290 219 71
87 649 511 261
514 453 218 284
524 559 218 280 219 64
88 1 149 218 275
521 561 218 281 219 67
88 43 25 391 318 218 274
91 43 25 397 324 218 290
517 91 14 601 218 532 219 72
85 43 410 151
86 43 12 439 214 2 205 95
514 90 23 105 218 532 219 70
90 649 478 267
86 12 469 218 289
85 4 217 634 219 79
86 43 2 248 203 218 284
84 43 404 148
90 43 25 395 320 218 281
92 43 25 391 319 218 288
84 19 217 290 219 68 218 366
91 43 419 434
91 43 1 248 181 218 275
85 649 498 272
514 91 25 387 218 278
85 12 248 108
90 4 621 219 66 218 279
85 649 509 267
517 86 1 190 214 2 210
85 35 565 218 281
90 649 500 272
91 649 506 261
92 43 25 390 324 218 281
88 7 138 218 275
519 87 11 392 218 274
84 43 7 248 130 218 275
91 649 505 272
517 457 218 276
87 12 462 218 274
86 19 217 288 219 65 218 358
521 564 218 288 219 72
91 4 634 219 64 218 288
92 19 217 284 218 426
91 4 624 219 78 218 280
84 650 260 218 276
517 86 58 608 218 534
85 14 602 218 276
513 92 25 248 149 218 290
234 390 650 323
88 43 416 586
519 451 218 275
517 84 1 150 214 2 208
90 43 25 399 322 218 276
522 556 218 281 219 66
90 1 248 185
87 35 577 218 289
92 652 33 262 218 281
92 35 576 218 274
84 43 403 617
525 564 218 280 219 68
87 43 25 384 318 218 289
92 2 248 213 218 274
88 43 419 568
514 88 21 381 218 275 219 72
84 12 466 218 281
85 4 217 628 219 79
515 87 21 382 218 275 219 71
91 1 248 178 218 274
84 4 368 219 68
92 649 491 272
84 23 120 218 274
91 19 217 288 219 69 218 425
234 308 54 218 279
517 85 1 183 214 2 204
517 84 50 362
92 650 260 218 284
92 650 260 218 276
88 43 25 387 319 218 281
516 84 5 130 218 288 219 65
92 50 248 604
517 86 58 248 603 218 275
514 84 7 375 218 288
85 43 25 387 320 218 289
85 43 248 605 95
92 58 248 620 218 535
92 19 217 275 219 67 218 422
84 43 35 576 214 2 212 95
92 1 185 214 2 210 218 281
519 92 7 248 138 218 288
517 92 50 130 218 283 219 66
86 11 248 395 218 532
86 43 35 107 214 2 202 95
87 43 11 248 386 218 532
85 35 581 218 289
86 652 33 263 218 274
87 43 248 434 95
85 7 248 130 218 274
86 652 33 260 218 276
92 4 217 647 219 79
516 84 2 248 213 218 276
87 43 411 604
88 43 420 567
92 35 566 218 288
513 85 1 248 190 218 274
514 92 50 372 218 274
516 87 50 125
84 649 477 267
516 90 35 442 218 279 219 67
92 12 248 332 218 289
91 4 217 622 219 67
85 651 33 269 218 288
527 547 218 274 219 70
86 12 460 218 290
525 549 218 276 219 64
518 455 218 276
86 43 248 381 95
86 43 23 248 104 218 535
84 650 263 218 279
87 4 217 622 219 79
90 23 105 218 535
87 43 1 149
87 43 58 248 602 218 533
88 43 6 371 214 2 210 95
516 90 49 248 172 218 289
87 652 33 264 218 280
91 23 248 120
87 13 219 68 218 274
90 13 219 67 218 289
86 43 50 381 214 2 208 95
85 43 25 393 318 218 290
517 84 1 154 214 2 204
88 4 217 628 219 69
92 43 420 607
92 43 248 612 95
91 13 219 64 218 289
84 43 416 568
519 91 6 382 218 274 219 65
517 91 21 381 218 275 219 70
519 85 21 379 218 275 219 79
86 19 217 284 218 422
519 84 24 104
86 652 33 272 218 274
85 4 624 219 67 218 276
87 43 405 154
86 43 36 248 612 218 281
516 84 49 248 177 218 274
92 24 118 218 275
513 84 5 248 106 218 274
518 444 218 279
90 19 217 289 219 66 218 426
84 43 2 202 214 2 208 95
88 43 407 434
86 43 248 607 95
515 455 218 289
91 652 33 262 218 288
517 91 2 248 213 218 284
91 4 370 219 64
84 43 248 126 95
84 13 219 70 218 279
518 90 14 135 218 275
88 12 462 218 280
88 43 50 248 107 218 283
90 43 25 399 323 218 274
91 43 23 248 105 218 532
90 43 58 613 214 2 204 95
91 652 33 272 218 289
515 90 36 248 365 218 274
514 84 46 104 218 534 219 65
84 43 406 177
92 22 248 536 218 275
519 92 11 393 218 534
92 43 420 366
90 35 577 218 280
518 88 14 248 601 218 276
515 87 21 381 218 275 219 70
515 91 21 375 218 275 219 68
86 650 263 218 289
84 43 248 102 95
86 649 474 269
518 447 218 284
519 88 1 149 214 2 208
90 4 248 626
88 1 174 214 2 204 218 274
523 552 218 288 219 67
88 12 459 218 274
92 19 217 275 219 65 218 358
91 43 409 188
518 84 21 373 218 275 219 64
85 1 185 214 2 205 218 276
86 43 22 375 214 2 209 95
513 87 58 613
85 1 176 214 2 202 218 290
523 546 218 288 219 66
91 43 22 532 214 2 203 95
84 43 36 375 214 2 205 95
85 43 25 385 319 218 275
87 19 217 290 219 66 218 426
528 556 218 275 219 67
88 12 467 218 281
517 444 218 279
86 4 365 219 67
88 50 248 385 218 534
87 43 4 355 218 275
514 87 1 176 214 2 203
84 4 628 219 71 218 276
87 649 480 263
90 19 217 279 218 354
518 86 23 120
87 50 351 218 535
86 50 584 218 534
517 458 218 284
92 43 25 390 331 218 290
85 4 354 219 71
87 43 23 111 218 534
92 24 248 104 218 535
92 1 187 214 2 208 218 275
91 14 618 218 534
92 649 491 265
88 12 467 218 288
88 43 24 248 104 218 533
87 43 416 432
519 92 35 608
92 7 130 218 288
86 649 492 269
87 1 175 214 2 208 218 279
519 90 21 374 218 275 219 79
86 4 248 643 218 274
88 19 217 274 219 67 218 422
514 87 5 106 218 288 219 67
85 43 46 375
85 649 504 268
86 50 102 218 534
84 19 217 276 219 70 218 431
514 86 25 391 218 278 219 66
90 19 217 281 219 68 218 422
519 92 22 375 218 274
92 43 402 538
92 19 217 275 219 70 218 422
519 87 24 120 218 274 219 78
84 1 177 214 2 204 218 289
84 49 572 218 276
518 91 1 154 214 2 202
90 43 25 384 322 218 290
87 43 7 375
86 35 572 218 290
84 43 25 395 315 218 289
515 84 21 130 218 275 219 70
85 43 414 356
517 88 1 175 214 2 209
91 36 248 124
514 90 1 186 214 2 202
234 295 54 218 281
91 43 248 386 95
515 85 4 248 362 218 279
85 19 217 276 219 72 218 366
91 43 36 612
85 4 217 623 219 65
523 549 218 274 219 64
85 43 421 386
90 43 25 390 320 218 290
90 4 354 219 65
91 49 382 218 274
92 58 248 601
86 43 23 104
86 43 25 384 319 218 290
517 84 12 248 443 218 275
87 43 49 619 218 281
92 43 420 610
88 43 248 579 95
88 4 622 218 276
516 444 218 279
91 1 188 214 2 212 218 284
234 306 54 218 281
92 50 539 218 533
85 6 248 137
84 25 368 218 290
92 12 463 218 290
88 4 623 219 70 218 289
90 43 409 188
517 87 22 538 218 274 219 68
86 4 639 219 65 218 275
85 43 25 395 331 218 276
517 85 36 248 583 218 290
513 452 218 290
87 43 415 565
85 12 467 218 280
90 43 36 541
92 43 6 371
92 649 496 264
92 14 248 612 218 276
85 649 484 267
518 87 21 374 218 275 219 72
517 456 218 279
91 43 25 204 214 2 203 95
88 1 248 172
517 92 1 172 214 2 211
86 4 352 219 67
88 649 502 273
86 35 581 218 274
517 87 24 248 118 218 274
90 49 248 148
92 43 4 621 218 276
90 19 217 284 218 358
529 555 218 281 219 65
518 84 21 106 218 275 219 65
86 19 217 281 219 65 218 366
87 19 217 290 219 67 218 425
88 43 23 248 111 218 534
91 4 356 219 70
84 5 248 130 218 288
90 43 248 603 95
519 90 1 186 214 2 202
91 1 150 214 2 204 218 275
521 553 218 275 219 70
90 43 5 248 106 218 274
92 43 413 104
91 50 248 608
84 43 46 540 218 534
85 35 573 218 281
88 649 489 264
84 13 219 68 218 281
84 43 25 395 318 218 290
515 91 21 130 218 275 219 67
91 43 25 400 331 218 281
517 87 25 400 218 290 219 68
86 4 626 219 71 218 280
84 4 621 219 78 218 275
91 43 7 138 214 2 211 95
86 12 470 218 274
513 92 7 375 218 275 219 65
515 90 1 176 214 2 208
86 12 472 218 284
518 85 23 120 218 534
86 649 498 264
90 43 50 356 214 2 211 95
91 4 623 219 72 218 290
88 43 25 384 323 218 289
84 35 576 218 289
91 649 484 262
86 4 351 219 78
92 4 362 219 69
91 649 483 264
92 43 49 248 387 218 289
92 43 5 106 214 2 211 95
92 43 58 619 214 2 203 95
85 13 219 65 218 281
85 43 1 150 218 284
92 12 248 439
86 43 24 248 120 218 275
518 88 5 106 218 274 219 68
85 43 25 390 317 218 279
91 23 248 111 218 533
92 35 248 388 218 274
87 19 217 281 218 425
515 86 21 379 218 275 219 78
519 90 21 383 218 275 219 79
84 43 25 388 324 218 281
91 649 488 267
90 43 414 587
86 43 420 151
521 563 218 280 219 65
519 85 7 130 218 274
92 650 263 218 290
516 91 21 106 218 275 219 71
87 6 248 137
87 4 217 639 219 69
519 86 21 371 218 275 219 67
91 4 368 219 69
516 91 1 182 214 2 204
519 90 36 374 218 288
518 452 218 289
518 88 21 379 218 275 219 69
84 43 49 572
234 399 650 319
90 650 268 218 276
513 86 1 177 214 2 212
91 43 5 130 218 275
519 84 21 372 218 275 219 64
516 90 21 374 218 275 219 70
84 650 261 218 280
87 43 405 372
87 650 273 218 288
85 1 184 214 2 209 218 284
90 43 248 606 95
87 43 25 391 324 218 288
84 35 576 218 288
91 43 58 603 214 2 210 95
85 4 248 621
86 43 417 609
85 12 467 218 276
92 13 219 71 218 274
85 4 647 219 66 218 284
90 46 248 375
92 4 351 219 66
90 43 1 183 214 2 203 95
90 19 217 284 219 64 218 427
514 88 1 149 214 2 210
513 84 11 248 391 218 533
87 1 186 214 2 208 218 274
514 86 50 616
91 35 576 218 290
84 43 1 168 218 276
515 447 218 276
92 4 643 218 274
87 43 24 104 218 274
519 87 2 208 218 274 219 65
91 4 640 219 78 218 276
88 4 624 219 67 218 290
234 298 54 218 290
91 14 612 218 535
86 19 217 274 218 424
517 85 1 182 214 2 208
513 85 5 371 218 275 219 71
87 43 25 400 319 218 280
91 19 217 288 218 366
514 90 58 618
86 19 217 274 218 423
86 43 46 104 218 275
518 86 36 611 218 279 219 78
87 4 354 219 78
92 649 478 264
88 650 262 218 276
85 13 219 65 218 276
88 2 210 218 276
513 84 23 248 105 218 275
92 11 248 397 218 274
91 24 248 104 218 274
513 90 21 373 218 275 219 68
90 4 366 219 78
518 88 6 248 137 218 274
92 43 49 355 218 279
515 87 1 188 214 2 202
90 43 50 107 214 2 208 95
87 12 459 218 290
514 85 23 118 218 533 219 64
517 87 1 248 187 218 274
84 649 476 260
85 43 50 616
84 49 611 218 284
92 4 647 219 72 218 280
86 19 217 276 218 425
90 4 640 219 69 218 284
92 652 33 269 218 274
84 19 217 280 219 69 218 427
88 35 248 107
515 458 218 288
514 90 5 371
43 4 217 633
87 43 7 130 214 2 202 95
518 90 21 373 218 275 219 72
518 84 21 383 218 275 219 67
88 1 149 214 2 203 218 281
90 19 217 274 219 71 218 358
519 85 14 609 218 535 219 65
515 90 1 151 214 2 205
92 19 217 284 218 422
515 86 1 177 214 2 209
86 1 181 214 2 212 218 289
516 90 24 104 218 275 219 64
86 43 406 385
87 12 460 218 288
514 91 23 248 104 218 534
85 43 49 248 391 218 275
84 1 176 214 2 204 218 280
90 43 25 385 316 218 279
86 43 2 211
84 1 184 214 2 205 218 288
91 43 50 614
86 649 377 272
516 92 1 177 214 2 205
88 24 118 218 274
524 555 218 290 219 70
517 84 14 135 218 535
518 88 7 138
92 43 50 589 218 275
90 19 217 284 219 65 218 423
515 90 23 248 104 218 532
513 92 14 248 613 218 274
86 43 248 352 95
87 4 642 219 79 218 280
88 43 25 395 322 218 275
91 1 186 218 275
515 92 24 118 218 533
85 43 248 599 95
92 43 6 382 218 275
515 84 4 248 354 218 276
84 22 248 536
84 43 248 615 95
92 19 217 284 219 71 218 430
88 43 25 390 316 218 288
86 22 248 117 218 275
91 43 248 619 95
85 650 263 218 276
91 19 217 280 218 430
518 92 58 600
519 84 50 610 218 533
86 43 46 248 540 218 274
86 12 471 218 279
516 448 218 284
523 544 218 274 219 79
87 652 33 262 218 284
87 43 25 175 214 2 209 95
92 4 370 219 70
84 43 11 296 214 2 209 95
85 43 413 581
517 90 22 105 218 533
514 86 7 248 130 218 288
513 84 21 120 218 275 219 67
91 19 217 276 219 65 218 431
513 91 23 111 218 274 219 67
84 43 248 610 95
85 43 35 248 104 218 290
513 90 24 111 218 534
86 19 217 280 218 366
88 58 612 218 274
515 84 5 371 218 288 219 78
90 19 217 275 219 72 218 425
234 299 54 218 280
92 650 272 218 289
88 650 273 218 289
87 649 495 268
530 552 218 275 219 78
86 58 608 218 534
85 43 50 248 577 218 532
87 13 219 64 218 280
92 43 50 248 541 218 275
517 86 6 371 218 288 219 68
517 92 1 183 214 2 205
92 43 5 371 214 2 213 95
84 43 36 248 353 218 281
88 1 149 214 2 205 218 274
88 653 33 261 218 281
88 35 570 218 279
520 564 218 288 219 65
84 35 248 366 218 284
92 649 493 268
92 43 2 248 205 218 284
85 4 355 219 72
84 43 1 186 218 284
84 12 470 218 281
515 90 4 248 353 218 276
91 43 420 188
85 4 365 219 69
515 91 23 105 218 534 219 66
513 85 6 371 218 275 219 66
87 43 248 108 95
88 43 248 583 95
88 4 217 633 219 69
91 43 25 395 318 218 275
234 388 650 321
85 43 50 108 218 535
92 1 182 214 2 213 218 281
519 88 14 602 218 535 219 70
91 43 2 204 214 2 202 95
234 301 54 218 275
86 43 14 615 214 2 203 95
86 19 217 279 218 366
514 88 49 570 218 274 219 69
87 4 647 219 69 218 274
519 457 218 289
84 1 188 218 284
516 88 12 146 218 290
84 12 248 335 218 288
91 19 217 288 219 79 218 366
514 84 25 208 218 278
519 92 21 373 218 275 219 72
91 12 468 218 290
84 25 390 218 290
234 393 650 324
85 43 25 387 321 218 281
90 1 248 178
92 19 217 281 219 70 218 430
85 12 473 218 274
84 43 22 541 218 274
515 85 50 248 370 218 275
90 43 248 389 95
517 84 1 175 214 2 209
84 35 578 218 281
91 652 33 265 218 288
87 35 574 218 288
88 43 50 614 214 2 203 95
91 43 14 612 214 2 212 95
514 458 218 288
91 43 25 370 218 278
85 12 469 218 276
88 653 33 260 218 280
517 90 4 248 626 218 275
90 43 25 390 324 218 290
85 35 580 218 290
514 88 1 186 218 276
85 43 413 365
86 4 355 219 68
91 4 370 219 68
516 88 12 248 440 218 281
84 43 414 124
520 557 218 288 219 68
90 650 272 218 280
88 43 5 248 106 218 274
86 650 262 218 276
87 43 23 118 218 534
84 650 269 218 279
90 12 470 218 290
87 19 217 290 218 358
522 564 218 281 219 79
84 43 24 104 218 532
87 4 633 219 66 218 280
516 86 21 383 218 275 219 67
84 649 505 261
515 85 2 202 218 276 219 78
85 43 405 356
92 1 150 214 2 210 218 281
515 454 218 281
91 4 624 219 72 218 290
517 85 25 393 218 290 219 78
85 4 365 219 67
90 12 465 218 289
90 43 4 352
91 43 25 391 214 2 202 95
85 43 248 397 95
84 19 217 289 219 69 218 431
92 14 248 561
84 650 261 218 279
527 562 218 284 219 72
86 4 356 219 67
88 50 248 399 218 275
91 1 149 218 274
90 43 50 248 572 218 534
91 19 217 276 218 430
515 87 21 120 218 275 219 79
514 84 46 137
513 86 1 172 214 2 208
88 13 219 71 218 275
88 43 50 248 605 218 275
84 43 25 391 322 218 275
87 19 217 289 219 69 218 358
518 92 6 248 130 218 288
88 43 25 392 316 218 284
531 551 218 274 219 68
85 2 209 218 276
84 43 4 248 628 218 275
90 4 633 219 68 218 280
84 43 418 146
91 43 402 565
513 90 21 372 218 275 219 78
92 649 493 260
90 43 12 107 218 288
90 43 25 384 218 278
91 1 151 214 2 203 218 276
517 91 23 118 218 274
84 650 261 218 288
523 556 218 288 219 68
519 444 218 279
85 650 267 218 289
87 4 639 219 71 218 288
87 43 22 103 214 2 209 95
85 12 468 218 280
88 43 35 373 218 276
92 43 248 609 95
86 43 5 106 214 2 211 95
516 91 4 248 634 218 275
87 1 149 214 2 209 218 279
515 87 23 248 105 218 275
92 43 248 381 95
88 43 35 393 214 2 203 95
87 1 172 214 2 210 218 284
514 87 4 639
84 12 459 218 289
85 1 188 214 2 209 218 290
90 22 248 103 218 534
87 12 248 348 218 276
92 1 151 214 2 202 218 280
87 43 248 393 95
530 555 218 289 219 70
92 14 248 600
518 444 218 284
88 650 272 218 284
84 35 581 218 276
513 87 21 106 218 275 219 67
92 43 248 384 95
516 90 1 175 214 2 204
91 4 628 219 65 218 288
87 43 248 371 95
88 43 49 186
516 92 35 574 218 288
90 4 353 219 72
88 43 22 102 218 532
92 43 46 248 375 218 533
92 35 581 218 281
84 649 493 273
516 85 4 248 362 218 276
91 19 217 289 218 425
85 4 350 219 65
88 43 7 248 138 218 288
85 43 12 146 214 2 208 95
518 85 4 248 353 218 276
515 445 218 276
87 43 14 248 609 218 533
92 12 473 218 274
84 49 248 575
92 43 25 390 323 218 284
86 1 190 214 2 209 218 280
518 90 50 248 395 218 535
85 650 269 218 274
84 4 217 633 219 68
87 649 506 268
517 84 1 183 214 2 208
518 88 11 391 218 274
92 43 49 373 214 2 212 95
518 452 218 281
86 43 25 385 319 218 274
88 22 102 218 275
515 91 23 248 118 218 532
84 43 248 575 95
90 43 4 642 214 2 208 95
513 92 49 176 218 280 219 67
90 43 25 392 320 218 289
518 87 58 248 614 218 535
92 13 219 79 218 281
518 84 7 248 130 218 288
85 5 248 371 218 288
522 548 218 290 219 64
87 43 409 172
85 43 248 392 95
514 91 35 248 373 218 289
88 35 248 580
88 35 248 616
86 12 463 218 288
90 12 469 218 289
516 458 218 281
88 43 1 174 218 274
87 652 33 262 218 290
515 87 2 213 218 284
518 84 25 356
519 88 14 603 218 535 219 66
86 11 400 218 532
92 1 188 214 2 212 218 288
92 43 1 149 214 2 202 95
87 12 468 218 289
92 50 248 597
517 87 25 387 218 278
518 87 7 137
88 43 23 118 214 2 212 95
85 43 1 248 168 218 274
87 12 465 218 280
515 454 218 289
91 4 351 219 67
90 43 4 370 218 276
88 35 573 218 288
91 650 260 218 281
91 35 248 584
518 85 21 372 218 275 219 66
513 88 12 441 218 274
519 91 21 376 218 275 219 68
92 19 217 288 218 427
530 550 218 275 219 65
86 649 499 269
519 91 35 248 365 218 280
85 4 355 218 274
516 87 1 175 214 2 204
527 561 218 275 219 67
87 1 172 214 2 205 218 275
87 19 217 290 219 70 218 426
91 24 111 218 275
88 43 12 336
513 90 58 248 602 218 533
518 458 218 280
90 43 36 616
86 4 362 219 67
91 649 501 260
87 43 46 104
86 43 46 375 218 532
516 92 1 168 214 2 209
86 43 248 619 95
92 58 611 218 535
516 84 6 248 130 218 275
91 652 33 263 218 288
84 43 25 387 315 218 279
90 43 25 391 319 218 284
91 1 149 214 2 208 218 274
86 4 628 219 68 218 281
524 548 218 279 219 72
91 24 248 104
84 43 409 385
85 43 22 116 214 2 204 95
92 4 366 219 67
88 35 571 218 275
519 84 49 605 218 288 219 78
234 309 54 218 275
92 4 217 643 219 64
88 43 49 202
517 91 21 130 218 275 219 78
519 84 22 539 218 275
91 4 627 219 72 218 288
91 19 217 274 219 66 218 430
92 43 404 205
516 90 25 350
88 43 25 392 322 218 276
90 649 477 269
88 19 217 280 219 64 218 358
514 91 58 613 218 535
529 558 218 290 219 68
90 43 7 130
85 650 267 218 281
92 35 572 218 275
518 84 1 190 214 2 202
517 88 7 137 218 288 219 70
85 4 627 219 79 218 288
519 87 1 154 214 2 202
92 1 177 214 2 203 218 281
84 4 365 219 67
91 46 375 218 532
86 43 1 248 176 218 284
90 35 572 218 289
517 90 49 248 574 218 279
88 19 217 288 219 69 218 354
516 90 11 248 389 218 532
85 22 125 218 533
84 43 24 118 218 274
515 86 21 379 218 275 219 79
87 1 177 214 2 205 218 274
516 90 11 392 218 532
86 4 351 219 69
92 1 182 214 2 212 218 280
518 85 58 248 617 218 274
515 91 1 172 214 2 203
84 1 181 214 2 204 218 275
85 43 24 118 218 534
88 649 504 269
518 87 21 379 218 275 219 72
87 4 627 219 66 218 275
91 43 1 172 214 2 210 95
519 87 1 186 214 2 204
92 58 248 611
91 4 217 621 219 64
86 4 217 643 219 68
88 4 217 647 219 68
92 649 489 265
88 43 12 248 333 218 274
515 85 21 374 218 275 219 70
515 85 1 175 214 2 213
84 1 186 214 2 203 218 276
86 43 22 102 214 2 202 95
88 43 421 602
86 5 248 106
88 43 25 387 321 218 276
85 43 12 248 340 218 274
84 2 248 203 218 284
86 1 183 214 2 209 218 280
91 43 23 118
87 43 46 248 375 218 535
90 43 248 586 95
88 43 410 204
90 43 49 151 214 2 213 95
516 87 21 120 218 275 219 79
513 86 23 105
86 4 356 219 68
86 650 263 218 284
87 13 219 65 218 274
91 43 25 391 318 218 280
91 649 511 265
516 84 14 248 608 218 532
85 43 421 384
91 43 25 248 353 218 290
514 458 218 279
84 12 472 218 280
85 43 25 385 319 218 284
513 86 21 371 218 275 219 69
87 13 219 78 218 288
91 649 483 260
92 43 25 149
84 247 33 265 218 274
86 19 217 290 219 66 218 431
85 43 23 104 214 2 205 95
86 43 36 248 608 218 279
517 88 6 382 218 288 219 68
514 456 218 275
92 650 267 218 284
517 90 1 150 214 2 212
85 43 22 121 218 532
513 86 21 379 218 275 219 70
85 1 185 214 2 211 218 274
518 84 49 126 218 290 219 72
530 561 218 290 219 70
518 90 7 248 137 218 274
85 19 217 289 218 366
84 43 6 130 218 275
86 4 217 634 219 78
88 14 611 218 276
91 19 217 290 219 66 218 425
85 35 580 218 274
88 649 478 261
514 86 7 375 218 275
90 649 485 269
90 43 25 384 322 218 279
85 12 468 218 281
515 90 24 248 104 218 533
516 445 218 284
90 43 23 248 118 218 274
91 25 248 175
85 43 248 439 95
88 43 248 610 95
87 12 460 218 276
517 84 1 186 214 2 209
87 24 118 218 533
87 43 24 248 105 218 535
90 49 397 218 280
526 546 218 274 219 70
85 43 6 137
516 85 4 248 643 218 274
517 87 1 188
234 389 650 316
518 88 21 130 218 275 219 79
86 36 248 389 218 279
91 19 217 290 218 366
88 43 14 135
91 43 25 391 322 218 289
513 91 50 371
518 85 5 248 106 218 288
90 43 35 607
91 43 46 540 214 2 208 95
515 455 218 275
88 19 217 275 218 430
516 91 14 601 218 274 219 72
85 43 416 438
514 92 1 190 214 2 204
90 4 626 219 72 218 289
92 12 464 218 275
92 35 571 218 281
91 43 1 248 168 218 275
91 4 248 366 218 276
86 1 149 214 2 213 218 281
90 49 248 390 218 289
518 88 25 351 218 290
518 90 35 539 218 275
513 87 36 365 218 280 219 67
85 43 4 350
86 43 6 137
84 43 25 395 322 218 280
88 43 49 248 434 218 290
84 14 248 611
85 43 25 356
88 43 22 375 214 2 213 95
85 43 25 391 324 218 289
86 649 497 262
90 49 617 218 274
84 11 248 388 218 274
84 43 12 348 214 2 202 95
88 649 505 260
90 649 478 262
87 43 5 371
90 12 459 218 288
92 43 408 538
85 650 260 218 284
518 86 21 379 218 275 219 67
85 650 269 218 275
85 4 217 621 219 71
86 43 25 384 320 218 288
91 13 219 64 218 290
87 25 248 184
85 43 14 605 218 275
84 649 489 267
91 43 248 387 95
86 35 570 218 276
88 4 350 219 67
84 7 130 218 274
517 85 1 150 214 2 203
90 43 248 611 95
91 4 362 219 65
92 43 25 392 316 218 281
90 1 248 190 218 274
86 12 463 218 274
86 24 248 104
90 12 467 218 275
86 650 269 218 290
85 650 267 218 275
84 43 248 541 95
515 456 218 281
514 84 50 387 218 274
88 35 576 218 280
513 85 14 605
91 35 580 218 288
518 91 25 400 218 278
84 13 219 71 218 281
87 12 333 218 288
513 92 23 105 218 532
519 84 1 177 214 2 208
86 652 33 265 218 274
84 4 622 219 68 218 281
90 43 25 386 320 218 289
515 88 22 117
92 12 466 218 288
519 91 14 613
530 559 218 274 219 69
519 88 21 375 218 275 219 78
92 43 46 104
516 447 218 274
86 19 217 288 219 79 218 425
92 43 14 619
90 650 267 218 274
516 84 6 248 130 218 274
85 12 467 218 284
90 19 217 284 219 72 218 430
91 652 33 269 218 279
87 4 217 638 219 68
514 445 218 274
234 399 650 318
91 43 413 184
90 12 443 218 275
86 4 217 621 219 66
86 1 175 218 276
86 4 633 219 71 218 276
516 85 1 185 214 2 212
514 91 2 248 212 218 276
523 556 218 274 219 68
84 4 351 219 65
87 5 248 371 218 274
92 43 1 248 185 218 275
519 92 21 106 218 275 219 70
91 650 273 218 290
513 90 21 130 218 275 219 64
519 90 21 374 218 275 219 68
88 1 190 214 2 209 218 274
86 4 356 219 66
86 24 248 118
518 84 58 612 218 275 219 72
87 12 467 218 279
90 43 1 149
90 43 25 399 315 218 290
85 1 168 214 2 205 218 290
518 91 21 120 218 275 219 67
85 43 5 248 371 218 274
91 43 6 382 214 2 210 95
85 4 640 219 65 218 288
92 649 485 261
86 649 377 264
90 1 151 214 2 204 218 279
88 649 488 268
517 92 7 130
85 43 402 600
88 43 4 640 214 2 208 95
91 43 14 607
85 4 368 219 68
86 19 217 289 218 431
87 4 366 219 65
87 4 366 219 68
88 43 248 125 95
87 4 633 219 72 218 275
91 43 248 366 95
513 90 24 248 111 218 532
84 19 217 281 219 67 218 366
513 92 1 177 214 2 204
529 559 218 274 219 72
91 43 5 130
90 12 467 218 289
86 43 12 333 214 2 212 95
513 87 21 374 218 275 219 78
87 650 261 218 279
91 43 25 388 331 218 290
90 19 217 275 219 64 218 423
85 43 6 371 214 2 208 95
520 558 218 290 219 65
515 85 46 248 104 218 274
516 91 1 168 214 2 208
85 649 489 262
518 86 12 334
513 92 12 349
514 91 21 375 218 275 219 72
84 43 403 375
90 649 489 265
85 650 273 218 289
84 35 580 218 274
91 43 6 382
86 19 217 276 219 68 218 427
519 90 58 248 611 218 275
86 4 634 219 71 218 279
516 91 12 248 334 218 275
87 35 576 218 274
84 43 25 397 324 218 290
86 4 642 218 276
90 43 419 366
234 304 54 218 281
90 652 33 260 218 280
87 4 627 219 78 218 275
88 43 25 390 317 218 280
91 43 25 395 315 218 289
87 649 479 267
516 91 1 188 214 2 209
516 88 4 354
517 92 22 248 102 218 274
86 1 190 218 284
88 11 248 387 218 534
92 43 248 373 95
513 84 49 372 218 288 219 65
87 1 168 214 2 212 218 280
85 649 502 261
91 35 581 218 288
90 43 248 599 95
84 43 35 124
516 86 21 376 218 275 219 65
529 558 218 289 219 69
519 84 11 397 218 534 219 79
86 650 273 218 274
91 43 24 105 214 2 204 95
86 649 476 263
85 19 217 276 218 366
518 458 218 279
87 43 25 397 331 218 276
88 35 567 218 281
86 2 211 218 276
92 1 186 214 2 211 218 280
92 13 219 70 218 281
90 43 248 383 95
524 562 218 275 219 78
88 4 642 219 67 218 289
90 4 217 633 219 71
90 4 368 219 68
90 43 49 248 388 218 274
86 43 248 587 95
92 19 217 274 219 71 218 425
90 12 248 434 218 274
85 43 22 102
91 35 569 218 281
513 92 1 183 214 2 213
87 43 1 181
86 13 219 78 218 274
87 43 1 172 218 284
84 19 217 289 219 71 218 422
518 92 22 248 148 218 533
91 43 36 379 214 2 213 95
92 43 12 248 440 218 290
86 19 217 288 218 354
92 43 404 397
84 649 492 260
91 43 248 442 95
514 90 23 118 218 533 219 69
85 43 413 389
514 86 21 373 218 275 219 68
88 43 24 118
518 84 22 105
523 550 218 281 219 72
85 12 465 218 275
86 4 217 642 219 69
92 649 491 262
92 43 23 248 118 218 274
516 91 1 183 214 2 213
517 87 2 210 218 275
523 551 218 288 219 79
518 91 1 188 214 2 203
85 35 569 218 280
92 43 22 124 218 535
516 84 21 383 218 275 219 68
90 19 217 276 219 69 218 431
84 4 356 219 71
513 90 1 181 214 2 208
84 19 217 288 219 72 218 424
92 1 175 214 2 202 218 280
517 86 11 248 117 218 535
515 92 21 376 218 275 219 70
92 1 248 151
92 43 50 441 214 2 213 95
92 35 578 218 275
87 35 579 218 289
86 43 35 373 218 289
513 88 23 120
519 86 4 365
514 87 46 375 218 533
85 19 217 288 219 79 218 423
87 4 370 219 72
84 19 217 281 219 72 218 423
91 43 14 248 606 218 535
87 43 413 104
92 19 217 280 219 67 218 423
91 4 350 219 72
86 4 628 219 66 218 284
234 392 650 318
234 399 650 331
513 84 58 248 608 218 532
517 90 36 354
518 92 50 619 218 275
90 13 219 66 218 279
87 12 460 218 281
85 4 217 638 219 65
90 650 269 218 275
92 13 219 65 218 280
519 90 2 210 218 276 219 79
515 87 1 178 214 2 204
86 43 25 149 218 290
84 650 273 218 288
85 1 187 214 2 210 218 276
86 43 248 441 95
88 13 219 69 218 281
92 652 33 263 218 290
91 35 570 218 275
91 35 573 218 275
91 35 248 120 218 289
516 88 1 186 214 2 204
517 85 11 248 391 218 533
85 4 217 624 219 78
514 88 21 120 218 275 219 70
92 35 568 218 284
88 43 49 565
91 12 473 218 288
514 88 21 383 218 275 219 66
90 58 620 218 533
514 91 5 248 106 218 275
86 43 2 205 218 276
88 43 420 149
90 4 624 219 79 218 275
85 43 11 385 218 274
90 43 4 368 214 2 211 95
85 43 410 149
517 445 218 290
84 43 50 399 214 2 209 95
91 35 536 218 288
87 25 351 218 278
516 87 36 385
91 4 350 218 274
85 43 22 541 214 2 213 95
86 1 177 214 2 205 218 275
517 91 35 368
86 4 647 219 68 218 289
87 43 1 168
91 650 262 218 289
527 558 218 275 219 66
84 11 248 384 218 274
90 43 23 104
518 457 218 281
92 35 574 218 274
85 43 25 391 316 218 275
522 563 218 289 219 64
92 649 494 267
519 452 218 289
86 43 22 538 214 2 210 95
91 43 413 384
92 4 639 219 68 218 274
91 19 217 279 219 71 218 427
90 35 572 218 275
87 43 6 248 130 218 274
86 43 248 105 95
516 88 4 622
87 13 219 79 218 281
514 85 4 248 351 218 279
87 649 478 262
86 43 25 391 319 218 281
85 651 33 264 218 281
92 23 105 218 533
519 86 6 248 137 218 275
84 649 484 264
88 43 23 104 218 533
91 19 217 288 219 68 218 358
84 19 217 280 219 70 218 426
87 43 248 438 95
84 2 248 212
92 43 25 386 317 218 288
88 13 219 78 218 280
92 43 408 383
91 4 365 219 68
85 649 491 268
88 46 248 540 218 532
84 650 261 218 289
514 450 218 279
88 649 476 268
519 90 7 248 130 218 275
88 43 248 371 95
87 12 463 218 281
91 652 33 272 218 288
92 19 217 279 219 64 218 358
87 43 25 391 331 218 284
90 43 22 103 214 2 210 95
90 12 465 218 275
86 43 248 387 95
88 43 25 386 324 218 279
515 91 21 120 218 275 219 69
91 19 217 289 219 64 218 426
92 43 2 248 202 218 275
87 43 25 392 317 218 276
530 562 218 275 219 66
91 12 459 218 284
91 1 178 214 2 210 218 274
84 22 541 218 274
516 87 50 609
518 91 1 168 214 2 205
84 43 23 248 120 218 275
86 4 622 219 78 218 274
84 1 177 214 2 204 218 290
86 43 14 600 214 2 204 95
86 43 2 209
90 43 49 599 218 275
518 85 22 148 218 535
86 43 49 121 218 280
516 86 21 382 218 275 219 69
87 4 634 219 66 218 276
88 43 12 335 214 2 213 95
92 43 409 124
85 2 248 202 218 276
84 1 186 214 2 210 218 275
88 649 489 265
88 4 351 219 68
92 12 469 218 288
92 43 410 389
92 43 6 130 218 275
88 22 248 104 218 533
84 4 628 219 67 218 280
86 35 575 218 289
517 85 12 348
84 4 353 219 67
84 649 487 261
90 650 273 218 281
234 391 650 317
515 88 21 372 218 275 219 66
85 1 185 214 2 211 218 284
91 1 178 214 2 203 218 279
87 43 23 118 214 2 208 95
87 6 371 218 275
514 85 1 190 214 2 211
517 88 21 373 218 275 219 69
517 86 24 120 218 535
90 19 217 284 219 66 218 431
90 25 384 218 278
513 86 21 381 218 275 219 79
90 43 1 175 218 276
513 84 21 371 218 275 219 65
86 4 640 219 68 218 281
84 650 263 218 280
86 12 469 218 281
87 43 25 393 331 218 284
88 19 217 281 218 427
513 87 12 434 218 276
518 92 49 248 150 218 279
91 43 35 248 121 218 280
92 652 33 267 218 276
87 19 217 275 219 79 218 430
88 43 12 248 440 218 275
92 4 627 219 78 218 275
92 43 25 389 315 218 275
90 4 217 621 219 79
518 88 22 541 218 275
92 35 575 218 289
86 4 217 627 219 65
87 43 248 389 95
91 43 248 618 95
87 19 217 279 218 366
88 43 58 616
86 1 175 214 2 208 218 280
88 4 622 219 65 218 276
524 549 218 276 219 71
86 19 217 280 219 70 218 425
92 43 25 389 318 218 275
84 13 219 69 218 281
519 91 36 604 218 281
87 43 12 439
88 43 23 104 218 535
85 4 626 219 70 218 290
516 91 58 617 218 533 219 67
514 453 218 288
517 87 25 248 385 218 278
90 43 22 105 218 535
91 19 217 276 218 425
88 2 202 218 276
515 90 2 209
518 458 218 290
85 43 23 105 218 533
88 1 172 214 2 203 218 289
88 43 22 121 218 534
85 43 11 248 296 218 274
514 91 21 383 218 275 219 70
514 91 50 130 218 283 219 68
92 1 187 214 2 212 218 276
517 90 4 248 628 218 275
518 86 21 381 218 275 219 70
92 50 571 218 283
513 91 4 248 354 218 279
90 43 2 212
87 650 260 218 288
519 84 22 542 218 533 219 71
90 649 507 262
518 452 218 275
85 649 492 263
88 4 623 219 65 218 274
92 43 46 248 540 218 533
92 4 352 219 69
84 19 217 284 218 425
527 558 218 281 219 72
525 546 218 276 219 66
90 43 1 172
87 35 581 218 280
90 43 58 606 214 2 213 95
87 43 36 606
86 13 219 69 218 288
513 452 218 280
91 35 570 218 290
515 91 21 106 218 275 219 70
87 12 463 218 288
92 43 24 248 120 218 532
513 86 1 182 214 2 202
514 448 218 289
86 43 36 352 218 280
84 19 217 280 218 427
519 90 1 183 214 2 211
90 652 33 267 218 276
518 85 23 120 218 534 219 64
88 12 464 218 280
86 35 569 218 290
84 35 571 218 281
520 556 218 284 219 68
87 649 510 263
85 6 248 382 218 274
92 13 219 79 218 279
91 1 248 187 218 274
84 43 407 536
86 649 493 264
91 43 22 248 126 218 534
91 19 217 290 218 424
85 12 248 349 218 275
513 85 21 381 218 275 219 67
92 43 12 434 218 279
92 4 350 219 78
518 87 21 383 218 275 219 79
519 86 6 137 218 288 219 64
86 4 365 219 71
85 43 25 187
92 4 639 219 69 218 276
515 91 1 186
91 652 33 262 218 275
519 90 4 350
87 14 248 608 218 275
87 43 410 395
85 19 217 289 218 425
88 43 412 575
513 90 21 382 218 275 219 66
90 19 217 288 218 424
92 650 263 218 280
88 43 25 390 321 218 284
88 13 219 70 218 274
517 91 6 137 218 288 219 78
90 1 154 214 2 212 218 281
88 13 219 65 218 289
88 4 355 219 67
85 1 183 214 2 208 218 281
90 43 25 150 214 2 211 95
87 43 50 248 370 218 532
86 43 23 105 214 2 213 95
514 88 36 248 566 218 289
518 451 218 284
90 22 248 126 218 275
87 19 217 290 219 69 218 431
518 91 22 125 218 533 219 70
88 4 624 219 79 218 281
87 36 248 601 218 275
90 43 248 566 95
88 36 438 218 289
85 4 217 642 219 78
85 43 25 385 321 218 279
85 43 25 399 322 218 290
85 43 407 385
87 36 248 608
84 4 624 219 79 218 276
85 4 643 219 66 218 288
86 43 402 187
88 43 25 387 322 218 274
518 86 50 571 218 533 219 71
525 563 218 284 219 64
88 43 25 392 315 218 280
91 652 33 260 218 281
518 88 24 104
86 35 566 218 290
84 4 217 626 219 79
522 546 218 289 219 79
88 49 612 218 289
91 652 33 265 218 284
519 84 49 400
90 19 217 284 218 430
513 91 21 374 218 275 219 70
90 19 217 281 219 64 218 426
516 85 1 151 214 2 209
86 13 219 72 218 279
514 92 1 186 214 2 208
84 43 6 130
91 43 25 183
86 4 217 624 219 69
87 43 248 573 95
86 43 406 542
86 4 647 219 71 218 280
519 91 21 376 218 275 219 79
84 12 466 218 276
91 43 49 151 214 2 203 95
85 43 46 137 214 2 208 95
88 43 413 368
87 649 488 273
92 23 248 118
85 4 368 219 64
87 4 366 219 70
92 43 22 248 116 218 534
88 12 472 218 279
87 43 409 385
516 455 218 274
91 6 137 218 274
84 43 248 386 95
88 43 248 386 95
518 92 12 334 218 280 219 72
234 300 54 218 280
87 35 566 218 281
87 43 25 387 324 218 281
86 652 33 260 218 281
91 650 267 218 289
87 2 248 203 218 274
86 4 622 219 67 218 274
88 43 407 178
88 4 640 219 65 218 276
527 564 218 279 219 78
84 649 494 273
86 43 24 120 214 2 204 95
85 50 248 395 218 274
86 1 185 214 2 212 218 289
84 43 25 248 205 218 290
90 43 406 130
90 19 217 284 219 72 218 422
88 1 183 214 2 210 218 289
87 43 50 148 214 2 210 95
92 19 217 289 219 65 218 426
518 85 4 647 218 274 219 72
88 650 268 218 276
91 43 6 137 214 2 208 95
85 43 408 385
85 43 22 103
91 4 621 219 72 218 289
92 43 25 395 323 218 276
86 652 33 263 218 288
517 91 21 120 218 275 219 78
91 43 25 393 331 218 289
515 91 14 616 218 274 219 64
514 85 21 375 218 275 219 69
91 19 217 281 219 70 218 358
90 1 248 181 218 276
91 4 217 626 219 79
92 4 643 219 66 218 280
91 4 624 219 79 218 284
92 12 473 218 290
84 43 14 616 218 532
516 86 7 138 218 274 219 65
87 43 2 204 218 274
84 4 622 219 79 218 280
90 43 25 386 331 218 289
87 5 371 218 274
234 387 650 319
84 4 352 219 66
84 4 627 219 78 218 284
519 86 1 248 172 218 275
92 652 33 269 218 280
91 43 25 397 319 218 284
518 84 1 149 214 2 213
86 13 219 69 218 274
86 19 217 288 219 69 218 366
84 11 388 218 535
86 4 355 219 66
515 86 1 177
85 43 25 390 316 218 281
91 4 248 370 218 276
515 90 21 371 218 275 219 71
514 88 5 371
86 1 186 214 2 212 218 284
513 84 23 120 218 533 219 65
92 652 33 265 218 288
88 43 49 607 214 2 203 95
88 653 33 262 218 276
86 2 248 211
85 43 12 248 146 218 280
85 12 473 218 288
86 35 248 365 218 276
515 90 11 391 218 274 219 66
88 19 217 289 219 68 218 358
92 650 269 218 275
91 4 217 627 219 68
515 86 1 183 214 2 210
516 84 1 176 218 274 219 79
513 91 50 583
518 88 23 111 218 535 219 70
90 43 50 106
88 7 248 130
516 90 14 248 619 218 532
90 35 566 218 290
91 19 217 280 218 425
87 4 626 219 67 218 289
515 90 25 384 218 290
513 91 21 106 218 275 219 64
85 43 49 617 214 2 208 95
85 43 248 568 95
513 90 23 248 111 218 534
86 43 25 385 323 218 274
514 90 4 351
85 43 6 137 214 2 212 95
92 4 623 219 65 218 289
85 19 217 274 219 66 218 422
90 19 217 284 219 68 218 427
515 84 50 386
516 92 24 248 105 218 535
87 4 217 622 219 68
87 4 248 628 218 274
87 19 217 275 219 67 218 426
518 91 6 248 137 218 288
521 563 218 290 219 78
88 4 627 219 79 218 290
86 43 417 126
86 1 168 214 2 202 218 290
91 1 184 214 2 205 218 288
86 43 11 116 214 2 202 95
85 4 354 219 68
516 84 46 104 218 274 219 65
519 450 218 276
515 85 7 138 218 288 219 79
84 43 24 105
531 553 218 289 219 79
517 84 36 618 218 288 219 67
91 43 49 577 218 290
90 24 248 104
91 43 25 213 214 2 202 95
84 49 443 218 289
88 43 49 603 218 279
513 90 36 580
85 1 149 214 2 208 218 274
515 85 2 204 218 276 219 71
516 86 24 118
92 4 217 622 219 65
92 35 569 218 290
87 12 349 218 289
91 43 404 202
84 19 217 276 219 67 218 422
517 90 25 397
90 43 248 434 95
519 84 11 400 218 274
85 35 570 218 279
514 91 5 371
86 4 647 219 72 218 274
518 88 24 111 218 534 219 67
87 35 578 218 276
90 649 475 273
92 43 12 348 218 290
90 649 488 263
87 12 465 218 276
92 650 263 218 275
91 12 471 218 279
87 43 404 148
518 88 11 248 397 218 274
84 24 248 111
85 58 248 610 218 532
513 87 4 353 218 274 219 72
87 43 248 374 95
516 86 49 353 218 274 219 67
88 12 248 334 218 288
85 43 25 392 321 218 274
87 4 628 219 66 218 279
86 19 217 275 218 431
85 4 217 639 219 65
88 4 217 634 219 79
87 58 248 612
92 43 248 604 95
92 22 248 542 218 275
87 12 466 218 284
86 13 219 68 218 280
519 85 1 176 214 2 205
84 4 248 642
87 4 217 647 219 65
91 43 248 102 95
524 556 218 290 219 66
88 4 627 219 67 218 289
87 19 217 274 218 431
86 35 578 218 290
90 4 248 366 218 279
84 35 566 218 288
234 308 54 218 289
519 86 36 383
85 43 25 399 321 218 289
515 87 46 137
86 43 25 391 318 218 288
513 90 21 373 218 275 219 71
90 24 111 218 535
91 4 366 219 71
514 84 5 371
85 23 105 218 274
84 19 217 281 219 66 218 358
91 13 219 66 218 279
85 12 471 218 279
86 43 35 604 214 2 209 95
87 24 248 118
86 43 25 397 321 218 284
513 85 25 248 354 218 278
515 86 1 177 214 2 212
85 4 355 219 68
92 43 50 434 218 274
90 49 212 218 281
88 653 33 269 218 279
85 35 366 218 274
84 4 352 219 67
88 43 248 434 95
87 43 14 602
515 84 1 151 214 2 213
92 4 217 634 219 64
91 4 639 219 64 218 284
90 43 11 391 218 274
91 43 12 375
91 43 36 571
518 92 1 185 218 276 219 67
91 43 25 389 319 218 289
514 90 21 130 218 275 219 69
86 43 46 248 375 218 535
88 43 5 106 214 2 212 95
87 43 25 384 316 218 280
90 43 5 130 218 275
90 49 569 218 289
516 84 21 379 218 275 219 78
86 1 185 214 2 211 218 280
85 43 22 126 218 275
91 43 49 248 184 218 290
91 22 248 117 218 535
90 1 149 214 2 203 218 274
87 649 377 273
513 87 1 186 214 2 209
85 4 623 219 67 218 280
88 4 368 219 64
515 444 218 284
92 43 248 442 95
86 12 469 218 288
90 43 25 384 318 218 280
87 35 574 218 280
87 649 484 264
87 19 217 280 218 431
85 43 405 365
516 90 6 382
85 35 581 218 288
86 43 417 108
513 91 21 373 218 275 219 69
515 85 24 118 218 534 219 65
86 7 248 138
514 90 1 149 214 2 211
87 43 22 125
84 43 4 248 638 218 279
87 49 248 441 218 275
91 43 25 385 320 218 281
519 86 50 568 218 533 219 67
86 650 264 218 280
85 35 571 218 290
87 4 628 219 65 218 284
90 43 25 384 319 218 274
516 91 1 181 218 276
91 1 181 214 2 213 218 290
87 43 248 146 95
85 649 476 268
513 88 35 607 218 275
91 652 33 267 218 279
519 88 1 177 214 2 208
87 650 272 218 284
90 4 366 219 70
516 85 1 188 214 2 203
85 1 188 214 2 210 218 289
86 4 365 219 64
86 1 172 214 2 208 218 284
84 35 574 218 284
514 87 24 105
88 19 217 276 219 66 218 366
91 652 33 273 218 275
91 43 58 608 214 2 203 95
84 43 11 296
84 4 647 219 67 218 280
84 4 643 219 71 218 284
92 12 468 218 289
84 4 365 219 78
92 4 356 219 65
514 86 35 126 218 279 219 66
513 85 11 384 218 533
515 90 21 373 218 275 219 68
87 19 217 280 218 425
514 88 36 601 218 274 219 70
88 43 25 400 323 218 281
84 43 2 211
515 86 22 103
92 49 248 577 218 280
86 43 406 187
518 88 6 371 218 274 219 64
515 456 218 279
84 43 2 248 204 218 275
90 14 248 615
92 43 49 375 218 279
92 43 25 368 214 2 208 95
522 551 218 290 219 66
84 19 217 289 218 430
91 43 58 248 608 218 533
513 91 1 190 214 2 204
90 4 627 219 70 218 275
90 43 24 248 118 218 274
87 12 462 218 290
84 4 634 219 70 218 290
514 86 5 371 218 274 219 68
88 43 7 375 214 2 209 95
519 92 1 149 214 2 208
88 2 211 218 284
87 1 188 214 2 205 218 279
513 88 21 379 218 275 219 70
517 448 218 274
517 88 1 176
516 87 21 371 218 275 219 78
85 23 248 118 218 534
88 649 488 260
87 652 33 265 218 276
84 4 353 219 66
234 299 54 218 284
519 92 35 353 218 279 219 66
513 85 1 183 214 2 205
90 43 414 190
91 1 182 214 2 209 218 280
84 43 36 439
515 86 7 248 375 218 275
518 84 58 248 612 218 535
515 84 46 248 540 218 535
92 19 217 276 219 70 218 354
86 43 24 111 218 535
513 85 21 379 218 275 219 65
87 43 25 386 319 218 280
92 649 482 267
517 91 21 374 218 275 219 71
91 12 461 218 289
86 43 25 400 316 218 279
516 84 6 371 218 274
85 43 24 248 111 218 535
91 43 248 576 95
91 2 248 203
518 90 21 372 218 275 219 78
519 449 218 284
523 560 218 276 219 66
84 247 33 262 218 290
518 90 1 186 214 2 211
513 456 218 284
88 43 5 248 130 218 274
84 43 25 183
87 7 248 137
520 563 218 289 219 79
90 19 217 290 219 65 218 430
86 43 421 373
514 85 1 177
90 7 130 218 275
518 91 1 175 214 2 211
90 19 217 280 219 65 218 358
91 649 511 269
90 43 25 386 324 218 275
518 92 1 176 214 2 210
92 4 624 219 70 218 288
517 88 35 382 218 279
85 13 219 78 218 289
516 85 23 105 218 532
518 91 50 248 617 218 283
90 50 248 603 218 283
515 87 24 105
90 1 188 218 284
514 86 50 248 571 218 274
91 43 25 248 178 218 290
87 650 264 218 290
87 43 416 186
86 652 33 265 218 280
515 92 1 178 218 274
87 1 154 214 2 203 218 290
516 92 5 371
88 43 420 439
90 43 35 121 218 279
514 456 218 290
86 11 248 392
91 19 217 280 219 78 218 354
87 43 14 600 214 2 205 95
88 5 248 130
85 43 421 577
90 25 248 353
84 43 248 376 95
91 43 6 130 214 2 211 95
91 50 248 372
518 84 24 111 218 534 219 79
90 43 403 608
90 43 2 248 203 218 276
91 13 219 78 218 276
84 1 182 214 2 211 218 289
92 2 248 213
90 46 248 375 218 274
520 548 218 274 219 66
92 12 459 218 280
90 43 248 602 95
91 43 25 397 318 218 290
519 85 21 120 218 275 219 66
90 11 117 218 535
88 1 190 214 2 210 218 289
86 4 217 647 219 64
515 85 6 248 371 218 274
86 652 33 267 218 284
84 4 217 643 219 66
513 85 7 130 218 275
91 19 217 274 219 72 218 354
516 92 21 106 218 275 219 78
90 43 408 205
88 650 261 218 279
87 25 393 218 290
92 4 626 219 66 218 274
519 86 25 211 218 290 219 68
88 35 580 218 284
84 19 217 279 219 78 218 425
514 85 1 186 214 2 203
92 4 634 219 78 218 290
87 43 248 577 95
87 19 217 281 219 69 218 426
86 19 217 280 219 64 218 430
85 19 217 274 218 431
87 1 185 214 2 212 218 275
513 92 21 373 218 275 219 72
90 35 568 218 279
85 4 366 219 71
92 43 414 573
518 90 22 248 538 218 274
517 85 1 178 214 2 212
91 43 12 248 439 218 276
85 4 366 219 70
92 43 248 397 95
90 4 368 219 65
527 563 218 274 219 68
517 85 22 116 218 275
518 455 218 274
88 43 50 373 218 283
90 12 471 218 290
84 4 624 219 71 218 275
86 19 217 281 219 78 218 430
92 12 463 218 274
86 1 175 214 2 211 218 279
92 649 474 263
92 649 482 262
87 4 355 219 69
90 19 217 274 219 64 218 427
87 652 33 268 218 276
88 4 634 219 68 218 274
87 652 33 265 218 279
85 43 58 605
522 549 218 289 219 65
86 43 5 248 130 218 288
87 1 183 214 2 213 218 284
91 650 264 218 276
87 19 217 275 218 366
91 43 7 248 138 218 274
87 13 219 68 218 276
519 86 49 390 218 274 219 65
519 85 35 124 218 279 219 69
513 90 14 618
88 4 643 219 71 218 284
519 90 50 248 538 218 535
84 649 482 260
516 90 1 188 214 2 204
513 84 21 106 218 275 219 64
90 649 484 262
92 43 411 172
85 651 33 267 218 279
86 652 33 269 218 284
92 58 248 612 218 535
91 43 49 619 218 284
86 49 248 187
85 43 11 248 384 218 532
86 19 217 289 219 65 218 431
91 4 365 219 72
85 43 248 620 95
84 19 217 284 219 78 218 354
518 88 7 375 218 275
92 11 392 218 535
86 649 492 273
518 451 218 289
527 552 218 289 219 67
92 650 264 218 274
88 43 4 248 633 218 276
518 86 6 130 218 274
517 84 1 188 214 2 205
91 652 33 260 218 280
516 92 11 392
513 87 46 248 540 218 274
517 92 35 432 218 279
84 650 267 218 275
523 550 218 276 219 72
84 4 643 219 70 218 288
90 1 181 214 2 210 218 290
91 43 7 375
90 649 487 263
84 43 35 248 390 218 279
519 90 22 536
85 43 248 610 95
88 4 647 219 71 218 280
92 43 46 248 137 218 274
91 11 248 388 218 534
87 43 5 371 218 275
90 652 33 261 218 276
87 19 217 290 219 71 218 422
517 90 46 375
92 43 418 439
88 43 406 356
87 43 25 353 214 2 208 95
84 25 248 385
92 12 463 218 280
91 652 33 273 218 280
92 43 46 248 104 218 534
88 19 217 288 218 425
526 551 218 288 219 68
92 46 248 104 218 534
84 43 58 604 218 533
519 85 5 248 106 218 288
515 87 1 182 214 2 212
85 43 7 375 214 2 212 95
87 43 25 388 318 218 281
519 87 1 181 214 2 203
92 43 248 581 95
516 91 25 248 149 218 290
88 35 573 218 280
88 4 365 219 65
515 91 1 183 214 2 205
86 43 14 605
85 58 248 603
519 92 1 178 214 2 211
92 43 24 120 214 2 204 95
90 649 497 261
524 550 218 274 219 70
91 43 36 376
516 92 23 118 218 275
92 649 499 272
91 649 511 264
88 1 172 214 2 211 218 280
92 19 217 275 218 427
85 651 33 263 218 290
86 19 217 281 218 424
85 651 33 260 218 289
90 19 217 284 219 64 218 422
90 5 371 218 274
84 247 33 261 218 280
88 1 178 214 2 205 218 276
520 562 218 281 219 69
87 43 1 248 187 218 274
516 90 50 612
90 43 404 366
85 19 217 281 218 427
518 85 21 376 218 275 219 69
516 91 1 172 214 2 204
518 453 218 284
516 455 218 288
87 43 25 388 331 218 289
88 4 350 219 71
91 4 370 219 69
87 19 217 289 219 64 218 431
85 19 217 289 219 68 218 426
86 4 623 219 72 218 281
84 43 416 577
234 400 650 322
87 43 25 392 316 218 288
84 43 46 104 214 2 208 95
516 450 218 274
84 43 25 386 318 218 290
88 46 248 375
85 43 1 154 218 274
85 4 352 219 65
87 43 2 248 210 218 274
90 35 578 218 284
86 4 368 219 79
519 88 21 382 218 275 219 72
518 85 21 381 218 275 219 78
84 4 366 219 72
91 12 473 218 274
88 43 418 103
90 19 217 281 219 66 218 430
518 458 218 281
517 84 36 248 356 218 289
90 649 496 273
92 35 566 218 289
86 46 248 540
86 22 375 218 274
514 84 21 375 218 275 219 71
87 19 217 289 218 354
86 1 183 214 2 212 218 279
518 90 21 381 218 275 219 69
516 84 1 185 214 2 205
90 25 248 175 218 278
85 43 22 532 218 275
92 19 217 290 219 70 218 431
84 43 35 617 218 281
91 36 248 612
90 652 33 272 218 289
513 84 1 182 214 2 208
519 88 25 386
513 86 2 248 203 218 274
90 649 493 261
84 43 1 248 168 218 275
85 43 402 150
84 43 25 389 316 218 288
86 649 494 263
84 247 33 273 218 279
92 4 627 219 70 218 281
519 91 2 248 213 218 275
90 43 50 565
88 4 368 219 66
84 12 473 218 289
518 85 46 375 218 534 219 67
88 35 572 218 284
91 13 219 69 218 274
90 4 370 219 71
516 92 4 633 218 276
88 19 217 275 218 354
516 453 218 288
91 43 248 148 95
85 1 176 214 2 205 218 290
88 4 370 219 69
91 4 217 640 219 64
86 43 25 387 323 218 276
92 19 217 274 219 71 218 366
523 556 218 281 219 71
87 43 11 248 390 218 532
91 1 172 214 2 203 218 284
90 49 248 620
85 13 219 71 218 279
85 19 217 288 218 430
90 19 217 289 219 70 218 425
525 563 218 284 219 70
91 43 248 440 95
90 19 217 288 218 354
88 4 217 621 219 67
90 19 217 279 219 67 218 422
92 1 150 214 2 204 218 281
87 1 168 214 2 203 218 280
85 43 4 248 366 218 274
86 650 268 218 275
87 43 25 391 317 218 279
87 13 219 65 218 288
90 1 184 214 2 212 218 274
87 652 33 273 218 288
518 450 218 288
85 4 626 219 71 218 274
92 43 25 400 323 218 288
88 19 217 281 219 70 218 366
87 35 577 218 280
514 85 49 376
514 92 49 104 218 279 219 78
517 87 24 118 218 533
517 85 23 248 104 218 275
85 13 219 66 218 274
92 43 14 613
87 1 184 214 2 213 218 289
91 4 638 219 71 218 290
84 19 217 279 219 66 218 423
85 12 442 218 275
91 652 33 268 218 276
88 650 265 218 284
85 19 217 274 218 366
234 392 650 317
517 84 11 387
531 560 218 274 219 78
91 4 642 219 71 218 276
85 1 176 214 2 203 218 284
84 13 219 64 218 276
88 43 25 389 319 218 275
87 43 5 106 214 2 204 95
92 4 352 219 71
517 85 46 375
91 43 49 168 214 2 202 95
514 87 21 106 218 275 219 67
84 43 248 387 95
519 88 7 248 137 218 274
515 90 4 640 218 279
515 86 58 602
84 43 415 178
528 544 218 279 219 78
88 13 219 72 218 275
86 12 472 218 275
92 650 262 218 275
518 91 21 106 218 275 219 79
88 4 643 219 70 218 275
90 35 248 574
515 90 21 381 218 275 219 66
86 4 356 219 78
92 649 511 262
92 43 248 102 95
86 19 217 281 219 65 218 431
86 43 5 130
516 88 21 130 218 275 219 72
84 4 624 219 67 218 276
84 1 177 214 2 208 218 279
85 13 219 70 218 281
90 43 25 390 322 218 288
514 84 5 248 130 218 275
85 43 248 383 95
91 1 149 214 2 204 218 281
85 19 217 288 219 79 218 422
86 43 25 390 331 218 281
519 88 12 248 348 218 280
86 43 25 391 319 218 279
518 88 2 213
87 4 639 219 69 218 274
87 43 25 393 316 218 279
91 19 217 274 219 67 218 423
85 4 217 638 219 69
85 43 248 121 95
91 19 217 276 219 72 218 431
88 43 1 248 186 218 276
514 86 21 106 218 275 219 66
87 43 25 399 323 218 280
90 11 117 218 534
514 84 21 379 218 275 219 72
84 43 418 572
85 4 217 633 219 71
87 652 33 265 218 284
234 297 54 218 276
88 19 217 284 219 67 218 423
84 4 639 219 69 218 279
515 85 23 104 218 275 219 79
88 43 407 569
514 90 5 248 371 218 288
528 556 218 274 219 64
87 649 477 264
515 91 1 151 218 276 219 65
86 4 638 219 78 218 284
92 649 485 265
88 24 248 104
91 43 46 248 104 218 532
88 1 149 218 274
88 43 416 609
88 650 268 218 284
86 19 217 290 218 431
516 87 4 626 218 279
86 649 501 261
521 545 218 280 219 66
87 58 616 218 275
92 652 33 268 218 276
88 12 463 218 275
84 4 639 219 65 218 275
91 43 421 382
90 4 638 219 64 218 281
518 86 23 248 120 218 533
88 50 248 586
91 12 464 218 288
90 13 219 68 218 275
91 43 248 393 95
514 88 25 149 218 290 219 71
84 25 202 218 290
91 19 217 276 219 68 218 354
513 91 49 617 218 280 219 78
92 36 248 351
513 85 14 248 603 218 532
514 87 12 108 218 276 219 72
91 22 541 218 533
92 652 33 264 218 290
90 14 248 618 218 274
85 1 181 214 2 211 218 284
90 649 484 272
518 84 1 168 214 2 209
87 4 217 642 219 71
87 649 483 264
516 85 22 121 218 275
84 43 46 248 104 218 535
85 1 175 214 2 210 218 284
86 43 248 617 95
517 87 2 202
86 43 14 601
84 6 248 137 218 288
85 43 2 203 214 2 204 95
86 43 22 117 218 275
84 19 217 279 219 64 218 425
86 12 465 218 275
517 87 12 248 334 218 281
523 559 218 288 219 66
234 393 650 315
519 84 12 441 218 288 219 79
90 43 23 248 111 218 532
92 4 366 219 65
88 43 25 387 315 218 281
525 544 218 290 219 68
519 451 218 279
88 4 633 219 71 218 288
88 19 217 290 218 424
513 84 21 382 218 275 219 65
516 444 218 288
516 86 1 172 218 274 219 64
528 551 218 275 219 78
92 649 508 268
528 545 218 280 219 72
518 90 1 177
92 652 33 267 218 288
92 43 248 395 95
91 13 219 70 218 276
234 400 650 317
85 651 33 272 218 288
234 302 54 218 275
91 43 414 389
88 43 23 120
87 4 624 219 70 218 288
84 12 459 218 290
85 43 25 397 321 218 289
84 13 219 79 218 284
517 86 22 248 116 218 533
88 19 217 274 218 358
87 43 248 541 95
90 35 575 218 280
517 84 4 248 350 218 274
92 43 25 392 319 218 279
86 4 350 219 66
91 35 574 218 276
87 4 370 219 68
84 43 24 105 214 2 202 95
518 87 23 111 218 275 219 67
516 87 4 248 352 218 274
91 50 379 218 534
92 19 217 274 219 66 218 358
92 12 432 218 275
86 43 7 248 375 218 275
86 2 210 218 284
234 395 650 320
84 43 6 137
84 19 217 290 219 72 218 423
84 11 393 218 534
88 649 477 267
519 87 1 182 214 2 211
84 4 217 623 219 66
87 43 413 541
516 86 6 137 218 274 219 65
91 35 575 218 276
87 2 208 218 276
86 1 184 214 2 211 218 275
91 4 356 219 69
86 43 25 399 322 218 284
87 35 574 218 281
85 24 248 118
86 43 2 211 214 2 209 95
91 43 248 541 95
518 88 1 149 214 2 210
518 91 50 248 586 218 535
91 35 575 218 284
84 13 219 69 218 275
84 4 639 219 64 218 279
91 4 366 219 72
515 451 218 276
87 4 217 623 219 67
86 35 248 108
84 4 217 634 219 67
86 1 174 214 2 212 218 280
519 92 25 190 218 290 219 79
91 35 248 581
517 86 21 383 218 275 219 79
88 43 25 391 319 218 279
517 92 49 617 218 276
90 19 217 290 218 354
517 87 1 172 214 2 202
84 7 248 138 218 274
90 19 217 288 219 70 218 424
234 304 54 218 288
91 19 217 279 219 65 218 430
513 91 1 177 214 2 209
90 43 25 370 214 2 210 95
90 49 400 218 280
516 84 2 213 218 274 219 67
92 650 260 218 275
514 454 218 281
514 92 22 375
519 86 14 248 604 218 532
84 43 25 384 321 218 280
92 4 640 219 66 218 281
86 43 25 400 319 218 280
86 4 217 640 219 67
518 92 50 383
86 43 413 566
85 43 50 541
86 650 264 218 290
92 650 262 218 280
90 43 35 248 130 218 289
514 92 25 190
86 43 2 212 214 2 211 95
517 92 5 248 130 218 288
90 43 49 366 214 2 203 95
91 4 624 219 70 218 289
91 4 626 219 68 218 290
513 88 14 248 610 218 274
90 649 485 268
86 1 175 214 2 211 218 281
517 92 14 248 561 218 535
86 43 35 248 616 218 275
88 1 154 214 2 211 218 279
519 88 46 375
516 88 1 151 214 2 209
86 1 186 214 2 204 218 281
519 91 21 120 218 275 219 69
84 4 647 219 79 218 280
84 19 217 275 219 69 218 358
90 649 492 272
88 43 2 209 214 2 204 95
518 452 218 274
513 85 21 379 218 275 219 66
91 43 4 626 214 2 211 95
91 43 11 386 214 2 210 95
518 87 21 120 218 275 219 69
91 19 217 276 218 426
515 88 2 213 218 274
513 91 49 248 620 218 290
84 12 248 147
88 43 12 248 438 218 289
514 84 21 372 218 275 219 69
515 88 21 120 218 275 219 78
92 4 217 643 219 71
531 555 218 275 219 66
87 19 217 276 219 64 218 423
517 444 218 275
517 91 6 248 130 218 274
85 4 350 219 64
513 87 1 151 214 2 213
515 88 24 105 218 533 219 66
86 43 248 611 95
87 43 11 386 214 2 210 95
90 4 628 219 67 218 284
515 91 2 205 218 284
87 43 25 387 315 218 284
85 43 248 438 95
92 43 11 248 387 218 274
88 35 567 218 274
86 50 248 440 218 535
92 35 578 218 281
85 43 46 540 218 535
84 43 11 248 397 218 533
86 4 217 633 219 70
87 2 210 218 284
85 43 25 386 324 218 276
91 43 58 248 604 218 275
513 85 6 371 218 288 219 69
513 91 5 130
91 5 248 371 218 274
87 43 14 248 605 218 533
92 12 467 218 276
519 91 21 106 218 275 219 65
85 14 248 620
86 652 33 261 218 284
84 43 50 384 218 534
518 90 4 248 356 218 279
84 43 5 130 214 2 209 95
91 4 622 219 68 218 274
518 87 46 248 104 218 274
86 43 248 586 95
86 12 462 218 275
518 86 21 374 218 275 219 69
518 90 1 151 214 2 202
92 43 25 392 324 218 275
91 4 647 219 79 218 280
518 444 218 289
90 14 248 611 218 274
91 649 490 267
92 43 7 130 214 2 212 95
86 43 7 138
87 43 407 365
91 1 149 214 2 208 218 279
523 547 218 276 219 68
88 19 217 290 219 68 218 426
86 35 570 218 280
86 43 12 434 214 2 210 95
517 91 6 371 218 274
84 4 365 219 79
515 92 1 184 214 2 202
88 22 248 125 218 534
87 12 461 218 279
92 649 492 262
90 649 507 260
88 43 25 399 316 218 289
518 88 1 190 214 2 203
85 43 35 248 609 218 288
517 87 4 638 218 274 219 78
85 13 219 69 218 281
90 652 33 261 218 284
91 652 33 267 218 280
515 91 21 381 218 275 219 64
90 35 572 218 290
85 19 217 281 219 69 218 431
92 43 6 248 130 218 288
92 43 14 618
84 1 185 214 2 211 218 281
92 35 574 218 280
88 35 565 218 275
84 4 639 219 78 218 280
517 457 218 290
84 4 217 621 219 71
519 90 1 176 214 2 210
84 43 49 352 214 2 208 95
84 43 25 395 320 218 275
85 43 2 204 214 2 202 95
84 13 219 65 218 284
513 86 1 175 214 2 209
85 4 368 219 79
519 447 218 279
84 35 581 218 281
91 13 219 78 218 290
92 58 601 218 533
90 43 248 102 95
85 649 496 260
84 49 248 209
514 91 35 440 218 274
91 1 186 214 2 209 218 281
90 4 353 218 275
514 88 49 373
90 35 571 218 288
516 451 218 281
92 19 217 284 218 431
84 43 248 383 95
514 92 25 182 218 278 219 69
92 12 467 218 284
84 13 219 71 218 274
88 19 217 281 218 430
91 43 6 382 218 288
92 649 492 273
514 91 21 376 218 275 219 70
91 649 483 265
516 92 1 183 214 2 204
84 36 248 432 218 274
517 86 36 130 218 281
91 4 621 219 64 218 284
519 88 5 371 218 288 219 71
92 19 217 290 219 70 218 426
91 649 503 272
88 650 262 218 275
85 43 25 391 319 218 288
92 58 248 610
517 84 1 177 214 2 211
87 19 217 289 218 423
88 43 403 567
88 43 421 362
91 43 25 391 316 218 280
518 85 2 205 218 275 219 66
519 84 21 376 218 275 219 67
85 43 5 371 218 288
91 4 642 219 67 218 275
87 43 11 390 214 2 213 95
91 13 219 67 218 279
92 46 248 375 218 535
516 87 1 181 214 2 203
92 43 25 391 321 218 280
86 1 185 214 2 213 218 288
86 43 49 151
84 649 507 260
86 13 219 68 218 279
518 88 23 248 118 218 534
88 6 382 218 275
87 35 581 218 279
90 43 5 248 130 218 275
90 43 11 310 218 534
85 43 25 386 321 218 284
518 91 21 379 218 275 219 64
517 85 1 183 214 2 205
87 1 178 214 2 210 218 274
92 4 217 633 219 70
518 84 21 376 218 275 219 79
234 303 54 218 276
92 35 581 218 289
91 43 25 391 321 218 279
91 1 183 214 2 210 218 275
513 87 22 121 218 532
517 87 36 600 218 289 219 68
516 88 49 248 356 218 276
87 43 24 105 218 535
91 650 272 218 275
90 650 268 218 274
234 384 650 317
84 43 7 138 214 2 211 95
88 46 248 137
513 84 11 385 218 534 219 68
517 84 6 130 218 288
517 451 218 281
86 12 467 218 274
234 386 650 316
84 650 261 218 274
88 43 35 146 214 2 203 95
84 35 577 218 274
84 247 33 272 218 276
91 43 248 441 95
85 35 565 218 290
85 43 6 137 218 288
525 561 218 290 219 71
86 36 390 218 275
518 90 4 638
514 84 1 177 214 2 211
92 46 248 540 218 532
92 22 248 532
513 91 2 248 210 218 284
91 35 580 218 280
88 653 33 260 218 274
234 312 54 218 274
86 22 248 105 218 535
513 88 58 248 612 218 533
517 85 21 376 218 275 219 71
234 388 650 318
514 84 25 248 172 218 278
90 43 36 373 214 2 213 95
84 19 217 275 219 72 218 431
84 649 489 268
87 22 248 542
92 12 465 218 279
84 43 25 389 321 218 280
88 43 25 168
87 13 219 79 218 289
524 552 218 280 219 79
85 36 248 388
90 43 35 107 214 2 202 95
86 4 638 219 67 218 276
85 43 6 248 371 218 288
234 295 54 218 284
518 91 35 539
524 547 218 275 219 79
88 43 415 432
88 4 352 219 79
90 43 7 130 218 288
85 19 217 281 218 424
514 447 218 275
86 43 25 393 323 218 276
518 88 1 154 214 2 204
88 43 36 542 214 2 213 95
90 43 4 366 214 2 209 95
87 43 14 248 614 218 274
517 86 1 187 214 2 209
92 19 217 281 218 427
90 1 181 214 2 203 218 290
86 43 36 351 218 274
88 653 33 264 218 281
87 35 565 218 289
86 43 5 106 218 274
92 652 33 267 218 274
88 23 248 104
88 43 35 577 214 2 212 95
531 543 218 288 219 79
518 91 1 149 214 2 210
85 650 262 218 288
513 85 22 542 218 535 219 68
90 35 580 218 279
519 91 12 335
91 4 248 628
514 90 1 154 214 2 211
516 88 7 138 218 288 219 79
86 12 332 218 280
88 12 469 218 288
88 649 498 263
85 43 25 392 323 218 281
86 43 50 354 218 275
88 43 14 603 214 2 202 95
86 43 22 248 542 218 532
86 12 470 218 290
517 90 21 382 218 275 219 78
514 90 21 120 218 275 219 64
88 4 623 219 64 218 288
519 90 23 248 120 218 535
234 388 650 323
515 454 218 280
90 43 6 137 218 288
84 4 217 638 219 65
92 43 12 438
88 4 362 219 67
86 14 248 601
92 649 498 269
91 43 25 397 322 218 276
87 649 495 269
90 4 370 219 66
92 43 58 604 214 2 209 95
85 5 248 371
85 43 25 399 320 218 275
514 84 23 105
91 650 268 218 284
517 87 21 375 218 275 219 68
514 91 1 175 214 2 209
518 87 25 388 218 290
85 43 25 391 320 218 289
92 43 7 130
527 559 218 289 219 66
90 43 11 117 214 2 213 95
88 4 640 219 72 218 275
518 84 23 104
90 43 58 606 214 2 210 95
86 43 58 248 605 218 275
92 11 248 389
91 43 248 390 95
84 43 49 182 214 2 210 95
516 84 35 607 218 281 219 68
92 43 36 381
518 86 1 151 214 2 210
88 649 488 267
90 43 405 611
514 85 58 616 218 535 219 78
519 87 46 104 218 275 219 78
86 43 50 566 218 534
87 1 172 214 2 203 218 281
85 4 365 219 64
85 43 2 248 213 218 284
234 385 650 317
90 652 33 269 218 279
84 2 248 213 218 275
90 19 217 276 219 65 218 430
88 649 478 267
84 12 467 218 280
513 90 1 182 214 2 203
92 19 217 288 219 66 218 354
90 43 248 615 95
92 652 33 260 218 274
528 543 218 281 219 79
234 385 650 320
519 91 11 395 218 274
92 1 184 214 2 202 218 288
91 43 14 248 601 218 533
517 86 1 248 150 218 276
84 4 639 219 65 218 281
517 92 35 120 218 281 219 69
516 86 1 188 214 2 202
88 19 217 288 219 65 218 426
92 1 150 214 2 202 218 275
90 11 390 218 535
90 19 217 290 219 71 218 427
516 84 1 182 214 2 203
86 19 217 275 219 64 218 430
86 4 248 352 218 279
516 90 50 248 612 218 275
519 90 21 383 218 275 219 69
91 43 408 355
88 43 25 395 322 218 279
90 23 118 218 535
92 4 248 638
88 19 217 290 219 64 218 354
84 4 643 219 66 218 289
86 650 260 218 290
87 12 470 218 288
86 19 217 290 219 67 218 354
86 19 217 288 219 79 218 430
519 87 1 183 214 2 211
91 49 150 218 279
92 43 14 248 616 218 535
84 4 627 218 279
91 652 33 269 218 281
86 13 219 65 218 276
513 85 12 334 218 290
86 43 35 569
514 88 22 248 124 218 535
87 649 485 267
519 84 21 371 218 275 219 65
90 24 248 105 218 535
87 4 356 219 70
234 312 54 218 280
91 50 392 218 274
234 309 54 218 289
87 43 46 375
87 4 621 219 66 218 289
88 4 368 219 65
517 87 7 137 218 288 219 79
84 43 11 248 310 218 532
517 84 1 174 214 2 213
86 649 509 263
86 43 25 399 319 218 276
513 92 21 372 218 275 219 68
515 85 23 118 218 534 219 69
516 84 50 391 218 275 219 72
87 43 2 202 214 2 209 95
519 90 11 248 386 218 534
90 4 248 634 218 275
514 91 21 371 218 275 219 71
84 4 643 219 69 218 274
92 1 187 214 2 210 218 284
86 7 248 375
90 43 58 248 620 218 275
92 43 46 137 214 2 202 95
517 91 35 374 218 284
84 19 217 281 218 425
87 19 217 289 219 64 218 366
84 43 409 120
86 43 36 105
514 91 4 248 634 218 275
515 88 35 538 218 274
85 49 567 218 276
91 652 33 263 218 284
85 12 468 218 276
515 84 7 375 218 274 219 65
517 88 22 125 218 275 219 78
86 43 11 248 387 218 534
85 22 124 218 274
87 4 622 219 64 218 289
92 43 25 385 319 218 289
84 23 118 218 532
88 12 472 218 288
513 91 14 248 609 218 276
91 1 184 214 2 212 218 288
514 87 49 615
527 554 218 276 219 64
91 43 4 623 218 279
85 43 4 622 214 2 205 95
87 43 25 205 218 278
85 4 217 627 219 72
86 43 25 385 322 218 284
88 5 248 106 218 275
522 545 218 284 219 78
90 43 414 351
514 90 35 568
85 12 466 218 274
86 13 219 66 218 289
91 43 248 586 95
86 649 486 265
517 85 4 248 639 218 274
90 43 7 137 214 2 202 95
92 58 610 218 274
92 43 25 391 331 218 288
84 43 420 581
84 14 603 218 532
513 86 14 620 218 532 219 65
90 43 22 126 214 2 202 95
85 649 489 267
85 651 33 272 218 275
84 43 1 248 178 218 284
92 36 600 218 289
520 561 218 276 219 69
85 43 12 147 214 2 204 95
85 22 148 218 275
519 86 35 571 218 290
91 4 354 219 68
84 12 473 218 276
84 43 248 614 95
91 652 33 267 218 288
85 12 459 218 284
91 12 463 218 289
85 650 272 218 279
87 13 219 66 218 284
90 19 217 284 219 71 218 424
90 22 248 148
92 43 2 211 214 2 204 95
88 4 356 219 67
88 19 217 289 219 67 218 430
515 84 50 373 218 283 219 79
88 653 33 264 218 279
520 556 218 284 219 69
90 13 219 68 218 279
85 4 366 219 79
87 652 33 262 218 274
91 43 25 176 214 2 203 95
91 19 217 275 219 70 218 422
518 84 6 137 218 275 219 68
84 649 502 273
518 91 7 248 130 218 275
516 84 22 121
90 43 25 387 316 218 276
84 650 261 218 290
514 86 4 362 218 279 219 78
86 4 370 219 68
88 5 106 218 275
86 4 622 219 65 218 280
531 560 218 274 219 70
84 4 217 642 219 71
90 43 46 540 218 533
88 13 219 71 218 279
88 43 11 389
85 43 23 248 104 218 533
517 91 14 561
87 43 46 248 104 218 534
85 4 217 628 219 67
88 58 614 218 532
84 649 497 262
516 84 2 204 218 274 219 67
85 4 355 219 69
90 4 623 219 69 218 281
84 4 634 219 79 218 274
92 43 12 248 441 218 281
86 1 175 214 2 211 218 274
87 43 413 356
87 43 4 626 214 2 208 95
86 43 402 154
86 649 499 273
85 43 248 573 95
519 92 21 383 218 275 219 67
90 4 217 633 219 69
84 35 565 218 279
85 4 365 219 72
519 90 1 182
85 43 418 391
517 84 21 382 218 275 219 67
84 12 465 218 290
518 449 218 289
90 43 25 389 320 218 289
86 6 382 218 274
86 19 217 290 218 366
517 90 14 615 218 274 219 70
92 1 175 214 2 213 218 279
519 88 2 248 213 218 276
84 650 273 218 284
85 4 353 219 79
85 4 354 219 72
517 84 1 181 214 2 204
84 19 217 284 219 70 218 358
84 43 49 601
88 4 366 219 79
91 12 460 218 276
516 92 25 248 395 218 278
88 43 25 400 323 218 275
87 43 58 620 214 2 212 95
92 1 183 214 2 211 218 281
86 19 217 275 218 430
85 4 370 219 70
91 650 261 218 274
86 35 579 218 274
86 43 248 571 95
86 43 25 387 322 218 279
88 4 248 352
88 4 351 219 78
516 88 58 600 218 275
92 4 217 628 219 71
515 84 23 104
86 4 621 219 66 218 274
90 4 248 355 218 276
84 1 178 214 2 209 218 289
518 84 36 383
88 649 481 261
91 43 22 541
517 90 23 248 104 218 274
84 650 267 218 288
92 43 25 388 318 218 276
92 12 460 218 284
86 35 566 218 289
91 43 25 392 321 218 276
86 46 375 218 535
88 58 248 608
92 43 248 620 95
86 12 464 218 276
521 564 218 275 219 66
525 550 218 288 219 66
517 452 218 274
517 86 50 248 539 218 533
90 4 248 634 218 276
88 4 355 219 65
516 84 5 371 218 288 219 65
88 11 248 386
88 43 25 388 316 218 289
517 85 21 382 218 275 219 78
516 86 21 120 218 275 219 78
86 43 248 376 95
90 43 413 587
234 384 650 324
518 87 14 610 218 534
90 43 414 120
519 84 12 248 335 218 288
514 84 12 248 335 218 276
513 88 1 186 214 2 209
84 12 467 218 275
515 452 218 275
86 43 6 137 218 275
87 22 539 218 534
88 43 58 248 613 218 535
85 7 248 138 218 274
85 19 217 290 219 71 218 426
525 560 218 279 219 68
515 88 21 371 218 275 219 67
92 22 248 121 218 532
92 650 264 218 290
519 457 218 276
91 19 217 284 219 70 218 427
88 43 25 190
84 19 217 281 218 366
90 35 579 218 281
518 87 21 372 218 275 219 70
92 13 219 66 218 274
87 19 217 275 218 426
88 13 219 65 218 284
86 4 643 219 64 218 280
88 43 11 248 395 218 535
88 43 25 387 317 218 275
85 43 2 210 218 276
515 91 14 248 612 218 275
84 35 574 218 276
85 24 118 218 532
92 25 190 218 290
88 4 627 219 79 218 276
518 92 21 371 218 275 219 68
86 35 567 218 290
86 35 580 218 288
514 86 58 602 218 275 219 65
92 19 217 284 218 424
92 43 23 248 111 218 533
88 13 219 79 218 276
85 19 217 288 219 78 218 366
84 649 494 263
88 19 217 276 219 66 218 423
84 43 415 399
234 300 54 218 289
515 92 12 441 218 275 219 78
91 1 185 214 2 208 218 274
88 12 460 218 284
90 649 497 268
87 649 498 273
84 35 248 572 218 275
517 453 218 288
88 19 217 280 219 65 218 358
513 92 14 248 614 218 533
88 12 467 218 275
86 58 248 619 218 534
90 43 5 248 130 218 274
516 90 1 184 214 2 203
85 43 46 540 218 532
92 43 49 589 218 280
86 43 25 397 320 218 281
85 650 264 218 275
90 43 248 607 95
91 1 178 214 2 203 218 274
88 14 248 602
91 35 605 218 280
515 90 24 118
516 87 1 185 214 2 211
90 4 217 638 219 67
86 19 217 279 218 430
517 92 14 620 218 534 219 64
513 91 23 105
84 43 25 392 316 218 290
85 19 217 279 218 422
85 2 248 204 218 276
519 92 50 248 374 218 532
516 457 218 276
520 563 218 276 219 64
86 12 464 218 284
90 4 623 219 65 218 274
514 87 21 371 218 275 219 64
87 19 217 276 219 71 218 358
91 43 404 587
84 12 468 218 289
517 87 21 376 218 275 219 65
85 1 187 214 2 213 218 290
513 90 25 393
517 85 7 248 130 218 274
92 43 14 603 214 2 205 95
518 86 1 174 214 2 210
526 544 218 284 219 70
91 43 419 366
90 43 248 541 95
86 19 217 275 219 78 218 354
515 91 12 340
84 43 50 612
86 4 362 219 70
234 302 54 218 290
517 84 21 373 218 275 219 67
521 555 218 276 219 65
514 91 49 584 218 275 219 71
88 4 362 219 78
513 91 12 340 218 279 219 68
90 1 172 214 2 213 218 284
92 14 614 218 534
85 12 466 218 288
88 43 4 354 214 2 209 95
516 84 14 604 218 532 219 64
88 43 248 570 95
84 43 2 212
90 43 12 248 349 218 288
518 90 58 603 218 533 219 72
85 649 478 273
90 19 217 284 218 422
92 35 571 218 284
90 43 50 604 214 2 211 95
519 90 46 540
92 19 217 288 218 366
90 43 5 371 214 2 204 95
530 558 218 276 219 78
91 652 33 268 218 288
515 91 21 130 218 275 219 72
88 43 1 181 218 274
513 87 1 168 218 274 219 67
84 43 50 571 214 2 211 95
90 43 248 373 95
88 13 219 79 218 290
514 91 22 248 375 218 534
85 13 219 67 218 288
514 456 218 274
88 43 25 385 319 218 290
516 90 1 174 214 2 203
518 85 14 611
85 43 406 390
521 563 218 274 219 66
92 43 404 586
85 4 643 219 78 218 284
87 4 626 219 78 218 276
87 4 624 219 72 218 280
84 43 35 619 214 2 210 95
90 43 11 399 218 533
88 43 248 539 95
86 19 217 275 219 69 218 366
87 43 25 392 320 218 276
91 4 622 219 71 218 279
85 1 248 172 218 284
86 19 217 290 219 69 218 430
88 1 183 214 2 203 218 276
90 35 569 218 290
87 50 248 620
86 19 217 275 218 422
92 4 640 219 65 218 275
88 35 566 218 281
92 43 248 351 95
513 85 1 150 218 274 219 66
84 43 25 353
86 14 248 607
519 90 21 130 218 275 219 71
87 43 58 601 218 275
87 43 12 248 336 218 290
86 43 25 386 323 218 276
529 556 218 289 219 70
91 43 25 248 188 218 278
90 43 49 248 350 218 274
515 87 1 172 218 284 219 78
85 43 248 443 95
517 85 58 620 218 532
85 43 12 441 214 2 204 95
84 4 370 219 66
86 4 638 219 71 218 280
90 43 14 248 600 218 534
90 4 647 219 67 218 284
85 19 217 274 218 424
513 90 35 580
87 43 25 248 176 218 278
84 247 33 262 218 281
90 43 417 381
91 43 1 184
92 12 463 218 279
91 43 25 384 322 218 289
86 24 104 218 532
513 84 12 248 439 218 276
91 13 219 67 218 289
86 43 25 389 319 218 288
84 22 248 116
87 35 568 218 290
87 652 33 269 218 281
88 22 248 102 218 533
86 650 263 218 275
88 35 566 218 290
90 12 473 218 289
87 43 248 107 95
517 84 22 536
85 651 33 272 218 289
92 43 410 606
90 22 536 218 275
90 43 23 118
84 43 403 619
87 22 542 218 533
92 4 356 219 72
87 650 264 218 274
92 43 25 387 319 218 275
91 652 33 264 218 275
85 43 25 181 214 2 202 95
90 14 248 135 218 533
234 385 650 315
88 43 12 248 333 218 276
513 85 7 248 137 218 275
88 43 24 120 218 535
517 91 1 190 214 2 209
91 43 2 211
519 91 4 365
92 43 25 385 318 218 279
90 649 511 265
87 49 248 541
517 449 218 275
92 43 25 248 176 218 290
85 43 25 393 320 218 288
86 43 11 399 214 2 208 95
518 87 11 393
85 43 248 570 95
518 88 25 176 218 278 219 69
91 13 219 64 218 276
91 4 639 219 71 218 275
520 560 218 280 219 72
88 12 460 218 290
90 1 176 214 2 211 218 279
84 4 217 643 219 64
91 4 248 351 218 276
84 12 462 218 281
516 84 5 130 218 274
515 449 218 288
87 43 50 568 218 534
91 43 25 385 318 218 279
84 4 365 219 68
92 24 248 104 218 532
90 1 174 214 2 202 218 288
88 4 217 639 219 70
523 557 218 289 219 65
90 649 501 262
85 4 248 355
530 546 218 289 219 71
88 11 248 388 218 274
87 649 508 264
91 19 217 274 218 354
90 22 248 117 218 534
517 86 1 174 214 2 205
85 4 628 219 67 218 289
86 12 459 218 274
91 12 465 218 289
516 84 24 248 111 218 532
92 4 362 219 64
87 4 217 638 219 70
86 11 387 218 535
90 43 1 248 188 218 274
88 13 219 65 218 280
525 564 218 289 219 64
92 43 404 372
518 90 21 372 218 275 219 69
85 43 248 611 95
85 4 217 633 219 79
90 43 248 385 95
85 651 33 263 218 288
516 449 218 281
86 652 33 268 218 284
87 19 217 279 219 72 218 423
513 86 21 374 218 275 219 68
91 12 466 218 279
87 4 217 634 219 70
518 453 218 280
90 43 415 125
92 35 572 218 289
88 1 181 214 2 205 218 280
84 19 217 280 219 78 218 424
90 4 365 219 67
518 92 24 248 118 218 534
87 43 25 399 317 218 289
84 43 25 386 322 218 288
88 4 623 219 64 218 284
519 90 21 381 218 275 219 66
513 84 50 613
87 43 58 616
84 7 248 137 218 275
516 84 21 375 218 275 219 71
521 547 218 281 219 79
88 58 602 218 275
88 4 639 219 72 218 289
85 43 421 565
90 4 353 219 64
234 301 54 218 276
91 19 217 284 219 70 218 431
88 43 14 615
84 12 462 218 289
518 84 50 443
88 1 150 214 2 213 218 275
90 43 14 607 214 2 213 95
516 90 46 248 104 218 275
84 43 1 175 214 2 209 95
514 90 35 130 218 279 219 69
85 13 219 79 218 281
91 4 621 219 65 218 284
91 43 23 248 111 218 274
85 13 219 67 218 279
85 1 154 214 2 209 218 281
515 86 21 130 218 275 219 64
87 43 248 351 95
84 43 418 121
92 43 403 576
518 91 21 379 218 275 219 72
91 1 248 186
514 90 7 138 218 275 219 79
84 4 642 219 71 218 290
517 92 23 120 218 535 219 66
91 13 219 69 218 279
517 88 35 578 218 274 219 67
91 43 421 375
92 43 25 387 316 218 290
85 19 217 276 218 431
517 91 21 379 218 275 219 70
514 87 24 104
234 303 54 218 289
87 35 248 107 218 284
85 43 24 104 218 275
517 85 1 150 218 284
87 4 633 219 64 218 281
88 43 404 154
85 43 12 332 218 276
84 4 647 219 78 218 275
86 12 472 218 290
90 650 267 218 275
518 84 46 137 218 533 219 69
92 43 2 202
92 43 4 248 355 218 274
84 58 614 218 533
85 4 647 219 69 218 276
84 13 219 78 218 274
84 35 572 218 289
87 43 7 375 214 2 202 95
87 19 217 289 219 67 218 431
87 12 461 218 275
85 1 248 188
88 43 2 208 214 2 210 95
517 88 58 616 218 274 219 68
84 43 2 205 214 2 205 95
87 4 628 219 64 218 280
85 35 576 218 275
91 43 417 352
90 49 248 578 218 290
518 87 25 172 218 290
91 19 217 279 219 69 218 424
90 35 578 218 289
86 43 11 388 214 2 213 95
85 35 566 218 276
90 13 219 71 218 279
514 88 22 125 218 534 219 68
516 88 11 248 386 218 274
234 294 54 218 289
514 449 218 275
86 4 217 627 219 68
87 19 217 275 219 72 218 427
515 90 21 106 218 275 219 69
86 43 248 126 95
91 652 33 260 218 284
515 88 1 175 214 2 210
517 91 22 116 218 534 219 78
91 5 248 130
88 43 25 248 183 218 278
517 90 58 603 218 532 219 72
87 4 362 219 70
88 1 174 214 2 211 218 290
85 11 384 218 532
85 19 217 274 219 79 218 423
86 19 217 276 218 430
85 43 46 540 218 274
92 6 137 218 275
86 19 217 279 219 69 218 430
88 1 182 214 2 205 218 288
87 35 573 218 290
90 13 219 70 218 280
88 19 217 288 219 64 218 426
88 43 22 375 214 2 211 95
87 19 217 279 219 70 218 424
84 19 217 276 219 69 218 354
518 88 35 390 218 288 219 72
88 6 248 382 218 274
92 11 387 218 534
85 4 623 219 69 218 280
85 649 502 265
85 4 621 219 66 218 284
86 43 418 539
90 35 577 218 275
85 649 478 267
92 43 5 106 214 2 202 95
515 88 6 371 218 274 219 64
514 92 4 248 621 218 274
84 19 217 288 218 422
85 43 49 584 218 281
84 43 25 203 214 2 202 95
87 43 36 248 385 218 274
234 384 650 316
85 43 5 130 214 2 211 95
513 87 21 383 218 275 219 72
519 84 21 106 218 275 219 79
92 43 12 440 214 2 212 95
84 43 25 399 319 218 276
90 1 178 214 2 209 218 284
91 43 58 248 619 218 275
92 43 25 391 320 218 274
85 43 408 373
88 650 260 218 288
515 88 1 190 218 276
234 385 650 322
516 90 22 148
90 43 412 597
85 43 22 248 116 218 534
517 84 49 354 218 281 219 79
88 43 25 248 386 218 290
85 43 25 389 319 218 276
87 4 370 219 69
84 35 248 606
90 43 25 388 318 218 289
87 1 172 214 2 211 218 290
514 88 21 373 218 275 219 66
88 4 624 219 72 218 280
86 12 468 218 275
519 91 4 368 218 274
91 652 33 273 218 288
84 43 25 393 322 218 276
92 4 217 640 219 78
514 86 36 130 218 276 219 69
87 1 185 214 2 211 218 289
513 86 23 248 118 218 532
86 4 350 219 70
88 649 485 268
86 43 35 248 362 218 288
519 92 1 168 214 2 211
91 4 217 634 219 78
518 92 21 382 218 275 219 68
518 454 218 280
92 19 217 276 218 354
84 1 177 214 2 204 218 279
86 649 505 261
86 1 154 214 2 208 218 290
84 43 23 120
84 12 468 218 280
513 84 2 209 218 274 219 70
92 43 411 374
86 12 464 218 274
514 87 24 105 218 532 219 79
518 90 6 137
524 561 218 288 219 64
92 43 1 178 214 2 205 95
88 13 219 71 218 276
84 35 573 218 280
92 650 268 218 275
516 91 7 137 218 274 219 79
86 43 49 355 214 2 209 95
516 86 2 208 218 274
91 22 538 218 275
92 43 25 391 324 218 274
519 87 2 248 202 218 276
519 85 1 186 214 2 211
92 1 186 214 2 204 218 288
515 92 25 213
87 2 248 210 218 274
518 91 50 126 218 533 219 69
513 85 22 248 541 218 533
86 43 25 389 324 218 288
88 43 25 388 317 218 280
85 7 248 137
86 25 400 218 278
91 43 35 371
84 4 217 647 219 64
88 35 248 440
86 11 248 389
86 43 25 388 320 218 276
516 86 1 183 214 2 202
88 4 217 633 219 72
517 90 2 213 218 274 219 72
91 1 174 214 2 203 218 289
91 649 511 272
234 297 54 218 281
518 87 6 382 218 274 219 68
84 49 248 383 218 281
516 91 22 148 218 535 219 64
519 85 58 619 218 535
514 92 1 172 214 2 202
90 4 639 219 65 218 284
514 87 1 188 214 2 213
86 13 219 65 218 279
87 4 622 219 69 218 275
86 35 248 442 218 280
84 4 643 219 68 218 279
90 43 25 392 331 218 274
92 43 7 130 214 2 208 95
86 43 4 634 214 2 210 95
524 561 218 284 219 70
92 35 565 218 279
514 85 58 600 218 275
86 4 621 219 64 218 289
84 43 248 566 95
85 43 7 130
91 4 626 219 70 218 290
87 649 497 272
517 90 14 619 218 535
90 12 472 218 280
517 85 21 106 218 275 219 66
513 92 46 540 218 533 219 70
85 43 417 385
84 43 25 400 316 218 290
517 88 14 612 218 535
85 43 25 385 318 218 290
91 4 365 219 78
519 458 218 279
514 86 35 248 443 218 275
92 43 405 181
90 652 33 263 218 276
91 649 501 262
90 13 219 71 218 289
92 4 621 219 71 218 289
88 649 492 269
518 90 22 248 117 218 532
86 4 370 219 79
234 384 650 331
513 84 35 381
87 43 11 384
88 12 467 218 274
84 43 248 371 95
513 87 46 104
90 4 217 626 219 70
515 84 50 579 218 533 219 70
91 14 611 218 533
84 43 248 389 95
86 4 643 219 72 218 281
90 49 248 352 218 290
84 12 468 218 274
90 19 217 276 219 79 218 358
84 4 365 219 66
514 84 25 248 149 218 290
88 1 176 214 2 205 218 280
234 384 650 318
84 4 354 219 67
518 85 2 211
86 649 500 261
515 444 218 274
90 43 25 177 218 278
91 11 384 218 274
87 43 24 248 120 218 533
90 7 375 218 274
514 88 7 248 130 218 288
84 4 217 633 219 67
516 90 1 188 214 2 202
87 652 33 260 218 279
92 4 217 622 219 66
234 299 54 218 288
519 84 58 602 218 275
516 446 218 276
92 43 248 567 95
92 43 25 397 318 218 288
513 91 35 374 218 280 219 69
85 43 58 248 619 218 534
519 87 23 120 218 535
90 43 36 248 536 218 284
85 649 476 263
88 43 14 601
86 43 413 443
519 91 1 186 218 275
87 4 217 642 219 66
519 91 21 374 218 275 219 67
87 46 248 375
85 43 46 540 214 2 209 95
88 43 46 137 214 2 202 95
92 43 12 439
87 23 248 104
85 4 370 219 65
86 4 352 219 79
91 43 58 248 608 218 274
92 1 174 214 2 208 218 274
87 650 267 218 288
91 43 49 248 577 218 279
91 12 469 218 289
86 4 354 218 275
92 19 217 288 219 79 218 431
519 90 11 117 218 532
90 43 25 397 316 218 290
528 546 218 289 219 71
91 35 566 218 290
516 85 21 130 218 275 219 78
92 13 219 67 218 276
513 85 7 130 218 288 219 68
516 91 4 642 218 275
90 650 263 218 279
91 649 482 264
90 35 568 218 290
90 1 248 172 218 276
516 87 21 120 218 275 219 66
84 35 577 218 276
87 4 217 621 219 67
88 4 355 218 274
87 43 58 615 214 2 203 95
519 85 36 610 218 276 219 67
516 87 21 130 218 275 219 65
518 85 14 561
520 554 218 290 219 79
90 13 219 67 218 280
92 43 36 619 218 289
88 43 24 120
88 4 365 218 274
518 454 218 276
86 43 35 120
517 457 218 288
91 43 414 602
514 85 11 116
87 19 217 280 218 422
524 549 218 288 219 65
92 35 568 218 274
87 43 7 248 137 218 288
90 35 615 218 290
86 649 510 268
87 43 35 382 218 289
84 43 24 248 120 218 534
88 11 384 218 534
91 19 217 289 219 71 218 354
92 43 14 612 218 532
91 43 25 392 324 218 276
90 43 12 434 218 275
85 35 578 218 276
517 85 21 106 218 275 219 71
85 4 248 627
87 19 217 284 219 78 218 431
87 650 264 218 275
88 43 7 130 214 2 205 95
85 4 370 218 279
88 19 217 284 219 70 218 425
91 43 25 400 323 218 275
91 43 6 248 130 218 288
92 43 49 536
91 43 46 137
519 92 7 130
92 5 248 130 218 288
87 19 217 284 219 68 218 354
85 650 273 218 284
518 90 11 395 218 535
86 650 268 218 280
91 43 4 643
90 43 248 570 95
84 43 403 439
519 88 1 150 214 2 205
86 43 23 118 214 2 203 95
514 86 21 372 218 275 219 68
87 43 408 570
92 22 248 117 218 275
85 4 634 219 78 218 276
86 43 25 395 324 218 284
516 90 7 248 375 218 288
85 649 512 269
90 12 470 218 288
84 24 248 105 218 275
90 1 154 214 2 210 218 279
85 12 459 218 289
517 86 1 248 178 218 274
92 43 1 190 214 2 212 95
90 43 407 400
518 85 50 441 218 533 219 70
91 12 461 218 275
86 6 137 218 288
531 545 218 274 219 71
88 14 248 616 218 275
84 43 23 104
513 92 1 190 214 2 205
87 650 264 218 276
87 43 14 604 218 274
85 22 248 375
513 91 1 183 214 2 208
88 43 23 120 214 2 202 95
86 43 404 572
88 650 269 218 276
92 43 25 385 324 218 290
92 650 262 218 289
87 1 248 186 218 284
87 1 186 214 2 208 218 289
234 387 650 322
92 43 6 137 214 2 205 95
518 86 6 130 218 275 219 68
90 12 470 218 274
84 43 1 177 214 2 208 95
85 19 217 279 219 64 218 354
91 43 25 391 319 218 280
85 4 642 219 78 218 280
88 649 493 265
514 454 218 289
88 1 176 214 2 208 218 284
90 43 49 248 108 218 281
87 35 571 218 275
515 88 36 248 107 218 276
84 12 466 218 290
84 24 248 118 218 533
88 43 23 248 104 218 532
91 19 217 274 218 423
86 652 33 261 218 288
84 49 248 612
86 4 353 219 68
87 35 568 218 279
84 43 49 248 566 218 281
518 90 1 178 214 2 210
518 88 1 248 183 218 274
87 14 248 615
514 84 21 372 218 275 219 70
515 85 35 355 218 290 219 64
515 90 7 138 218 275
88 19 217 280 219 68 218 426
87 43 407 121
88 43 25 399 324 218 279
86 652 33 264 218 284
91 4 621 219 78 218 276
84 43 22 375
518 88 49 620 218 280 219 71
87 649 494 273
514 452 218 275
87 43 248 618 95
85 651 33 269 218 274
85 43 12 147 214 2 212 95
87 43 14 135 218 534
516 91 24 248 118 218 532
92 19 217 281 219 67 218 354
91 43 49 248 124 218 284
86 650 260 218 289
517 85 1 186 214 2 210
87 35 572 218 275
90 35 567 218 280
85 649 479 273
513 87 49 248 587 218 279
86 43 5 106 214 2 212 95
87 4 627 219 71 218 284
87 19 217 275 218 422
92 24 105 218 274
519 447 218 280
517 90 5 106 218 274
92 19 217 284 219 79 218 366
92 43 25 389 316 218 281
517 91 58 248 600 218 533
522 549 218 281 219 79
519 90 50 536 218 535
85 4 626 219 72 218 274
88 19 217 276 219 68 218 423
84 19 217 276 218 354
91 35 566 218 284
515 84 12 248 439 218 275
519 88 11 387 218 274 219 66
84 19 217 274 219 71 218 430
519 87 25 212 218 290 219 64
88 43 25 362 218 290
84 43 248 581 95
85 43 49 391
234 299 54 218 276
517 90 1 177 214 2 205
90 652 33 260 218 275
91 43 403 574
84 650 260 218 288
85 1 150 214 2 210 218 289
91 4 351 219 79
84 35 575 218 274
516 85 58 601
91 1 184 214 2 213 218 274
90 43 25 393 324 218 289
92 43 2 202 218 284
518 87 49 538
88 43 12 349 218 276
234 297 54 218 284
86 43 6 382 214 2 211 95
91 652 33 264 218 281
92 1 184 214 2 208 218 276
519 84 49 571 218 276
519 85 21 383 218 275 219 65
84 43 411 182
84 650 262 218 275
513 92 23 104
88 653 33 262 218 284
85 43 1 149 218 274
90 7 130 218 274
91 649 483 263
513 85 1 185 214 2 212
86 35 575 218 288
84 19 217 289 218 427
84 12 469 218 281
88 35 574 218 279
520 559 218 281 219 70
84 43 421 572
92 4 643 219 79 218 284
515 84 25 397 218 278
85 22 248 126
514 88 24 248 118 218 533
92 49 248 388 218 281
234 297 54 218 280
91 43 24 120 214 2 213 95
513 444 218 290
85 43 406 149
517 87 35 620 218 284 219 69
86 43 12 108 214 2 213 95
86 19 217 276 218 422
86 4 362 219 64
85 19 217 274 219 78 218 423
90 43 46 104 218 532
91 43 49 248 103 218 279
85 43 12 375
85 43 5 130
84 49 181 218 288
87 4 622 219 78 218 274
90 43 248 614 95
514 90 4 624
518 92 21 376 218 275 219 70
90 58 604 218 275
88 4 248 350 218 275
516 445 218 276
514 85 2 248 203 218 276
521 543 218 276 219 71
92 50 248 372 218 534
88 19 217 289 218 427
513 84 50 589
518 91 6 248 382 218 275
88 35 574 218 281
90 652 33 260 218 279
513 87 22 148 218 275 219 78
84 4 353 219 72
86 43 409 597
514 91 21 379 218 275 219 71
84 43 25 400 321 218 279
84 43 419 374
91 43 2 248 202 218 276
87 43 12 248 340 218 279
87 12 472 218 279
234 298 54 218 281
84 247 33 261 218 290
91 19 217 281 219 67 218 366
88 4 621 219 72 218 275
84 19 217 290 219 68 218 422
519 85 21 130 218 275 219 65
86 43 25 393 318 218 281
92 43 5 106 218 275
85 35 566 218 288
84 22 248 538 218 534
86 43 25 392 323 218 290
519 88 22 248 125 218 532
85 649 500 265
513 90 25 248 365 218 290
85 4 355 219 66
86 43 24 111 214 2 202 95
87 35 567 218 290
84 247 33 272 218 280
84 43 36 374
92 649 507 264
87 43 12 248 348 218 290
85 43 11 248 388 218 535
91 13 219 65 218 280
90 650 268 218 279
84 43 25 399 331 218 279
85 4 248 642
90 4 633 219 64 218 280
88 12 460 218 281
90 43 402 209
86 43 415 605
92 650 267 218 275
515 88 7 137 218 288 219 69
519 84 21 374 218 275 219 66
90 43 248 104 95
519 88 25 248 365 218 290
85 43 402 353
90 4 217 638 219 70
88 43 23 248 120 218 533
90 36 248 619
85 43 1 248 178 218 274
517 88 6 137
86 4 370 219 71
86 35 576 218 275
518 85 1 172 214 2 208
90 19 217 281 219 70 218 430
91 2 248 205
513 90 21 130 218 275 219 69
90 4 366 218 279
513 85 21 130 218 275 219 67
517 87 22 104 218 535
86 650 267 218 281
92 43 50 393
86 43 25 384 320 218 279
90 14 611 218 534
87 1 248 149 218 274
86 43 2 203
90 43 24 118 218 534
92 35 577 218 288
84 43 410 368
513 86 24 248 104 218 533
92 43 50 617 214 2 203 95
84 4 248 627
84 1 178 214 2 209 218 274
84 4 217 633 219 72
84 649 476 267
84 2 248 209 218 274
85 43 2 248 212 218 284
517 87 22 539 218 533 219 66
84 1 154 214 2 202 218 279
518 91 50 105 218 274
87 49 541 218 274
84 19 217 279 218 426
234 301 54 218 279
516 91 1 187 214 2 209
518 91 46 540 218 532
513 92 6 137
92 13 219 69 218 284
91 49 248 386
91 13 219 70 218 290
90 4 248 362 218 275
91 4 351 219 65
91 649 487 269
91 4 626 219 66 218 274
87 13 219 72 218 288
92 35 570 218 274
88 43 1 150 218 276
92 35 572 218 276
516 90 46 248 137 218 535
90 1 184 214 2 208 218 280
518 92 35 248 370 218 281
84 43 417 438
519 86 2 212 218 275
85 4 370 219 71
91 4 626 219 66 218 289
84 247 33 264 218 289
84 4 217 639 219 65
516 84 23 105
88 43 248 580 95
92 19 217 290 219 68 218 358
86 43 14 601 214 2 209 95
90 43 4 355 214 2 203 95
518 92 49 174 218 275
92 35 574 218 290
513 91 1 190 214 2 205
518 92 23 105 218 533
91 19 217 290 219 71 218 358
84 12 248 336 218 275
517 85 25 353
519 84 5 130 218 274 219 79
92 43 23 104 214 2 212 95
88 13 219 67 218 289
524 557 218 274 219 70
87 13 219 71 218 281
84 19 217 275 219 66 218 431
517 446 218 288
90 25 248 354 218 278
513 86 1 151 218 276
84 43 414 440
92 46 248 137 218 533
234 391 650 321
87 43 14 608 218 276
87 19 217 276 218 431
513 87 1 186 214 2 205
86 12 348 218 279
85 13 219 70 218 274
84 43 49 248 204 218 281
84 4 351 219 66
86 650 262 218 284
513 458 218 275
519 85 1 149 214 2 203
87 12 460 218 289
86 13 219 64 218 290
92 13 219 66 218 289
519 88 6 137 218 288 219 79
91 43 25 387 319 218 274
90 649 491 260
84 4 366 219 65
90 49 248 607
91 43 25 248 190 218 290
87 19 217 275 219 70 218 430
86 43 36 382 214 2 205 95
84 4 623 219 79 218 290
87 19 217 274 218 354
86 12 472 218 274
87 4 352 219 79
86 43 405 538
86 43 248 570 95
87 19 217 279 218 430
517 90 1 178 214 2 204
85 43 248 440 95
90 19 217 279 219 70 218 354
519 450 218 275
92 24 248 111
525 549 218 288 219 78
514 85 21 373 218 275 219 69
514 84 24 118 218 533
84 650 265 218 281
515 92 50 576 218 275 219 66
84 247 33 272 218 290
88 43 248 387 95
86 43 5 130 214 2 211 95
518 84 1 176 214 2 202
91 43 25 384 324 218 279
84 43 5 130 218 288
92 7 248 375 218 288
514 85 1 188 218 276 219 70
90 12 471 218 280
87 43 25 384 324 218 284
86 43 36 370 214 2 204 95
515 92 50 248 370 218 532
88 43 25 397 316 218 279
92 43 36 392
86 4 350 219 69
516 85 46 248 104 218 532
88 19 217 274 218 430
517 92 1 178 214 2 212
88 649 499 263
90 1 184 214 2 204 218 290
518 85 1 149 214 2 213
513 84 1 176 214 2 213
517 85 24 118 218 533 219 65
84 4 638 219 67 218 289
92 43 406 386
528 552 218 274 219 70
90 19 217 275 218 426
91 4 350 219 69
90 43 14 248 602 218 533
92 4 622 219 78 218 289
84 19 217 279 219 71 218 431
513 87 49 388 218 288 219 79
519 84 36 601 218 279
84 35 578 218 274
87 43 25 387 319 218 274
514 90 7 138
530 553 218 284 219 67
91 35 126 218 279
530 559 218 289 219 71
513 84 46 248 137 218 274
85 4 622 219 68 218 276
86 4 633 219 69 218 275
84 14 602 218 532
92 24 248 118 218 534
530 561 218 288 219 70
514 453 218 290
91 4 640 219 67 218 274
84 43 25 388 315 218 276
88 43 418 571
513 91 7 130 218 275
92 43 14 617
84 1 154 214 2 213 218 276
86 650 273 218 288
88 12 472 218 289
92 4 217 621 219 71
87 650 265 218 290
87 4 627 219 78 218 290
513 85 4 365 218 274
514 87 22 248 124 218 275
513 84 1 168 214 2 211
87 43 23 120
43 4 217 627
517 452 218 288
516 84 4 248 368 218 276
88 23 111 218 534
84 1 181 214 2 205 218 290
84 1 181 214 2 211 218 274
84 19 217 274 219 66 218 424
513 90 21 372 218 275 219 64
87 1 185 214 2 202 218 279
87 13 219 71 218 288
516 447 218 276
517 85 1 175 214 2 209
86 652 33 262 218 275
519 85 14 248 610 218 534
88 12 248 335
513 453 218 281
234 392 650 322
90 652 33 260 218 289
529 556 218 279 219 70
85 13 219 70 218 288
91 43 5 106
518 92 1 185
87 19 217 288 219 64 218 426
85 35 570 218 290
87 43 35 610 214 2 212 95
85 35 573 218 290
513 90 14 611
86 43 406 182
516 90 11 248 400 218 532
85 35 572 218 281
86 1 175 214 2 213 218 274
85 43 12 333 214 2 205 95
90 649 480 272
517 447 218 284
91 43 14 607 214 2 210 95
513 88 21 372 218 275 219 79
90 43 248 371 95
91 649 498 268
91 43 25 386 318 218 289
86 43 404 577
91 12 248 146
519 92 1 183 214 2 208
91 35 576 218 284
85 12 463 218 288
514 84 24 104
84 43 24 248 118 218 535
86 4 350 219 78
518 86 2 208
92 36 248 581
87 12 460 218 279
519 91 21 372 218 275 219 69
91 12 471 218 276
516 85 1 182
91 649 491 269
91 43 49 211 214 2 212 95
516 92 23 111 218 535
88 4 622 219 65 218 284
86 35 574 218 284
90 43 25 395 323 218 284
517 91 11 395 218 535 219 78
92 649 510 268
92 43 22 248 102 218 533
90 649 505 261
84 19 217 276 219 79 218 366
87 43 46 137
85 4 621 219 71 218 290
91 4 217 640 219 70
88 43 14 248 611 218 276
85 43 248 586 95
88 43 50 578
86 43 410 614
88 43 4 366
518 88 21 383 218 275 219 66
84 23 104 218 534
91 19 217 281 219 65 218 354
516 91 1 188
514 91 46 375 218 275 219 69
90 43 248 392 95
513 88 21 375 218 275 219 78
90 14 248 604
84 19 217 284 219 68 218 358
86 43 50 355
85 43 248 539 95
515 88 1 187
513 90 22 248 117 218 534
84 19 217 284 219 68 218 425
85 12 461 218 275
85 4 356 219 64
91 11 248 391
90 1 176 214 2 211 218 275
517 84 22 125
91 50 248 108
92 19 217 289 218 358
86 649 479 263
87 19 217 274 218 427
514 88 1 185 214 2 212
84 12 463 218 275
518 90 21 382 218 275 219 79
85 19 217 280 219 78 218 354
92 43 35 248 578 218 279
518 456 218 284
515 84 58 608
518 91 12 443
515 90 11 248 391 218 533
88 4 622 219 66 218 289
87 43 7 375 218 288
87 43 248 355 95
527 554 218 284 219 67
90 649 477 261
87 43 25 391 324 218 280
86 43 24 111
92 649 509 262
84 23 248 118
88 649 509 264
514 84 1 168 214 2 208
524 554 218 279 219 70
517 92 12 340
514 90 14 602 218 535 219 69
517 87 1 186 214 2 213
85 4 634 219 64 218 289
85 13 219 79 218 284
515 86 1 182 214 2 204
513 90 1 186 214 2 208
86 35 575 218 274
87 43 2 248 211 218 275
92 46 248 104 218 535
84 43 412 619
92 36 608 218 274
527 559 218 276 219 70
91 58 248 610 218 533
88 35 579 218 280
518 87 35 434 218 288 219 71
517 451 218 274
91 19 217 290 218 427
85 43 23 105 214 2 208 95
519 88 25 356 218 278 219 79
84 12 462 218 276
86 25 388 218 278
86 43 5 371 218 274
517 456 218 274
87 1 149 214 2 203 218 290
517 85 21 382 218 275 219 66
518 87 1 182 214 2 205
92 4 638 219 78 218 274
518 86 25 355 218 290 219 72
513 91 21 379 218 275 219 67
90 6 248 371
91 13 219 68 218 276
88 49 212 218 289
92 11 248 296 218 533
84 13 219 79 218 275
516 84 1 168 214 2 205
516 91 1 175 214 2 209
88 19 217 279 219 67 218 431
87 43 35 617 214 2 205 95
84 4 355 219 68
91 43 35 608 218 284
43 4 217 622
234 384 650 315
529 557 218 284 219 71
513 84 1 149 214 2 202
86 652 33 262 218 289
92 43 4 621 218 275
87 19 217 275 219 69 218 358
87 43 4 634 218 275
90 4 217 627 219 69
91 43 23 111
530 561 218 279 219 72
92 35 566 218 274
525 553 218 279 219 64
91 6 382 218 274
516 444 218 280
90 11 248 117
92 4 621 219 69 218 284
518 84 23 248 120 218 274
90 4 362 219 67
513 85 46 137 218 534
519 84 24 105
90 649 502 260
517 92 4 638 218 276
87 46 540 218 535
518 85 24 118 218 535 219 70
92 19 217 289 219 78 218 366
85 46 248 375 218 274
88 43 50 248 355 218 274
513 90 22 102 218 274
85 43 58 620
86 43 410 174
92 19 217 288 219 79 218 424
90 650 272 218 290
86 4 350 219 72
88 22 117 218 275
85 43 23 104 218 533
86 35 570 218 274
85 43 49 248 376 218 279
90 650 263 218 276
88 649 502 261
86 43 1 248 186 218 276
87 4 643 218 274
91 650 263 218 276
92 46 375 218 275
91 1 175 214 2 204 218 276
84 23 248 111 218 275
518 90 12 442
84 649 477 272
88 43 25 389 315 218 288
91 2 213 218 275
87 4 217 628 219 70
517 92 35 391
90 43 58 248 615 218 532
88 43 4 355 214 2 202 95
86 5 371 218 274
92 4 366 218 274
84 25 248 183 218 278
85 4 634 219 79 218 284
526 550 218 290 219 72
84 35 577 218 289
90 4 366 219 65
87 650 260 218 284
90 58 248 604
84 650 267 218 284
517 84 46 137
518 90 46 375 218 535 219 78
87 43 4 365 218 275
84 43 4 350 218 275
92 43 7 248 137 218 288
88 43 25 386 323 218 274
526 558 218 289 219 69
85 43 4 356
517 85 46 248 137 218 275
87 35 567 218 281
518 86 21 106 218 275 219 64
91 4 350 219 71
92 650 273 218 289
91 23 248 111
91 35 581 218 275
514 87 24 248 105 218 534
90 4 352 218 274
86 43 25 384 324 218 290
518 91 24 111 218 532 219 65
87 43 4 366 218 279
514 90 1 181 214 2 202
88 50 248 578 218 275
92 649 492 260
517 91 21 382 218 275 219 69
519 91 24 118
86 43 22 116 214 2 202 95
86 43 416 389
90 22 117 218 532
91 650 269 218 288
87 19 217 276 218 425
519 92 1 176 214 2 205
529 564 218 281 219 67
84 43 25 388 318 218 274
90 22 248 125
513 85 21 383 218 275 219 78
514 86 21 371 218 275 219 66
84 1 174 214 2 205 218 275
234 390 650 315
88 43 25 393 323 218 276
86 649 476 262
84 14 248 612
92 43 11 392
87 43 248 580 95
84 43 7 138
90 652 33 265 218 276
87 43 36 248 569 218 290
90 43 11 395 214 2 203 95
514 86 4 365 218 276 219 67
518 86 4 356
84 36 248 400
88 35 565 218 284
86 14 613 218 276
85 43 22 541 214 2 203 95
513 84 50 618
519 84 58 248 610 218 535
515 92 1 187 214 2 210
85 43 7 137 214 2 202 95
513 86 49 573
86 43 25 175 214 2 213 95
85 651 33 272 218 280
91 36 597 218 284
86 19 217 281 218 358
518 87 12 349 218 280 219 70
91 43 248 599 95
91 12 340 218 288
519 87 14 606
84 19 217 279 218 423
84 1 248 149 218 284
513 87 2 208 218 276
85 43 403 188
92 649 495 269
84 24 248 104
86 4 626 219 79 218 275
91 649 480 267
91 1 185 214 2 208 218 275
234 309 54 218 288
90 43 14 248 616 218 275
85 649 508 269
515 86 2 208 218 274 219 69
84 43 7 375
92 43 415 439
91 4 217 634 219 70
92 4 362 219 67
517 450 218 279
92 1 177 214 2 208 218 281
518 91 1 168 214 2 202
85 43 248 441 95
84 1 151 214 2 213 218 284
90 652 33 263 218 281
515 87 1 184 214 2 205
517 84 21 374 218 275 219 69
91 12 461 218 274
86 4 356 218 276
84 43 12 248 375 218 289
516 88 11 248 385 218 533
527 556 218 274 219 67
513 85 14 601 218 535
517 85 1 176 214 2 213
88 19 217 290 219 70 218 366
85 19 217 280 218 430
234 295 54 218 279
514 88 24 111
88 43 36 400
86 43 35 372 214 2 211 95
86 19 217 275 219 67 218 424
517 92 21 375 218 275 219 64
513 85 58 248 614 218 534
518 87 1 184 214 2 203
84 12 463 218 279
86 12 463 218 276
90 12 466 218 284
519 87 36 248 573 218 280
92 12 471 218 290
516 86 6 248 382 218 288
92 19 217 289 219 66 218 425
90 58 248 607 218 534
90 4 628 219 72 218 274
91 43 2 211 214 2 203 95
90 1 186 214 2 209 218 281
87 14 248 618 218 274
516 85 4 647 218 274 219 68
86 43 58 617 218 534
519 84 21 382 218 275 219 72
84 649 486 260
519 84 6 248 382 218 274
86 43 22 536 214 2 203 95
91 43 50 354 214 2 203 95
514 451 218 279
513 84 25 248 174 218 278
86 12 459 218 279
515 87 36 587 218 275 219 67
513 88 1 185 214 2 204
531 563 218 288 219 68
513 85 22 103 218 535
518 86 14 248 608 218 533
517 91 5 106 218 274
86 19 217 279 219 71 218 426
518 457 218 280
85 35 577 218 279
514 85 49 248 175 218 280
90 2 248 203
84 650 269 218 280
86 43 11 248 392 218 533
91 43 22 121
85 43 36 362
87 43 248 105 95
513 84 23 111 218 533 219 66
85 650 261 218 280
513 87 12 375 218 276 219 66
518 92 21 374 218 275 219 64
92 36 577 218 274
87 35 569 218 289
87 650 267 218 279
84 43 248 392 95
519 88 11 389 218 533 219 78
87 43 24 111 214 2 210 95
519 87 21 383 218 275 219 69
88 4 368 219 69
519 90 21 120 218 275 219 66
90 43 25 248 390 218 278
514 85 21 372 218 275 219 70
514 85 25 352 218 278
86 19 217 276 218 424
513 92 35 376 218 275
88 12 465 218 274
92 13 219 71 218 290
88 43 2 248 205 218 276
515 445 218 290
90 35 583 218 289
92 2 204 218 275
85 43 409 104
92 649 481 272
86 11 248 116 218 274
88 43 25 393 317 218 288
92 19 217 280 218 422
87 649 483 268
86 4 622 219 79 218 275
86 43 24 120
88 43 248 586 95
92 43 420 578
530 560 218 274 219 71
84 35 579 218 289
87 43 248 352 95
92 43 419 568
84 1 175 214 2 202 218 280
84 43 25 384 317 218 284
87 12 465 218 279
513 91 4 368 218 279 219 79
514 91 4 622 218 274 219 78
92 46 104 218 535
515 88 49 391 218 284 219 72
87 13 219 66 218 274
87 650 260 218 276
514 84 11 248 400 218 532
90 43 5 106
87 4 368 219 71
514 88 23 111
85 58 607 218 532
85 43 1 186 214 2 210 95
88 4 643 219 66 218 275
86 23 248 111
84 19 217 289 218 425
88 58 248 620 218 532
514 91 1 177 214 2 208
90 50 248 383
87 12 468 218 284
515 90 24 248 120 218 532
518 91 12 432 218 280
86 19 217 289 218 354
90 19 217 280 218 358
513 84 1 175 214 2 202
90 649 483 272
88 35 570 218 288
85 35 576 218 290
514 85 22 105 218 535 219 70
518 84 23 120 218 534
91 19 217 284 219 69 218 425
518 87 14 614 218 533 219 78
517 90 21 373 218 275 219 66
86 43 248 542 95
91 4 628 219 79 218 281
519 84 21 376 218 275 219 69
92 4 638 219 67 218 288
518 85 5 106
85 649 502 268
87 12 248 107 218 288
92 1 176 214 2 203 218 276
516 92 24 111 218 274 219 78
88 43 412 389
88 43 58 604 214 2 202 95
513 86 50 573 218 283 219 68
85 43 36 572 214 2 204 95
90 43 23 248 105 218 534
84 43 58 248 603 218 275
87 43 4 621 218 274
516 91 11 248 395 218 535
517 87 21 376 218 275 219 67
87 43 49 184
518 87 58 617
88 43 50 120 218 534
84 19 217 279 219 68 218 426
91 43 416 532
516 91 1 177 218 284
519 85 58 248 613 218 275
85 651 33 264 218 290
515 87 11 397 218 534
91 650 273 218 288
90 12 459 218 276
87 22 248 541 218 533
85 4 351 219 67
88 35 574 218 280
517 84 21 382 218 275 219 66
87 650 269 218 288
90 43 11 388 214 2 210 95
87 43 23 105 218 274
91 43 420 577
515 92 1 151 214 2 212
526 546 218 274 219 69
84 12 464 218 279
518 85 35 432
519 90 22 121
514 91 1 188 214 2 212
90 4 368 219 72
90 12 465 218 274
90 12 248 335 218 274
90 43 25 387 320 218 284
515 91 58 611 218 275
88 23 248 118
91 650 264 218 290
91 4 623 219 78 218 290
513 449 218 290
88 12 459 218 276
515 90 58 620
88 4 217 624 219 67
86 12 466 218 281
85 649 493 269
516 86 12 375 218 279
92 2 205 218 284
85 43 414 168
519 92 21 375 218 275 219 68
87 13 219 72 218 284
87 43 25 190 214 2 210 95
90 43 49 182 214 2 208 95
86 35 613 218 288
91 43 248 538 95
92 49 609 218 281
88 19 217 289 218 354
86 652 33 262 218 276
91 4 217 626 219 78
85 43 25 391 323 218 290
86 43 7 137 218 288
513 85 49 374 218 276
515 448 218 288
90 43 25 204 218 290
84 43 402 536
92 43 7 137
517 85 2 209 218 275
85 22 248 536 218 534
85 1 248 154
84 43 409 362
84 12 466 218 279
85 4 633 219 69 218 284
92 13 219 72 218 279
88 4 368 219 67
234 397 650 331
87 22 248 126
87 649 492 272
90 14 615 218 533
92 43 6 130 218 288
87 25 168 218 278
516 85 6 382 218 288
90 19 217 288 218 358
92 649 493 263
518 88 1 186 218 275
90 2 213 218 275
85 43 403 614
87 35 248 589 218 281
92 4 621 219 64 218 280
87 19 217 279 219 65 218 422
91 43 23 105 218 275
91 12 469 218 274
84 650 263 218 290
88 19 217 290 218 422
91 4 351 219 66
513 87 7 248 375 218 275
88 43 6 371 214 2 211 95
515 87 6 248 137 218 275
91 13 219 68 218 290
84 43 6 130 218 274
91 649 495 261
518 84 11 248 116 218 535
90 43 2 248 211 218 275
513 90 12 334 218 275
518 91 1 149 214 2 202
516 90 36 391 218 274
85 35 578 218 274
92 650 272 218 276
517 85 11 248 395 218 533
87 50 248 443
87 12 470 218 276
85 4 627 219 71 218 289
91 650 261 218 276
84 43 4 248 354 218 279
515 84 2 210
514 86 21 130 218 275 219 78
87 649 504 265
86 43 410 172
84 650 268 218 284
86 4 623 219 66 218 275
86 19 217 279 219 71 218 431
88 650 264 218 281
86 43 11 248 384 218 274
517 84 5 371
91 12 460 218 274
234 393 650 319
85 35 573 218 280
85 4 640 219 70 218 284
86 43 25 385 315 218 288
87 4 366 219 69
516 90 21 381 218 275 219 70
516 85 1 151 214 2 205
85 19 217 279 219 70 218 422
92 652 33 261 218 279
90 43 413 609
86 43 410 381
92 13 219 78 218 275
517 91 14 603 218 274 219 79
84 12 465 218 274
516 85 23 105 218 535
88 1 154 218 274
86 650 272 218 274
84 43 5 248 106 218 274
234 388 650 320
91 19 217 290 218 422
85 4 217 639 219 78
86 650 260 218 275
85 35 248 581
43 4 217 626
515 453 218 281
85 19 217 290 218 425
90 43 35 248 539 218 276
86 43 49 373
91 35 383 218 289
90 43 248 600 95
92 43 248 356 95
90 1 188 214 2 212 218 280
514 92 21 130 218 275 219 71
517 454 218 280
86 43 5 106 214 2 202 95
92 43 420 539
90 4 362 219 69
87 58 248 619
92 4 217 621 219 70
91 43 2 205
517 449 218 289
90 43 11 389 214 2 209 95
516 86 21 106 218 275 219 64
521 551 218 279 219 66
88 2 209 218 284
516 452 218 274
88 12 470 218 274
92 43 35 248 397 218 276
91 43 11 391 218 533
85 651 33 264 218 289
515 92 35 581 218 289 219 79
84 1 184 214 2 204 218 289
92 43 4 628 214 2 210 95
85 43 414 370
88 43 25 393 331 218 275
91 19 217 289 219 69 218 426
514 86 46 104
92 36 248 614
515 90 5 371
86 43 24 118 214 2 211 95
85 43 11 393 214 2 208 95
90 36 248 381 218 284
85 43 25 392 318 218 279
91 43 35 580
87 43 58 603 218 274
513 91 49 248 353 218 284
514 90 4 248 362 218 274
90 46 248 137 218 534
84 650 273 218 281
90 58 248 619 218 532
84 7 248 130 218 274
518 90 11 296 218 535 219 71
87 43 25 388 315 218 280
88 43 248 542 95
92 12 462 218 281
521 559 218 279 219 65
91 652 33 265 218 279
515 457 218 284
87 43 22 542
87 43 411 443
516 454 218 289
91 4 217 621 219 68
88 43 50 356
90 1 168 214 2 211 218 284
87 652 33 265 218 288
91 43 420 124
517 85 50 370 218 283
84 4 368 219 70
90 13 219 67 218 284
518 91 24 120 218 535 219 67
517 88 5 371 218 275 219 70
86 4 638 219 68 218 288
516 85 46 375 218 274 219 64
516 453 218 275
516 90 4 248 638 218 276
88 12 459 218 284
92 2 248 213 218 276
516 88 23 248 120 218 275
91 1 178 218 274
515 85 25 397 218 290 219 65
88 43 25 184 218 290
516 85 46 104
514 85 24 118
86 22 248 102 218 533
519 86 1 248 188 218 274
84 25 248 175 218 278
87 1 172 214 2 209 218 274
88 649 507 272
513 92 36 121
87 36 248 106
90 43 46 375 214 2 208 95
84 650 268 218 290
92 43 1 248 185 218 274
88 13 219 79 218 289
90 43 50 620 218 274
92 43 49 104 214 2 202 95
516 87 46 540
88 650 269 218 274
85 19 217 280 218 427
86 1 174 214 2 202 218 274
519 91 49 148
91 12 460 218 280
92 50 121 218 275
88 649 377 262
88 36 248 395 218 281
90 14 602 218 533
90 4 628 219 69 218 284
87 1 248 190 218 276
91 1 185 214 2 210 218 279
92 46 137 218 532
91 650 268 218 281
87 46 248 375 218 533
90 50 248 580
84 43 413 583
86 12 469 218 284
86 1 248 178
87 43 24 120
518 84 21 374 218 275 219 70
519 86 14 618
85 43 46 137 214 2 213 95
86 43 248 575 95
91 13 219 70 218 274
92 22 248 103
92 649 499 262
92 43 402 183
92 19 217 276 219 68 218 423
84 247 33 261 218 274
515 88 50 248 542 218 283
516 85 58 612 218 532 219 64
518 86 6 130 218 275 219 65
90 19 217 275 218 430
88 35 580 218 280
88 58 248 600 218 532
531 555 218 281 219 72
526 551 218 288 219 66
85 43 25 395 315 218 274
86 649 510 265
88 649 482 273
85 19 217 275 218 424
88 653 33 263 218 279
87 13 219 71 218 290
86 43 4 622
88 19 217 279 218 425
516 86 49 614 218 274
519 92 24 120
85 4 622 219 69 218 289
88 35 566 218 280
519 86 24 104 218 535 219 79
91 4 640 218 276
85 1 178 214 2 211 218 284
88 43 415 146
84 4 350 219 68
517 90 5 371
513 91 22 116 218 533
515 86 22 248 124 218 534
85 1 176 214 2 209 218 281
92 19 217 275 218 424
516 92 1 149 214 2 203
84 14 248 607
92 13 219 64 218 288
90 43 25 393 321 218 276
529 556 218 280 219 65
91 19 217 289 218 431
87 649 512 260
518 90 35 603
84 43 420 350
514 445 218 289
518 86 25 202
84 43 4 248 647 218 279
87 43 248 350 95
87 43 50 350 218 283
88 43 25 395 320 218 281
513 451 218 288
92 43 7 248 137 218 274
85 36 391 218 280
87 25 350 218 290
91 13 219 66 218 281
91 43 404 438
90 4 623 219 65 218 289
90 49 569 218 275
519 456 218 284
90 43 11 117
513 88 1 168 214 2 208
86 24 248 120 218 534
91 43 248 104 95
234 309 54 218 290
519 86 25 248 187 218 290
519 444 218 280
91 650 263 218 274
87 649 481 267
91 1 176 214 2 211 218 289
91 24 248 105 218 275
85 649 474 269
86 12 465 218 289
87 19 217 279 219 64 218 366
519 87 35 248 569 218 289
85 649 488 265
519 84 12 349 218 281
87 43 24 104
88 43 4 248 362 218 274
88 25 353 218 290
88 43 403 188
515 88 25 210 218 278
523 563 218 288 219 78
87 6 248 130
85 13 219 72 218 290
90 12 375 218 274
515 88 7 248 375 218 288
84 13 219 79 218 289
515 452 218 284
85 1 248 174 218 276
85 13 219 64 218 275
84 23 248 104
514 87 35 248 616 218 288
91 12 459 218 288
86 1 188 214 2 202 218 290
516 92 4 248 634 218 279
86 1 172 214 2 209 218 281
517 84 22 125 218 533
85 46 248 540
90 6 248 382 218 275
88 35 573 218 276
86 13 219 65 218 288
519 87 2 213 218 275 219 65
85 13 219 64 218 276
86 50 365 218 532
519 85 25 248 154 218 290
90 43 14 248 614 218 275
517 86 21 383 218 275 219 64
87 43 421 441
513 92 4 647 218 275 219 70
87 14 248 611 218 532
92 650 267 218 276
85 23 248 120 218 533
513 92 1 183 214 2 209
87 5 248 130
85 1 176 214 2 209 218 275
514 92 50 350 218 534 219 71
87 19 217 275 218 424
85 4 248 353 218 275
90 19 217 280 219 65 218 427
88 4 217 634 219 66
517 86 36 248 612 218 279
92 36 248 397
87 13 219 65 218 289
515 84 1 185 218 274 219 78
92 43 46 248 104 218 535
514 85 1 175 214 2 204
88 1 185 214 2 212 218 290
91 19 217 274 218 430
88 36 248 130
84 58 248 606
514 444 218 280
90 43 7 137
91 22 248 542
234 297 54 218 279
515 87 21 371 218 275 219 67
513 85 21 381 218 275 219 65
87 35 578 218 279
516 88 1 183 214 2 213
519 90 1 150 214 2 213
88 43 411 183
517 84 46 104 218 534
85 19 217 276 218 427
85 4 642 219 68 218 274
90 43 25 393 317 218 289
514 91 5 130 218 288
84 650 265 218 275
90 43 25 388 323 218 275
515 84 2 213 218 284 219 70
515 86 1 184 214 2 203
519 449 218 276
84 43 58 606 214 2 208 95
86 50 617 218 274
92 649 474 265
513 91 21 373 218 275 219 67
524 547 218 280 219 65
515 91 14 248 617 218 274
86 43 22 538 218 275
88 19 217 279 219 69 218 354
513 85 35 248 601 218 279
91 43 419 103
84 43 248 606 95
515 90 23 120 218 275 219 72
90 13 219 64 218 274
86 35 248 397
84 1 176 214 2 209 218 279
90 43 46 104 214 2 211 95
516 88 35 248 572 218 281
85 43 4 351 214 2 205 95
91 12 467 218 289
88 12 465 218 289
91 43 7 375 214 2 209 95
515 88 50 366 218 535 219 64
88 50 248 609
90 19 217 274 219 69 218 426
514 454 218 274
85 49 186 218 290
91 4 217 640 219 72
88 43 58 601 214 2 204 95
84 4 217 626 219 72
92 650 273 218 280
85 50 248 120 218 532
86 43 35 355 214 2 212 95
515 90 58 611
86 43 25 248 391 218 290
524 550 218 290 219 64
90 13 219 68 218 281
92 1 172 214 2 210 218 274
515 87 58 248 604 218 535
513 84 35 248 106 218 290
86 1 174 218 274
515 86 50 120
85 43 25 391 331 218 289
92 19 217 288 219 67 218 423
90 1 183 214 2 210 218 281
90 19 217 279 219 69 218 430
87 649 506 261
234 304 54 218 280
92 1 177 214 2 211 218 280
86 43 25 387 315 218 289
92 43 419 442
87 22 126 218 535
85 1 176 218 284
513 90 36 589 218 279
84 43 25 387 316 218 290
514 92 1 185 214 2 212
84 1 185 214 2 210 218 276
92 1 187 218 275
91 13 219 64 218 274
86 43 24 104 214 2 208 95
90 13 219 64 218 288
91 43 22 248 541 218 274
85 43 35 248 432 218 284
87 43 50 395
516 87 24 120 218 535
86 1 154 214 2 210 218 280
91 43 419 130
92 35 578 218 284
521 548 218 276 219 78
84 43 50 610
91 43 25 387 323 218 274
88 43 25 388 322 218 284
85 43 58 248 604 218 274
85 12 470 218 288
88 4 622 219 68 218 276
88 43 25 203 214 2 204 95
92 12 461 218 274
86 14 604 218 532
92 43 406 365
84 43 402 614
84 4 624 219 70 218 290
517 87 1 174 214 2 205
85 5 248 106 218 274
514 87 1 176 214 2 204
91 652 33 262 218 290
90 43 419 362
86 13 219 65 218 289
90 4 350 219 67
88 43 248 384 95
84 12 461 218 290
86 4 370 219 69
91 43 12 332 214 2 212 95
84 649 377 265
86 23 104 218 274
517 92 1 175 214 2 212
90 4 642 219 69 218 276
514 92 24 118
84 13 219 68 218 275
85 43 11 389 218 534
88 4 354 219 71
519 85 58 248 607 218 274
88 4 217 639 219 66
514 85 1 183 214 2 205
92 43 58 612 214 2 204 95
85 19 217 274 218 426
525 556 218 274 219 64
92 649 484 267
514 88 1 168 214 2 204
516 85 50 382 218 534 219 71
519 91 12 248 107 218 276
84 35 569 218 276
518 87 5 106 218 288
88 49 248 538
91 4 633 219 68 218 276
88 1 181 214 2 209 218 284
84 43 248 586 95
84 43 6 248 371 218 274
234 397 650 315
87 43 25 390 322 218 290
85 50 575 218 275
516 86 21 372 218 275 219 78
88 649 508 265
91 13 219 72 218 288
90 12 463 218 281
86 43 248 597 95
516 91 11 248 400 218 535
86 35 575 218 281
91 43 35 572 214 2 203 95
234 393 650 320
85 35 571 218 289
90 4 217 643 219 78
92 43 36 388
517 88 1 177 214 2 209
86 43 248 391 95
517 86 21 375 218 275 219 79
92 43 2 212 218 275
90 19 217 274 218 426
92 4 622 219 66 218 280
91 43 5 248 130 218 275
92 36 375 218 281
514 84 4 352
516 91 22 121 218 275 219 78
92 12 463 218 281
92 35 581 218 274
84 43 22 248 102 218 535
91 4 633 219 72 218 284
90 43 11 384 214 2 210 95
513 87 1 176 214 2 213
88 4 623 219 70 218 279
514 91 21 382 218 275 219 72
87 652 33 264 218 276
92 19 217 281 219 65 218 423
84 649 489 262
90 43 248 387 95
84 4 355 219 69
92 23 104 218 535
86 649 510 269
88 43 25 389 322 218 284
88 12 466 218 279
91 649 496 260
87 13 219 65 218 276
517 92 1 150 214 2 209
84 43 25 391 319 218 276
234 391 650 319
519 84 49 574 218 289
90 36 107 218 288
92 12 248 434 218 280
517 88 2 248 212 218 284
515 86 14 615 218 533
525 549 218 279 219 79
519 454 218 276
87 19 217 290 219 68 218 424
92 43 2 209
517 92 21 374 218 275 219 78
92 43 5 248 371 218 274
84 19 217 274 218 424
90 35 565 218 280
84 43 24 105 214 2 213 95
514 84 1 248 178 218 274
519 91 25 210
90 43 248 370 95
85 12 460 218 289
514 87 1 172 214 2 205
513 92 12 248 333 218 279
84 36 248 573
92 22 248 117 218 535
84 43 248 125 95
90 13 219 70 218 289
519 92 24 104 218 275 219 66
90 4 217 624 219 70
526 552 218 279 219 72
91 43 25 400
91 4 622 219 71 218 276
86 43 5 130 218 288
90 12 248 340 218 279
85 12 467 218 290
519 92 35 385 218 284 219 72
519 85 6 248 137 218 288
87 35 565 218 281
88 5 371 218 274
90 43 248 107 95
88 43 417 103
92 22 248 125
90 4 351 219 69
85 12 460 218 279
88 4 622 219 70 218 288
84 43 23 118 214 2 203 95
90 43 36 566
88 4 356 219 78
91 13 219 67 218 276
92 12 464 218 290
91 36 573 218 290
531 554 218 281 219 78
234 312 54 218 288
91 1 174 214 2 209 218 279
84 5 248 371
88 650 272 218 274
87 5 371 218 275
515 92 25 391 218 290
515 86 21 379 218 275 219 64
85 4 643 219 68 218 275
90 43 2 209
84 50 248 577
85 43 36 366
85 46 248 540 218 274
87 12 472 218 281
88 12 147 218 289
84 12 467 218 284
90 650 263 218 280
86 43 50 248 400 218 533
527 549 218 288 219 65
91 652 33 265 218 290
84 43 248 539 95
92 43 25 387 321 218 290
84 35 565 218 276
85 649 512 262
517 86 58 609
87 4 621 219 71 218 276
90 4 217 634 219 70
92 19 217 275 219 78 218 354
84 43 14 603
516 86 1 248 184 218 284
88 649 497 269
91 4 217 638 219 71
91 4 248 355
519 88 12 332
86 43 1 188 214 2 210 95
84 650 264 218 275
86 12 464 218 281
90 43 248 376 95
515 88 21 382 218 275 219 68
87 43 248 567 95
87 4 351 219 68
86 650 272 218 284
515 86 1 154 214 2 210
91 43 25 389 331 218 290
85 12 469 218 281
519 86 5 106
86 35 581 218 276
88 13 219 71 218 288
84 46 375 218 275
517 88 7 248 138 218 288
91 22 248 539 218 274
92 43 25 390 317 218 279
86 1 151 214 2 208 218 274
513 87 21 372 218 275 219 72
87 19 217 279 219 70 218 354
519 85 1 184 214 2 212
92 43 25 176 218 278
518 85 25 390 218 278 219 65
87 43 24 118 218 533
92 43 7 130 218 288
513 91 7 375 218 288 219 78
88 1 248 174
88 49 248 356 218 290
87 46 248 104 218 532
84 43 12 248 440 218 290
516 92 1 184 214 2 205
92 35 130 218 274
92 4 217 622 219 67
91 12 472 218 281
513 85 21 371 218 275 219 72
88 49 601 218 289
90 43 24 248 104 218 532
85 4 217 628 219 68
91 36 248 581 218 281
87 43 4 351 214 2 213 95
85 12 466 218 289
516 91 21 381 218 275 219 78
87 19 217 284 219 64 218 427
91 22 248 148
91 43 402 106
92 19 217 281 218 430
92 13 219 78 218 281
88 43 25 353 214 2 208 95
90 649 488 260
90 13 219 64 218 276
90 43 12 340
84 35 579 218 290
516 90 14 614
515 88 14 612 218 534
518 84 4 352 218 276 219 70
87 1 248 188 218 276
90 43 22 248 102 218 532
91 13 219 79 218 276
92 7 248 130
87 12 470 218 279
86 43 36 248 440 218 281
85 4 217 626 219 67
90 43 25 388 317 218 276
88 4 642 219 78 218 274
92 43 35 614
90 43 25 393 318 218 276
92 35 573 218 290
92 43 12 332 214 2 205 95
90 35 567 218 281
91 1 182 214 2 208 218 288
92 4 638 219 70 218 274
92 12 460 218 289
88 13 219 66 218 281
88 1 149 214 2 202 218 275
518 91 46 104 218 532 219 64
86 13 219 64 218 281
86 1 188 214 2 202 218 281
517 87 21 373 218 275 219 69
85 46 248 137 218 535
87 43 248 391 95
515 88 1 187 214 2 209
517 88 23 111 218 275
86 1 183 214 2 203 218 289
86 43 36 125
92 58 602 218 535
515 447 218 290
91 14 614 218 274
86 22 105 218 533
92 35 571 218 279
84 650 265 218 276
91 1 178 214 2 212 218 275
516 92 1 190
90 4 643 219 71 218 275
92 19 217 281 219 68 218 358
514 84 7 138 218 275 219 65
87 35 573 218 276
87 43 248 603 95
86 650 269 218 274
91 43 11 384
518 84 2 213
90 19 217 290 219 64 218 354
84 43 25 209
91 19 217 290 219 66 218 423
516 90 58 616 218 274
88 43 5 130
88 35 570 218 289
514 92 1 154 218 274 219 67
86 13 219 69 218 290
85 43 6 371
87 43 35 126 218 279
87 43 24 248 104 218 274
86 4 368 219 72
91 652 33 268 218 279
88 19 217 288 218 354
87 19 217 281 218 423
92 43 402 589
86 19 217 281 219 65 218 423
84 43 25 387 324 218 276
88 649 505 263
525 563 218 276 219 70
84 43 25 397 315 218 289
86 43 7 138 214 2 205 95
518 90 35 374 218 280
84 4 640 219 70 218 275
87 43 23 111 214 2 211 95
84 4 628 219 64 218 276
516 87 1 150 214 2 211
87 652 33 261 218 290
520 550 218 279 219 70
84 19 217 275 218 426
91 43 46 248 137 218 532
92 1 174 214 2 203 218 280
92 4 217 624 219 65
91 13 219 64 218 288
86 43 24 248 104 218 274
86 650 261 218 288
514 85 12 335 218 274
91 43 1 187 214 2 211 95
91 25 248 205 218 278
87 4 365 219 68
90 1 150 214 2 210 218 275
234 393 650 318
86 35 568 218 280
84 19 217 289 219 67 218 422
518 446 218 280
516 91 21 374 218 275 219 70
88 23 120 218 534
86 4 647 219 78 218 274
84 35 532 218 274
87 19 217 275 219 66 218 423
91 43 25 392 324 218 289
91 650 273 218 289
87 19 217 279 218 425
515 457 218 274
84 19 217 279 219 79 218 431
234 294 54 218 281
518 87 2 248 210 218 274
88 12 471 218 288
85 23 120 218 534
513 85 1 172 214 2 205
86 649 489 265
85 43 50 583 218 274
91 43 58 619
85 46 540 218 274
84 43 22 117
517 87 21 376 218 275 219 64
85 4 634 219 67 218 281
90 43 25 388 321 218 274
88 43 58 608 214 2 213 95
519 86 21 120 218 275 219 70
530 553 218 284 219 65
86 43 421 536
85 43 23 111 214 2 212 95
87 43 410 566
88 1 175 218 284
515 91 1 176 214 2 212
513 90 1 175 214 2 209
90 1 178 214 2 212 218 284
91 43 25 389 316 218 289
92 43 22 116 214 2 213 95
92 43 12 375
90 35 248 102
90 43 412 397
519 91 50 248 366 218 532
518 85 4 248 351 218 275
91 4 366 219 68
88 4 639 218 274
92 652 33 269 218 290
531 549 218 289 219 78
86 649 495 260
514 91 46 248 104 218 274
91 19 217 275 218 426
519 91 21 382 218 275 219 70
85 650 263 218 279
90 35 565 218 276
84 19 217 276 218 430
86 43 58 613 214 2 204 95
85 43 14 607 214 2 209 95
519 91 35 601 218 281 219 68
88 4 217 643 219 67
88 43 25 248 176 218 290
516 86 1 190 214 2 213
90 43 25 390 319 218 280
515 90 22 105 218 274 219 67
514 86 1 248 182 218 276
91 6 248 137 218 275
519 88 12 248 108 218 288
91 43 403 212
91 13 219 65 218 289
88 43 248 389 95
92 4 639 219 79 218 281
91 43 410 211
518 453 218 281
518 92 21 374 218 275 219 71
84 12 473 218 275
86 650 273 218 290
518 85 1 184 214 2 209
515 86 1 186 214 2 208
514 88 24 111 218 535
88 4 639 219 72 218 280
88 14 248 614
90 4 365 219 71
90 35 571 218 274
88 43 6 382 218 288
516 86 11 385
516 90 1 174 214 2 208
513 84 50 608
90 43 248 542 95
87 43 24 118 218 274
90 25 385 218 290
518 91 6 371
84 19 217 275 218 430
92 13 219 70 218 274
86 1 175 218 275
518 85 35 620 218 284
528 563 218 281 219 71
517 85 58 619 218 535 219 78
87 19 217 274 218 424
519 92 1 172 214 2 202
91 19 217 284 218 431
88 653 33 268 218 288
87 12 464 218 279
86 1 188 214 2 213 218 279
518 88 46 137 218 532 219 69
90 19 217 281 218 430
85 35 579 218 284
87 43 25 395 331 218 274
86 43 50 573
92 43 36 248 442 218 275
87 12 473 218 290
517 91 1 182 214 2 210
92 50 121 218 535
88 650 262 218 284
86 11 248 393
515 86 21 375 218 275 219 71
515 84 36 538 218 274 219 64
87 43 25 392 331 218 281
92 43 14 602 214 2 208 95
514 85 1 184 214 2 204
92 43 248 541 95
91 19 217 289 218 424
90 49 248 568 218 279
518 90 23 248 118 218 275
517 90 49 434 218 276 219 72
86 43 25 388 316 218 288
515 92 14 604 218 533 219 78
90 1 188 214 2 210 218 275
87 35 126 218 284
90 1 168 214 2 209 218 290
517 88 1 168
518 458 218 275
92 43 25 390 319 218 275
519 88 25 150
87 19 217 274 219 69 218 366
87 4 624 219 78 218 279
515 87 50 370
91 652 33 264 218 289
92 13 219 71 218 281
92 650 261 218 276
513 85 23 248 105 218 533
516 90 11 310 218 534
519 92 4 365 218 275 219 72
234 304 54 218 279
85 49 375 218 276
92 12 432 218 274
90 19 217 289 219 78 218 426
92 4 217 623 219 79
516 84 6 130 218 275 219 71
513 455 218 290
517 84 36 248 566 218 281
91 43 25 389 322 218 279
92 4 621 219 79 218 288
517 91 50 108
86 43 22 532
522 560 218 275 219 79
531 558 218 280 219 65
90 652 33 260 218 281
92 4 350 219 70
90 36 366 218 275
84 43 12 432 214 2 202 95
516 88 25 368 218 290 219 71
92 43 1 183
87 1 149 214 2 210 218 289
87 4 626 219 72 218 290
517 85 21 371 218 275 219 71
88 19 217 274 218 427
88 19 217 275 218 424
87 43 4 621 218 276
90 43 50 248 586 218 534
88 35 567 218 289
88 43 6 137 214 2 208 95
90 7 248 375 218 274
88 43 46 248 137 218 533
87 43 2 213
86 43 416 395
516 85 11 117
84 43 412 570
513 84 36 104 218 289
88 43 4 248 370 218 276
84 43 24 118
90 35 565 218 279
85 4 634 219 72 218 274
92 43 49 248 432 218 289
85 12 460 218 290
84 650 267 218 274
86 43 22 126
90 35 579 218 284
87 1 178 214 2 202 218 280
88 43 49 381
85 13 219 68 218 290
91 43 11 310
518 86 35 121 218 274 219 72
88 35 565 218 288
88 649 477 261
91 19 217 289 219 66 218 422
87 43 35 600
519 88 6 130
87 43 420 174
90 649 504 260
87 43 46 248 540 218 534
514 84 21 106 218 275 219 66
515 86 21 376 218 275 219 68
92 649 486 267
86 12 460 218 281
516 86 1 190 214 2 212
86 43 248 605 95
519 85 36 389 218 289
88 58 620 218 275
513 86 21 383 218 275 219 69
92 35 571 218 289
513 90 1 150 214 2 202
92 4 217 624 219 69
519 90 21 383 218 275 219 65
91 4 248 370 218 275
525 559 218 290 219 78
86 14 606 218 275
517 88 1 182 214 2 204
234 386 650 315
513 84 35 355 218 276
85 4 362 219 66
88 649 377 267
87 4 217 624 219 78
518 92 21 374 218 275 219 69
85 43 58 612
92 650 268 218 279
91 43 22 248 105 218 535
87 4 624 219 67 218 274
529 547 218 284 219 68
86 1 176 218 284
84 19 217 279 218 431
519 92 25 178 218 290
84 649 474 272
86 43 22 117
84 43 25 388 317 218 275
88 43 25 397 323 218 279
88 4 365 219 79
524 547 218 274 219 68
86 43 50 578 214 2 205 95
85 43 4 633
92 35 576 218 290
234 301 54 218 274
517 84 22 248 121 218 534
91 43 413 440
88 43 7 248 130 218 274
86 46 248 137
90 649 512 273
90 43 25 391 320 218 284
92 43 25 395 316 218 281
519 91 46 248 137 218 533
84 24 248 104 218 274
88 4 362 219 65
234 309 54 218 279
85 43 24 105
516 87 22 248 539 218 532
92 43 36 366 214 2 209 95
517 85 1 177 214 2 212
515 86 1 172 218 284 219 64
92 43 248 569 95
516 86 1 185 214 2 202
91 4 642 219 78 218 284
85 4 628 219 67 218 280
85 4 362 219 78
84 19 217 290 219 66 218 425
234 395 650 318
92 12 465 218 289
87 649 507 260
90 43 6 137 214 2 209 95
91 43 404 385
519 92 22 539
84 50 248 581
88 12 463 218 281
514 91 21 381 218 275 219 68
85 4 217 624 219 64
87 43 12 248 336 218 274
87 19 217 290 219 78 218 431
234 395 650 324
92 13 219 65 218 289
84 43 416 607
87 35 578 218 284
86 4 350 219 67
513 90 6 137
516 85 4 639
90 13 219 69 218 281
88 4 366 219 67
91 12 470 218 289
519 90 25 184 218 290 219 64
516 92 6 248 382 218 274
85 43 25 388 316 218 274
84 1 187 214 2 205 218 288
88 4 642 219 70 218 290
84 1 168 214 2 204 218 288
91 4 217 634 219 66
87 36 571 218 274
84 4 217 647 219 69
87 4 370 219 64
87 649 497 268
86 649 476 273
85 35 248 572
87 43 50 105 214 2 213 95
90 4 356 219 79
515 91 11 248 400 218 533
88 50 372 218 532
519 92 6 137
92 19 217 279 219 68 218 358
84 22 536 218 275
516 85 23 118 218 533
513 92 58 603
515 91 1 248 176 218 275
90 4 627 219 64 218 280
91 43 58 248 610 218 532
85 43 25 400 323 218 276
92 43 419 202
519 88 1 150 214 2 210
85 4 624 219 71 218 275
92 14 248 618 218 276
87 43 58 600
514 91 24 111 218 533
91 43 14 613
91 43 25 391 320 218 279
86 43 4 350
85 43 402 388
519 86 2 248 202 218 274
91 43 409 389
84 1 178 214 2 205 218 280
515 88 21 373 218 275 219 65
91 36 248 395 218 288
91 49 188 218 281
86 13 219 67 218 290
515 84 50 248 392 218 534
86 43 4 639 214 2 203 95
519 91 1 168
92 1 185 214 2 209 218 284
513 450 218 275
92 1 177 214 2 205 218 290
88 35 571 218 288
87 35 573 218 275
91 43 405 104
518 84 24 105 218 535 219 67
92 650 260 218 288
92 43 420 355
87 1 178 214 2 204 218 279
86 43 4 647
92 49 205 218 281
86 43 248 384 95
90 43 58 248 602 218 274
92 12 472 218 289
88 4 217 623 219 68
85 43 23 105
523 556 218 290 219 78
86 1 186 214 2 204 218 288
88 1 172 214 2 209 218 284
515 86 1 150 214 2 209
87 4 217 638 219 72
90 43 50 385 214 2 211 95
517 85 5 130 218 274
90 4 356 219 78
88 58 612 218 532
92 12 466 218 281
87 49 574 218 281
84 43 46 248 540 218 274
519 86 49 124 218 274 219 69
86 43 12 248 442 218 290
92 49 248 208
86 43 413 124
90 1 186 214 2 210 218 275
86 19 217 280 219 65 218 431
85 1 177 214 2 211 218 281
85 43 25 392 316 218 288
84 1 168 214 2 211 218 274
515 445 218 289
518 87 1 172 214 2 212
91 4 354 219 64
92 12 472 218 275
92 43 412 387
88 653 33 273 218 274
87 649 491 268
85 4 621 219 68 218 284
514 91 1 154 214 2 202
84 247 33 272 218 274
88 4 623 219 67 218 281
91 4 365 219 64
88 1 172 214 2 211 218 276
85 35 577 218 281
91 35 573 218 280
90 19 217 289 219 64 218 354
84 35 567 218 274
85 19 217 275 219 69 218 425
88 13 219 68 218 280
92 43 46 104 214 2 205 95
86 19 217 281 219 71 218 430
86 19 217 276 219 79 218 425
514 85 46 248 375 218 533
91 43 25 390 322 218 288
85 43 25 395 331 218 290
85 649 477 261
92 35 579 218 279
88 19 217 279 218 424
85 43 403 352
85 1 178 214 2 208 218 279
516 90 21 130 218 275 219 72
90 43 46 375
90 4 356 219 66
519 92 21 379 218 275 219 66
90 650 272 218 274
90 35 577 218 284
87 43 11 116 214 2 209 95
87 649 492 269
92 19 217 289 218 424
86 43 58 248 611 218 275
85 4 640 219 72 218 290
84 4 640 219 68 218 288
91 6 248 382 218 274
91 12 465 218 284
86 19 217 280 218 426
91 43 418 606
513 84 2 212 218 276
86 43 412 614
88 43 36 604 218 275
90 43 248 604 95
90 19 217 275 219 67 218 366
523 543 218 290 219 64
84 12 464 218 274
520 549 218 274 219 66
514 85 21 120 218 275 219 65
516 86 58 610 218 535
519 91 46 540 218 275 219 71
85 35 580 218 276
86 652 33 261 218 276
514 90 12 333 218 288
92 43 25 390 319 218 279
88 35 572 218 276
90 650 265 218 284
88 19 217 280 219 66 218 431
85 43 421 121
91 4 352 219 70
88 43 25 388 321 218 280
91 650 268 218 288
92 50 248 107
518 449 218 279
513 92 1 188 214 2 212
84 49 172 218 280
87 4 624 219 78 218 280
91 4 217 623 219 78
90 43 5 248 130 218 288
90 649 476 264
88 12 459 218 288
516 90 11 387 218 533 219 68
88 49 248 178
91 4 642 219 78 218 280
91 650 265 218 290
85 650 260 218 274
526 557 218 279 219 67
92 43 25 385 315 218 289
84 650 260 218 281
527 558 218 284 219 67
515 85 21 376 218 275 219 64
85 12 467 218 275
90 43 50 390 218 535
90 19 217 276 219 67 218 425
88 4 352 219 64
518 85 4 356 218 279 219 79
523 549 218 276 219 64
84 43 50 248 439 218 532
530 544 218 288 219 65
88 12 468 218 289
525 564 218 279 219 70
91 19 217 276 219 78 218 431
84 1 186 214 2 213 218 275
514 88 1 183 214 2 205
91 43 6 130 218 288
88 649 498 261
518 84 24 118 218 535 219 69
85 43 420 384
518 87 21 130 218 275 219 68
86 4 628 218 279
91 650 260 218 290
85 4 217 643 219 65
84 1 176 214 2 208 218 275
515 450 218 288
91 649 377 260
84 43 406 600
92 43 50 387
92 4 354 219 70
515 92 1 172 214 2 208
91 11 248 384
86 14 609 218 532
84 43 25 391 315 218 284
88 649 487 262
92 2 248 209 218 276
84 5 130 218 288
88 1 181 214 2 204 218 276
86 35 574 218 279
91 4 352 218 275
86 4 622 219 71 218 281
519 84 1 150 214 2 209
87 13 219 72 218 281
88 4 624 219 69 218 274
514 449 218 288
87 43 25 393 321 218 289
90 43 402 188
86 43 22 532 218 535
519 84 23 104 218 274 219 79
85 4 217 622 219 67
519 448 218 275
513 457 218 281
515 86 1 187 214 2 212
91 11 399 218 533
514 84 1 154 214 2 211
84 650 269 218 276
85 4 643 219 67 218 281
88 43 1 168
517 85 21 379 218 275 219 78
87 4 368 219 72
86 43 25 389 319 218 274
85 19 217 280 219 70 218 430
91 43 14 248 620 218 532
517 88 1 154 214 2 204
86 12 348 218 276
86 43 248 603 95
84 4 627 219 79 218 279
86 35 575 218 279
86 4 624 219 68 218 275
518 86 36 442
88 14 248 608
87 43 25 397 331 218 290
513 86 24 118 218 274 219 65
513 91 58 609 218 534 219 67
234 294 54 218 290
524 551 218 289 219 70
92 650 268 218 288
517 457 218 289
90 19 217 281 218 424
92 46 540 218 533
84 35 578 218 284
516 92 21 375 218 275 219 79
514 92 1 187 214 2 208
90 4 623 219 66 218 284
517 86 2 248 203 218 275
518 88 25 248 175 218 278
517 90 1 186 214 2 212
519 86 21 371 218 275 219 68
92 43 49 248 126 218 290
513 92 25 213 218 290 219 66
515 85 23 104 218 535 219 64
88 12 464 218 276
85 35 573 218 284
516 87 1 172 218 275 219 79
517 85 6 130 218 288 219 68
91 43 402 580
516 87 46 248 375 218 532
513 84 21 381 218 275 219 70
92 46 248 540 218 533
514 90 11 395 218 274 219 72
84 35 569 218 279
92 43 414 539
90 13 219 68 218 274
513 84 11 385
86 43 25 389 315 218 274
87 43 418 620
519 87 6 130
85 13 219 78 218 274
531 555 218 284 219 67
88 11 248 389 218 533
84 1 154 214 2 204 218 274
87 25 386 218 290
86 35 566 218 284
86 43 11 399 214 2 212 95
84 4 366 219 68
514 91 1 178 214 2 211
91 36 248 121 218 284
88 43 2 248 203 218 274
514 91 21 376 218 275 219 64
91 4 217 647 219 65
84 19 217 274 219 72 218 422
85 43 50 371 214 2 205 95
530 548 218 284 219 71
86 43 25 389 331 218 274
88 19 217 280 219 72 218 425
91 7 248 375 218 274
84 19 217 274 219 69 218 358
515 85 1 186 214 2 205
92 19 217 288 219 65 218 366
84 649 487 265
88 43 403 395
92 4 634 219 69 218 274
91 12 462 218 288
85 35 565 218 288
87 43 25 399 322 218 281
516 90 5 371
91 4 217 633 219 72
528 564 218 290 219 78
91 4 624 219 65 218 289
85 4 640 219 65 218 275
91 43 416 203
517 88 35 248 608 218 279
518 91 1 187 214 2 208
84 1 174 214 2 212 218 284
86 649 496 260
92 43 25 387 324 218 275
85 4 633 219 68 218 279
517 85 23 118 218 534
518 88 7 248 375 218 275
87 43 417 570
91 4 638 219 72 218 289
87 43 248 375 95
85 35 248 106
518 87 46 375 218 533
92 13 219 79 218 284
91 650 262 218 275
86 650 265 218 289
85 1 248 154 218 276
519 456 218 280
517 90 21 374 218 275 219 67
513 86 14 248 619 218 534
90 1 248 154
85 4 217 633 219 69
514 85 23 118 218 532
90 43 25 388 324 218 281
87 35 580 218 280
530 548 218 280 219 66
92 12 349 218 280
85 1 172 214 2 202 218 281
87 23 248 104 218 532
92 43 405 182
88 49 573 218 288
91 4 217 639 219 71
515 90 22 121 218 275
86 649 510 262
92 43 25 395 322 218 279
517 449 218 288
85 43 25 385 331 218 281
88 13 219 68 218 276
515 84 21 376 218 275 219 78
526 545 218 280 219 79
91 12 461 218 290
514 84 21 379 218 275 219 70
87 6 248 130 218 275
516 85 23 248 105 218 275
86 12 248 336 218 275
88 43 22 126
86 12 465 218 290
514 85 21 375 218 275 219 70
516 90 14 602
88 19 217 280 219 78 218 354
85 649 489 268
518 91 22 248 104 218 533
87 23 120 218 535
92 12 469 218 279
85 35 574 218 280
513 447 218 276
92 43 248 387 95
516 92 1 185 218 274 219 68
92 43 14 612
91 4 217 639 219 66
91 13 219 65 218 276
88 649 486 268
90 4 355 219 64
518 453 218 279
90 649 478 265
519 84 36 370 218 279
87 43 12 441 214 2 203 95
518 447 218 290
516 91 25 248 397 218 290
91 43 24 104
86 650 264 218 275
91 43 25 397 323 218 274
85 19 217 274 219 64 218 424
85 43 248 146 95
88 12 460 218 289
88 43 11 391
92 43 248 619 95
87 43 2 205 218 274
91 649 509 264
85 43 248 353 95
91 43 23 120 218 534
85 43 407 373
91 19 217 275 219 66 218 431
91 649 510 262
86 12 466 218 290
91 4 642 219 70 218 280
85 4 622 219 70 218 290
518 86 23 248 118 218 275
91 650 261 218 279
514 84 46 248 137 218 535
85 43 50 603 218 533
515 91 5 130 218 275 219 79
92 43 417 586
519 84 1 184 218 275
90 19 217 275 219 78 218 423
523 552 218 279 219 66
91 43 248 108 95
91 4 217 624 219 71
85 43 25 386 320 218 279
90 19 217 281 219 69 218 358
515 91 58 608
91 43 406 154
92 4 354 218 279
91 22 104 218 535
517 91 1 183 214 2 203
517 91 21 120 218 275 219 72
86 43 25 399 323 218 280
515 84 1 178 214 2 205
514 86 22 117 218 532 219 64
518 90 21 379 218 275 219 65
87 43 25 384 317 218 276
92 4 627 219 69 218 281
87 35 570 218 279
518 86 21 376 218 275 219 79
86 12 466 218 284
514 92 36 441
85 35 573 218 288
518 91 1 154 214 2 205
85 43 2 248 204 218 275
90 43 25 399 320 218 281
519 88 14 601 218 532 219 66
87 43 36 248 584 218 289
85 43 402 586
84 1 190 214 2 213 218 284
519 88 5 106 218 274
85 19 217 281 219 79 218 431
515 92 5 106 218 275 219 66
519 90 58 609 218 275
87 14 248 617
84 19 217 290 218 425
84 650 272 218 274
86 4 362 219 72
87 650 268 218 276
88 4 217 643 219 65
88 35 248 355
86 43 2 212 218 284
88 650 265 218 288
84 43 417 604
91 43 36 389 218 280
91 1 186 214 2 205 218 284
515 87 1 177 218 284 219 78
90 43 25 390 331 218 280
92 4 217 628 219 66
84 19 217 284 219 70 218 426
86 649 488 264
513 84 21 383 218 275 219 64
87 12 462 218 280
518 86 1 168 214 2 213
90 50 248 577
90 19 217 276 219 72 218 425
88 35 570 218 281
519 85 2 248 208 218 274
84 649 377 264
86 43 24 104
92 43 421 586
514 90 6 382 218 275 219 78
86 43 25 395 331 218 289
87 4 352 219 66
86 43 5 371 214 2 208 95
86 19 217 274 219 67 218 423
515 85 21 372 218 275 219 72
86 43 25 390 331 218 276
92 1 186 218 274
519 86 11 400 218 534 219 78
88 43 2 202 218 274
91 12 472 218 288
514 88 21 376 218 275 219 64
518 90 21 376 218 275 219 69
88 1 182 214 2 209 218 279
84 4 362 219 69
91 12 469 218 284
84 49 185 218 289
234 304 54 218 289
88 1 150 214 2 210 218 279
87 43 25 365 214 2 209 95
84 43 50 532
91 1 188 214 2 202 218 290
90 43 420 185
91 35 568 218 289
92 43 11 389
514 92 7 130
515 84 4 621 218 279
88 43 6 130 218 288
514 87 1 186 214 2 208
92 12 469 218 274
91 4 642 219 71 218 281
92 1 185 214 2 209 218 289
514 88 25 186 218 290 219 69
84 19 217 275 219 71 218 430
517 455 218 276
88 43 25 385 317 218 280
519 88 1 188 214 2 202
515 91 1 181 214 2 208
515 454 218 284
515 90 1 187 214 2 213
86 652 33 272 218 288
517 90 49 248 434 218 289
518 92 50 615 218 532
91 12 472 218 290
87 43 25 387 322 218 289
84 43 25 392 323 218 284
92 43 6 137 218 288
234 299 54 218 290
85 43 25 393 218 278
516 88 24 104 218 274 219 69
87 12 467 218 280
90 19 217 274 218 425
87 650 272 218 281
515 91 22 105
92 43 25 386 331 218 280
84 649 477 273
85 12 473 218 284
90 1 190 218 274
87 43 412 202
530 554 218 275 219 65
91 649 484 267
88 5 248 371 218 275
85 1 190 214 2 202 218 281
92 19 217 288 219 66 218 423
518 448 218 290
514 87 4 352
517 92 23 120
92 4 621 219 71 218 284
85 43 248 393 95
517 84 5 248 130 218 274
86 649 481 263
88 22 542 218 533
86 650 268 218 288
84 43 25 393 315 218 274
92 650 272 218 279
91 43 22 125 218 534
88 1 174 214 2 213 218 275
86 1 168 214 2 203 218 284
92 19 217 290 219 64 218 431
85 35 574 218 288
88 649 512 265
92 650 264 218 288
86 4 643 219 65 218 281
86 649 484 269
85 12 464 218 279
513 86 11 248 397 218 534
86 24 248 118 218 533
84 12 462 218 290
87 43 5 106
85 1 178 214 2 209 218 284
519 88 35 248 120 218 275
516 86 5 248 371 218 288
91 19 217 279 219 70 218 423
88 649 494 262
90 43 412 587
88 1 175 214 2 204 218 280
87 19 217 279 219 68 218 430
519 85 11 386 218 534 219 65
90 1 190 214 2 211 218 280
92 11 248 393
92 43 1 248 177 218 275
515 91 2 248 208 218 275
85 43 4 248 351 218 279
529 551 218 279 219 78
523 559 218 284 219 69
87 1 185 214 2 211 218 274
85 50 103 218 283
91 1 186 214 2 208 218 290
87 4 248 366
85 4 352 219 69
84 1 178 214 2 205 218 284
88 50 248 603
88 4 628 219 71 218 275
516 87 21 375 218 275 219 72
85 43 5 106
517 90 1 248 150 218 274
91 19 217 290 219 64 218 358
92 19 217 280 219 78 218 430
90 43 25 400 321 218 288
87 1 183 214 2 210 218 288
90 43 5 130
88 4 217 643 219 66
523 546 218 279 219 64
88 43 58 620
84 4 647 219 79 218 275
518 87 1 184 214 2 202
88 12 469 218 289
92 12 462 218 284
90 35 575 218 279
87 43 248 366 95
513 90 21 371 218 275 219 68
88 19 217 274 219 70 218 426
518 450 218 280
90 43 6 248 130 218 274
92 43 25 397 315 218 288
518 85 1 182 214 2 209
517 88 22 103
517 454 218 289
92 43 25 387 316 218 274
88 25 172 218 278
84 649 501 260
518 91 12 248 147 218 279
84 1 248 181 218 284
523 547 218 280 219 65
515 456 218 275
518 92 35 569 218 288 219 70
513 87 21 376 218 275 219 70
513 84 49 584 218 279 219 78
91 43 2 248 212 218 284
88 1 176 214 2 213 218 280
515 88 50 434 218 275
88 6 248 137 218 275
84 1 149 218 284
515 92 6 382 218 274
90 19 217 280 218 422
85 12 464 218 281
91 43 411 211
90 36 248 441 218 276
90 43 36 567 218 288
516 85 24 104
87 43 1 248 151 218 276
92 4 370 219 71
84 35 248 356 218 274
91 43 414 353
87 7 248 138
84 35 569 218 290
515 84 1 175 214 2 205
526 550 218 290 219 64
513 85 50 567 218 534 219 66
91 4 640 219 66 218 279
87 4 217 626 219 64
85 43 405 612
87 649 500 272
86 13 219 67 218 275
85 11 248 117
87 19 217 290 219 64 218 354
84 35 571 218 280
87 1 187 214 2 208 218 290
85 43 50 538 218 275
87 35 577 218 281
521 561 218 280 219 70
513 88 1 154 214 2 209
88 25 248 172
92 12 441 218 276
515 86 1 248 168 218 284
86 22 248 125 218 534
90 35 575 218 274
86 4 217 626 219 69
519 85 46 137 218 274 219 69
515 91 58 607
91 1 181 214 2 202 218 275
88 1 172 214 2 210 218 274
92 649 508 260
92 4 627 219 70 218 289
86 12 472 218 288
86 43 421 583
88 25 188 218 290
87 13 219 78 218 289
90 19 217 275 219 72 218 431
85 4 217 639 219 71
92 43 24 248 104 218 533
88 1 248 168
88 43 58 605 214 2 208 95
234 393 650 321
86 649 493 267
519 90 58 614 218 535 219 78
86 43 2 204 218 276
87 649 507 272
88 43 2 208 218 276
90 43 248 355 95
92 43 35 356 218 290
88 46 137 218 533
85 19 217 284 218 425
519 85 1 188 214 2 211
92 43 58 613
84 247 33 264 218 281
516 453 218 289
90 49 248 566
518 88 23 120 218 533 219 64
515 84 21 374 218 275 219 65
88 14 135 218 532
517 88 1 154 214 2 209
92 43 7 375 214 2 202 95
85 650 272 218 274
92 1 183 214 2 209 218 284
90 649 377 262
84 4 640 219 79 218 280
90 19 217 275 219 78 218 431
515 92 1 182 214 2 210
84 247 33 269 218 276
516 90 24 118 218 275
525 556 218 281 219 72
91 649 495 269
92 50 371 218 274
92 46 137 218 534
519 88 1 248 187 218 275
91 43 248 532 95
86 43 50 599 214 2 202 95
90 58 248 600 218 534
515 90 4 356 218 279 219 79
86 35 566 218 274
85 19 217 288 219 72 218 425
515 87 1 149 214 2 209
518 86 21 383 218 275 219 69
513 455 218 279
85 36 248 379 218 275
519 84 21 382 218 275 219 67
88 4 640 218 276
518 458 218 288
84 12 460 218 280
91 6 130 218 275
84 4 362 219 71
90 1 182 218 275
517 84 11 390 218 532 219 70
517 88 1 184 214 2 212
515 458 218 279
516 84 11 391
90 13 219 70 218 274
90 4 350 219 70
90 46 248 104 218 535
87 4 362 219 64
91 4 217 638 219 79
91 19 217 288 219 67 218 358
87 649 509 262
87 43 419 397
513 92 50 248 612 218 534
516 91 4 354 218 279
84 6 371 218 275
84 43 50 586
514 449 218 289
91 4 640 219 79 218 289
518 85 58 607
86 19 217 279 218 358
92 12 470 218 274
516 84 21 379 218 275 219 68
516 88 4 366
88 43 25 397 321 218 280
90 649 486 263
85 43 5 248 130 218 275
85 12 473 218 281
517 91 11 395
84 35 567 218 275
234 302 54 218 288
516 85 14 248 602 218 533
519 87 50 351 218 532
514 84 21 375 218 275 219 67
92 1 154 214 2 204 218 281
84 1 185 214 2 212 218 276
84 43 23 118 214 2 210 95
87 1 176 214 2 204 218 279
88 19 217 279 218 358
87 4 354 219 67
92 14 248 610 218 534
84 247 33 262 218 276
517 90 1 174 214 2 205
92 650 263 218 276
513 87 1 188 214 2 213
524 544 218 284 219 78
88 43 402 440
514 90 22 121 218 532 219 79
519 92 58 611
90 43 4 248 362 218 279
234 391 650 320
86 652 33 265 218 290
86 12 466 218 274
87 43 49 190 214 2 209 95
84 43 404 439
85 43 11 400 218 535
519 91 2 203 218 274 219 72
88 43 25 352
92 22 248 126 218 275
519 85 21 375 218 275 219 66
514 88 1 248 149 218 276
514 91 7 375
515 91 14 610
514 85 24 248 118 218 532
526 556 218 275 219 78
87 650 268 218 281
515 85 21 382 218 275 219 79
88 13 219 71 218 281
92 43 22 121 214 2 205 95
90 19 217 288 218 423
516 444 218 290
513 91 14 606 218 276 219 72
87 12 462 218 281
519 87 23 248 104 218 533
90 43 248 575 95
92 19 217 290 219 68 218 422
88 35 581 218 288
90 12 461 218 275
87 19 217 280 219 65 218 426
85 35 565 218 275
517 92 1 151
514 88 1 176 214 2 204
513 91 2 248 210 218 274
90 43 248 395 95
516 454 218 290
92 19 217 289 219 67 218 430
84 19 217 274 219 66 218 425
85 43 50 126
85 4 628 219 69 218 279
85 36 351 218 289
519 86 50 587 218 533
86 43 418 371
92 4 647 219 68 218 276
515 86 1 150 214 2 211
518 87 12 439
84 43 49 574
91 4 350 219 64
84 14 609 218 535
85 4 638 219 78 218 290
91 35 573 218 288
85 649 511 264
518 86 1 184 214 2 202
234 390 650 320
515 92 12 340 218 280 219 66
86 4 643 219 78 218 289
517 85 24 104
519 86 1 154 214 2 213
86 2 213 218 276
90 652 33 267 218 274
87 649 492 267
88 649 485 264
87 13 219 79 218 276
84 35 565 218 281
86 43 25 391 317 218 281
92 4 353 219 70
88 43 25 386 318 218 279
92 12 471 218 274
86 12 108 218 279
91 50 248 620
86 43 46 540 214 2 204 95
86 649 493 269
85 650 262 218 275
516 87 21 376 218 275 219 68
516 453 218 279
92 43 11 390 218 274
85 649 488 263
88 43 248 619 95
513 92 22 248 117 218 532
85 1 183 214 2 213 218 279
514 84 7 248 130 218 275
514 87 1 154 218 284 219 78
86 43 248 567 95
84 1 181 218 274
516 447 218 284
84 4 356 219 64
84 19 217 274 219 79 218 366
90 35 392 218 284
86 43 24 248 111 218 532
90 12 463 218 289
92 43 11 387
84 36 248 616
92 14 248 561 218 275
92 12 473 218 289
86 4 362 219 68
517 86 50 248 611 218 275
87 43 413 372
87 43 23 105 214 2 209 95
86 43 25 391 319 218 288
92 12 469 218 289
87 19 217 288 219 66 218 354
90 35 577 218 279
86 50 248 609
85 12 466 218 275
87 35 574 218 274
92 4 368 219 70
84 35 580 218 275
91 13 219 70 218 275
85 4 352 219 79
518 86 22 125 218 533 219 64
92 43 25 385 317 218 288
87 1 188 214 2 210 218 276
515 90 21 376 218 275 219 79
92 4 634 219 72 218 275
88 653 33 265 218 290
517 91 1 178 214 2 209
85 24 111 218 534
90 43 2 202 218 275
517 88 1 176 214 2 213
85 19 217 280 219 68 218 426
91 43 410 213
518 90 58 602
90 19 217 290 219 68 218 354
91 4 647 219 68 218 274
91 43 409 571
514 87 1 178 218 274 219 67
88 12 461 218 284
513 90 7 137 218 275
85 19 217 274 219 67 218 422
84 19 217 274 219 66 218 431
515 84 1 188 214 2 204
86 19 217 290 218 427
85 43 402 571
519 88 46 540 218 274 219 69
88 43 25 362 214 2 204 95
92 43 413 383
90 46 248 137
518 85 1 181 214 2 210
517 84 1 187 214 2 211
87 649 499 264
514 85 1 176 214 2 209
90 652 33 262 218 280
86 19 217 275 219 72 218 426
88 43 35 574
87 19 217 288 218 425
84 14 248 612 218 276
90 14 135 218 534
519 456 218 274
91 4 640 219 78 218 290
90 43 25 387 316 218 275
518 84 1 187 214 2 210
87 11 392 218 532
84 43 248 604 95
86 19 217 274 218 358
84 43 24 248 105 218 275
87 43 407 541
91 43 1 175
518 92 1 172 214 2 204
88 4 643 218 276
88 653 33 273 218 289
92 35 581 218 284
234 400 650 324
84 649 480 272
531 560 218 284 219 65
87 13 219 72 218 274
91 4 633 219 70 218 276
91 49 154 218 290
92 12 462 218 275
90 19 217 288 218 422
88 43 50 370 214 2 209 95
87 4 366 219 71
513 90 21 379 218 275 219 67
88 1 178 214 2 203 218 275
87 19 217 290 219 70 218 354
86 4 643 219 72 218 276
90 43 24 248 111 218 275
92 22 539 218 274
526 551 218 275 219 68
85 1 185 214 2 208 218 275
90 43 36 539 218 276
87 35 579 218 284
90 19 217 279 219 67 218 431
86 12 248 438
519 90 21 379 218 275 219 71
516 92 11 384 218 532 219 78
516 86 1 184 218 276 219 79
91 43 1 248 172 218 276
518 87 11 248 384 218 532
516 91 5 371 218 274 219 64
86 43 402 362
516 86 58 620 218 532 219 70
514 449 218 280
84 19 217 276 219 65 218 422
518 91 21 376 218 275 219 78
85 35 578 218 289
88 43 25 397 323 218 289
84 649 503 273
234 388 650 322
91 43 248 584 95
90 4 366 219 71
88 23 105 218 534
86 649 474 265
519 84 2 210 218 274 219 64
531 558 218 275 219 64
88 43 36 103 214 2 210 95
85 43 23 248 104 218 534
91 19 217 276 219 78 218 427
514 450 218 284
88 43 2 248 213 218 275
91 652 33 263 218 290
517 90 24 104 218 534 219 69
92 43 248 440 95
523 560 218 284 219 65
92 4 365 219 72
519 90 4 248 366 218 276
87 19 217 290 218 425
92 43 25 390 321 218 276
90 43 12 439
87 19 217 290 218 422
90 43 25 387 319 218 279
519 90 50 248 375 218 275
86 43 25 392 323 218 275
90 13 219 67 218 288
84 4 634 219 70 218 289
517 91 1 150 214 2 203
92 4 622 219 71 218 280
92 35 569 218 281
90 19 217 279 219 64 218 425
92 4 634 219 64 218 275
88 43 14 248 617 218 532
92 652 33 273 218 288
515 84 21 120 218 275 219 69
87 43 7 130 214 2 203 95
513 90 7 137
516 92 1 182 214 2 208
84 43 248 603 95
87 35 570 218 288
85 4 366 219 69
514 84 21 120 218 275 219 72
85 6 248 137 218 274
513 91 14 248 612 218 274
86 23 248 120 218 275
91 43 417 124
88 1 168 214 2 208 218 275
91 43 35 248 600 218 281
513 92 21 379 218 275 219 66
516 87 50 373
85 1 183 214 2 213 218 276
519 86 21 373 218 275 219 79
87 19 217 280 218 423
88 12 463 218 276
515 446 218 290
517 454 218 281
87 43 412 609
84 2 248 202 218 276
84 24 248 105
88 43 248 536 95
513 88 25 366 218 290
87 35 575 218 290
91 43 25 387 318 218 276
91 43 25 387 324 218 279
87 19 217 274 219 78 218 424
84 43 5 371 214 2 204 95
84 23 111 218 535
90 4 647 219 70 218 279
84 13 219 65 218 281
92 43 25 385 319 218 281
91 25 190 218 290
523 563 218 288 219 79
517 92 1 176
90 4 217 638 219 69
513 86 24 120 218 534 219 79
517 86 21 382 218 275 219 78
92 1 175 214 2 209 218 290
91 1 184 214 2 210 218 284
92 19 217 275 219 71 218 424
87 19 217 289 219 66 218 427
90 4 248 624 218 276
88 43 25 399 331 218 284
91 35 388 218 275
518 90 21 381 218 275 219 67
526 561 218 276 219 78
514 88 1 182 214 2 204
91 24 120 218 275
518 84 50 352 218 535 219 67
518 88 1 184 214 2 204
518 90 4 248 643 218 276
84 19 217 280 218 366
518 92 5 371 218 288 219 78
517 85 35 352
515 86 21 106 218 275 219 71
514 86 36 126 218 280 219 69
518 453 218 276
90 19 217 290 219 70 218 431
86 19 217 284 218 354
84 649 511 273
515 87 14 602 218 274
86 4 623 219 71 218 276
88 43 25 385 320 218 284
518 92 25 248 352 218 290
90 650 272 218 284
91 23 104 218 533
515 87 23 111 218 535 219 66
91 43 25 386 318 218 275
519 91 1 177 214 2 210
85 1 154 218 274
90 12 334 218 276
518 92 36 443
514 87 1 183 218 275 219 71
514 85 2 213
90 4 621 219 79 218 280
234 389 650 331
88 36 248 393
85 43 25 248 395 218 290
87 1 183 214 2 204 218 290
234 399 650 323
87 43 24 120 214 2 204 95
87 43 412 603
88 649 499 260
91 24 248 105
88 43 25 248 392 218 290
92 43 25 395 321 218 275
87 49 248 382 218 276
88 4 352 219 66
530 544 218 290 219 78
87 1 154 214 2 203 218 280
84 4 217 643 219 78
516 88 1 172 214 2 204
90 13 219 70 218 288
515 86 1 184 214 2 202
517 445 218 280
87 24 118 218 532
86 12 470 218 275
91 650 272 218 276
519 86 25 203 218 290 219 64
87 1 177 214 2 211 218 290
519 87 46 540 218 532
516 92 12 248 332 218 280
85 4 217 621 219 65
88 650 263 218 290
515 84 1 248 190 218 276
516 92 23 248 118 218 275
90 4 621 219 65 218 276
87 49 566 218 289
517 84 58 248 612 218 535
84 43 46 104 214 2 211 95
87 11 393 218 533
514 84 21 374 218 275 219 70
516 92 21 383 218 275 219 72
234 385 650 321
88 43 11 116
88 4 647 219 71 218 281
85 43 25 399 319 218 280
91 43 409 372
90 650 273 218 279
85 19 217 284 218 431
87 43 22 116
88 43 5 248 371 218 288
87 43 25 384 321 218 284
519 90 1 188 214 2 208
87 4 353 219 79
84 35 572 218 288
90 1 174 214 2 213 218 290
92 43 7 375 218 274
513 86 1 150 214 2 210
91 58 612 218 535
84 43 2 248 209 218 276
86 43 25 391 323 218 290
86 4 355 219 67
517 86 2 205 218 284 219 69
87 4 354 219 65
90 43 24 105
515 86 21 372 218 275 219 67
85 4 365 219 68
87 1 150 214 2 204 218 288
515 84 22 117
91 43 50 148
88 19 217 289 219 66 218 354
513 86 25 248 392 218 278
513 92 21 106 218 275 219 70
91 4 362 219 67
519 88 36 104
85 649 487 269
88 58 611 218 274
517 92 21 374 218 275 219 70
90 649 509 263
86 43 6 382 218 288
85 43 248 391 95
87 12 469 218 290
88 35 542 218 280
91 43 58 605 218 532
92 43 49 150 218 288
87 43 248 372 95
514 88 11 388
90 13 219 65 218 276
92 43 4 621
92 43 7 137 214 2 209 95
87 43 25 399 319 218 290
92 19 217 289 218 426
92 43 23 111
91 19 217 275 218 423
88 650 265 218 279
519 455 218 288
87 43 248 539 95
92 43 248 618 95
515 88 46 248 540 218 535
514 88 49 248 570 218 289
87 43 248 125 95
87 43 11 116 214 2 211 95
516 90 12 248 440 218 276
91 4 217 643 219 65
87 649 490 264
517 84 14 605 218 532 219 72
88 1 174 214 2 211 218 279
518 92 21 379 218 275 219 78
514 92 1 181 214 2 210
88 19 217 284 218 354
88 43 4 248 638 218 274
517 90 36 248 608 218 289
86 35 577 218 274
87 12 460 218 274
518 450 218 276
86 4 638 219 68 218 290
91 650 272 218 290
85 43 248 399 95
85 4 366 219 65
86 6 248 371
88 43 5 106 214 2 211 95
92 35 573 218 280
88 4 640 219 71 218 281
85 19 217 275 219 69 218 427
513 458 218 274
91 19 217 290 219 66 218 431
90 649 489 272
90 43 248 571 95
515 90 11 387 218 534
87 650 262 218 288
86 649 481 262
85 43 25 350 214 2 209 95
90 12 248 375 218 281
84 650 269 218 274
91 35 580 218 284
87 6 248 382 218 288
234 304 54 218 276
515 91 4 248 365 218 274
85 649 501 263
86 4 352 219 78
85 43 248 607 95
91 43 12 432 218 284
518 85 46 137 218 534
84 4 362 219 67
88 43 410 579
234 400 650 331
515 84 21 106 218 275 219 66
88 35 575 218 274
87 7 130 218 274
87 13 219 66 218 275
519 92 12 340 218 275
88 1 172 214 2 204 218 289
90 43 25 386 318 218 279
87 4 639 219 67 218 275
515 90 11 116 218 535 219 69
90 13 219 69 218 284
84 5 371 218 275
85 11 248 296
92 43 14 603
85 1 187 214 2 204 218 275
85 35 571 218 281
517 92 1 151 214 2 204
84 650 272 218 275
86 43 36 248 615 218 274
513 85 58 248 604 218 535
85 4 642 219 68 218 288
87 43 2 212 218 284
515 456 218 280
91 43 23 111 214 2 202 95
526 545 218 288 219 72
513 84 22 248 538 218 535
90 43 248 536 95
85 1 172 214 2 208 218 290
516 91 6 248 371 218 274
84 50 538 218 535
528 555 218 281 219 66
86 43 25 397 320 218 275
87 43 7 137 214 2 204 95
86 649 488 260
90 43 5 106 218 275
515 454 218 275
92 19 217 288 219 65 218 430
519 90 49 386 218 281
84 247 33 262 218 289
90 43 35 103
92 19 217 279 219 71 218 426
518 85 21 375 218 275 219 70
92 43 24 248 118 218 533
84 35 569 218 288
84 1 187 214 2 212 218 274
87 12 469 218 284
515 88 46 104 218 535 219 65
88 19 217 275 219 68 218 431
87 4 642 219 66 218 289
84 43 49 619
90 14 248 611 218 535
514 84 12 440
521 553 218 274 219 66
85 43 25 389 321 218 288
91 4 353 219 66
520 544 218 284 219 70
85 4 351 219 68
86 35 572 218 280
516 88 21 120 218 275 219 71
84 36 148 218 280
516 88 21 371 218 275 219 66
87 6 248 130 218 288
519 91 11 393 218 533
513 85 11 248 399 218 532
92 1 188 214 2 211 218 284
516 86 58 600 218 274 219 65
92 19 217 289 219 79 218 422
85 650 268 218 279
515 91 35 248 573 218 274
516 86 35 379
516 88 1 187 214 2 209
85 19 217 289 218 431
84 1 172 214 2 210 218 280
517 85 50 379
515 92 36 355 218 280
92 19 217 274 219 68 218 366
91 43 23 120 218 274
87 13 219 66 218 281
515 86 22 539 218 275 219 65
86 43 25 389 323 218 289
517 92 1 187 214 2 204
517 92 21 371 218 275 219 65
87 43 248 576 95
88 19 217 280 218 354
92 43 404 600
88 43 22 248 117 218 535
91 12 463 218 280
519 87 35 130 218 275 219 78
92 1 176 214 2 205 218 281
513 91 21 375 218 275 219 70
86 43 5 106 218 288
90 24 248 105 218 275
87 46 137 218 274
90 19 217 290 219 72 218 423
85 19 217 281 219 65 218 422
87 43 58 619
514 90 21 130 218 275 219 71
91 4 217 628 219 78
517 84 46 248 375 218 275
87 652 33 264 218 289
86 19 217 275 219 65 218 430
92 650 265 218 281
85 43 58 619
515 90 6 371 218 288
87 43 248 103 95
88 43 46 248 540 218 534
531 550 218 279 219 69
515 85 1 149 214 2 204
92 43 4 622 214 2 210 95
84 43 4 362 214 2 204 95
92 43 414 441
530 545 218 290 219 65
92 43 5 106 214 2 205 95
90 4 353 219 70
88 1 154 214 2 204 218 276
90 14 603 218 276
86 43 50 248 620 218 534
517 90 50 248 370 218 532
84 4 217 642 219 69
86 25 248 384
519 446 218 280
516 85 2 204
513 85 1 174 214 2 209
91 4 217 621 219 71
84 4 350 219 72
84 43 409 211
514 84 24 105 218 534
516 85 1 190 214 2 211
85 12 463 218 274
517 91 21 376 218 275 219 72
85 43 50 387 214 2 211 95
85 43 4 624 214 2 208 95
91 43 416 571
92 43 49 248 149 218 280
519 90 4 365 218 276 219 65
88 4 626 219 79 218 284
88 35 576 218 275
84 1 190 214 2 205 218 284
513 91 21 373 218 275 219 66
90 19 217 276 219 79 218 425
86 649 484 260
91 6 130 218 274
84 649 508 262
84 2 248 205
90 19 217 289 218 358
90 35 577 218 290
513 87 46 137 218 274 219 67
86 19 217 275 219 67 218 431
90 43 411 400
90 650 267 218 288
85 35 574 218 281
85 11 248 117 218 532
88 2 248 204 218 276
92 13 219 78 218 289
90 43 406 354
91 13 219 66 218 290
86 43 25 397 319 218 281
519 86 6 248 382 218 288
513 85 6 137 218 274 219 67
516 446 218 281
513 92 1 177 214 2 213
91 4 627 219 79 218 275
513 85 50 538
517 90 1 174 214 2 209
518 85 35 356
514 447 218 274
87 4 370 219 67
515 452 218 288
90 19 217 280 219 71 218 354
515 87 1 154 214 2 209
88 50 374 218 283
514 90 25 391 218 290
88 35 578 218 274
85 4 639 219 71 218 279
86 43 248 400 95
517 84 1 188 214 2 211
85 35 248 355
86 36 248 107 218 280
86 4 627 219 69 218 289
90 14 248 561 218 274
86 19 217 288 219 64 218 427
88 43 4 640 214 2 212 95
86 43 25 399 322 218 276
86 43 24 120 214 2 212 95
87 650 272 218 274
88 25 248 353 218 278
86 13 219 78 218 288
92 22 248 117 218 274
88 43 25 388 317 218 279
518 90 21 375 218 275 219 71
90 1 186 214 2 203 218 279
514 91 2 248 213 218 276
519 90 7 130 218 275 219 70
513 86 23 104 218 535
92 43 11 248 384 218 274
513 88 24 111 218 532
515 90 46 104 218 274 219 72
92 43 4 621 218 274
516 87 1 182 214 2 210
92 12 472 218 284
84 43 25 400 317 218 290
84 58 248 603
88 650 261 218 276
85 43 36 608 214 2 204 95
90 4 622 219 66 218 284
86 649 480 261
516 92 12 442
516 85 6 130
88 649 496 272
85 1 182 218 275
514 444 218 276
91 43 12 248 439 218 289
84 649 512 272
92 49 248 102 218 290
87 35 567 218 284
90 5 248 371 218 274
85 43 12 442 218 280
92 4 366 219 66
91 35 571 218 274
91 43 25 400 331 218 275
86 43 12 335
234 386 650 324
88 43 248 362 95
90 43 410 373
90 4 356 219 68
92 4 633 219 70 218 289
515 91 7 137
513 92 23 105
87 19 217 288 219 65 218 430
519 86 2 213 218 276 219 64
513 88 36 397 218 276
87 25 353 218 290
91 50 248 350
91 649 481 267
92 43 22 248 536 218 532
84 43 2 213 214 2 204 95
518 92 58 606 218 535
531 557 218 290 219 66
513 90 1 174 214 2 209
526 547 218 280 219 67
87 4 354 219 72
84 43 35 580
87 50 248 583
234 302 54 218 281
85 1 183 214 2 210 218 281
85 43 24 118 214 2 208 95
87 43 25 387 319 218 290
234 399 650 320
525 564 218 276 219 64
92 14 608 218 532
85 43 410 573
88 43 25 384 321 218 288
86 43 6 248 382 218 288
92 649 509 267
85 649 491 267
86 12 460 218 275
518 87 35 248 616 218 280
85 4 248 643
85 43 7 248 130 218 274
88 4 647 219 71 218 284
519 92 2 213 218 284 219 64
86 4 643 219 65 218 288
87 43 408 213
517 84 11 395 218 533 219 65
525 564 218 288 219 65
513 92 1 186
90 19 217 275 219 78 218 430
84 43 58 620
516 86 21 120 218 275 219 66
517 86 36 248 608 218 284
516 90 1 178 214 2 213
515 90 21 376 218 275 219 64
530 553 218 275 219 72
88 653 33 273 218 281
517 88 24 120 218 275 219 69
517 92 1 154
513 84 7 130 218 274
85 1 188 214 2 204 218 276
88 43 5 371 214 2 211 95
92 50 248 541 218 535
515 91 4 634 218 274
90 19 217 279 219 65 218 424
90 43 23 120 214 2 211 95
519 88 21 375 218 275 219 67
92 19 217 276 219 79 218 354
513 91 21 376 218 275 219 78
90 19 217 280 218 354
85 4 217 621 219 70
92 19 217 281 219 64 218 430
86 12 248 443
85 4 217 634 219 71
92 43 25 388 324 218 280
88 4 639 219 65 218 275
84 4 624 219 68 218 279
88 649 482 267
519 86 58 605 218 274
91 1 176 214 2 209 218 281
84 43 25 384 318 218 279
519 85 21 374 218 275 219 64
91 43 58 248 609 218 532
85 4 633 219 64 218 281
85 23 248 105
88 1 183 214 2 202 218 279
86 24 118 218 275
86 43 6 382 214 2 212 95
517 87 35 581 218 289
88 1 149 214 2 212 218 276
85 43 2 211 218 275
88 22 248 148
514 85 21 371 218 275 219 68
91 11 248 117
87 43 248 353 95
85 4 640 219 66 218 288
517 88 49 597 218 280 219 68
85 43 24 104
515 88 25 351
85 4 350 219 71
516 91 5 106 218 275 219 64
513 85 14 603 218 276
522 547 218 289 219 79
86 43 248 439 95
524 564 218 289 219 72
91 650 269 218 280
86 19 217 289 219 68 218 431
87 43 22 541 214 2 203 95
518 85 21 382 218 275 219 66
86 12 336 218 279
85 12 467 218 289
513 84 1 149 218 284
530 561 218 284 219 65
87 649 490 261
515 85 1 188 218 274 219 64
519 85 21 130 218 275 219 78
517 87 1 186 214 2 211
513 86 25 248 172 218 290
514 446 218 280
84 6 137 218 288
87 43 24 248 111 218 535
84 4 623 219 66 218 275
84 22 125 218 275
92 7 248 375 218 274
517 448 218 284
84 43 248 107 95
87 12 467 218 289
85 19 217 290 219 66 218 426
92 649 489 268
87 4 217 634 219 78
91 46 248 137
85 4 365 219 70
514 91 58 601
515 457 218 289
90 43 35 248 612 218 281
90 652 33 272 218 284
514 91 25 248 187 218 290
91 650 262 218 281
91 13 219 72 218 276
88 35 571 218 290
84 50 607 218 535
84 13 219 70 218 276
519 86 21 381 218 275 219 65
85 1 178 214 2 213 218 280
519 446 218 289
84 4 351 219 70
516 88 14 620
530 554 218 284 219 69
88 19 217 276 218 424
84 6 248 130 218 275
85 5 371 218 274
92 652 33 265 218 289
91 43 11 248 397 218 534
518 92 23 120 218 274 219 64
84 43 1 248 186 218 275
519 86 24 120
84 43 49 186 214 2 209 95
518 92 49 619 218 281 219 66
84 43 25 399 318 218 274
92 1 172 214 2 208 218 280
87 35 576 218 288
91 43 248 571 95
91 43 25 390 315 218 289
91 19 217 280 219 78 218 366
90 35 581 218 289
234 387 650 324
87 4 627 219 79 218 279
519 455 218 275
515 91 5 248 371 218 275
85 4 623 219 64 218 289
516 87 21 375 218 275 219 67
88 1 183 214 2 205 218 290
521 558 218 289 219 68
90 13 219 71 218 275
519 90 14 602 218 534
513 85 4 248 627 218 275
517 453 218 279
516 91 21 374 218 275 219 78
515 84 21 382 218 275 219 70
88 35 577 218 280
87 43 12 438 214 2 211 95
518 85 1 181 214 2 209
91 6 248 371 218 288
87 43 248 440 95
530 557 218 274 219 70
513 86 14 248 135 218 276
513 86 6 371 218 274 219 78
88 4 627 219 65 218 289
90 43 23 105 218 275
90 43 406 125
92 43 417 202
91 43 25 399 317 218 279
516 85 11 400 218 532 219 69
91 43 14 612 214 2 205 95
88 12 107 218 275
87 1 182 214 2 205 218 289
515 86 1 177 214 2 202
84 35 579 218 288
86 43 417 151
517 450 218 276
86 43 11 310 214 2 213 95
84 43 50 248 620 218 534
88 19 217 289 219 70 218 366
86 650 261 218 280
86 4 642 219 78 218 279
87 4 217 628 219 67
84 13 219 69 218 274
513 85 12 248 348 218 280
91 11 248 389 218 532
86 19 217 275 218 354
87 4 217 623 219 78
513 449 218 280
92 652 33 263 218 279
91 1 174 214 2 208 218 274
513 90 2 202 218 274 219 69
87 650 260 218 280
90 19 217 279 218 422
513 453 218 288
87 19 217 276 218 427
91 43 36 441 214 2 203 95
531 559 218 274 219 70
84 43 36 248 393 218 274
514 91 1 182 214 2 208
519 92 5 106
86 12 462 218 289
88 43 12 438
85 4 356 219 72
86 4 628 219 65 218 289
234 388 650 315
514 92 11 248 395 218 534
84 4 352 219 72
86 43 419 190
87 36 248 578
84 4 628 219 79 218 275
515 85 1 186 214 2 208
92 43 22 105
514 91 1 150 214 2 211
517 90 21 372 218 275 219 67
514 84 1 175 214 2 208
87 43 5 130 214 2 209 95
528 554 218 288 219 64
92 46 375 218 533
88 36 248 610
91 43 248 397 95
88 4 627 219 67 218 279
86 652 33 262 218 281
86 1 248 190
86 43 419 150
516 449 218 276
87 43 248 572 95
88 4 624 219 69 218 281
92 46 248 375 218 274
90 4 217 624 219 64
234 308 54 218 274
516 86 1 186 214 2 212
86 4 622 219 72 218 276
87 4 642 219 72 218 279
86 43 248 601 95
516 91 46 375
514 86 1 175 214 2 209
92 35 581 218 279
514 90 1 187 214 2 210
87 1 149 214 2 208 218 275
515 85 12 434 218 280
90 4 640 219 64 218 281
514 446 218 290
518 87 50 248 568 218 534
86 58 618 218 535
519 91 11 390
85 4 640 219 64 218 279
88 43 25 386 318 218 290
92 43 7 137 218 274
86 19 217 288 219 71 218 423
85 4 351 219 72
90 58 248 603
87 4 643 219 70 218 288
519 85 11 390
92 12 465 218 276
84 13 219 68 218 289
88 43 411 389
90 6 248 371 218 288
86 12 248 332
84 19 217 288 218 354
87 11 399 218 533
84 35 566 218 289
518 92 23 120 218 275
90 43 24 111
525 553 218 284 219 65
517 92 49 248 350 218 288
91 24 248 111
84 12 470 218 290
92 43 6 382 214 2 204 95
514 87 21 379 218 275 219 72
514 85 1 182 214 2 213
84 13 219 67 218 275
92 43 36 108 214 2 209 95
88 19 217 276 219 70 218 426
92 650 265 218 279
86 649 486 261
87 43 12 248 349 218 290
87 19 217 289 219 68 218 422
84 12 463 218 276
86 24 111 218 534
86 35 574 218 288
514 90 7 138 218 288 219 68
515 451 218 281
92 43 248 399 95
90 43 49 248 609 218 289
91 43 7 137 214 2 212 95
86 43 405 355
85 4 633 219 66 218 284
514 88 21 383 218 275 219 78
92 650 264 218 276
84 35 577 218 279
88 43 7 138 218 274
88 649 481 264
91 19 217 276 219 78 218 354
85 12 464 218 289
85 43 248 368 95
87 1 190 214 2 210 218 290
92 43 25 399 322 218 279
88 4 350 219 69
90 4 248 353
87 46 375 218 535
515 445 218 279
87 43 25 389 331 218 289
514 92 5 371 218 288
518 87 12 248 439 218 280
88 43 36 126
517 91 23 120 218 533
90 43 248 617 95
519 92 21 130 218 275 219 78
85 43 2 211 218 284
86 19 217 284 219 79 218 431
85 7 248 137 218 288
91 650 272 218 280
88 43 22 542 214 2 209 95
87 35 572 218 281
92 4 622 219 66 218 284
85 43 248 542 95
86 43 25 393 317 218 288
513 88 23 104 218 533
85 12 459 218 288
84 1 177 214 2 205 218 288
517 90 2 210
87 50 434 218 534
518 85 46 375
92 43 25 384 324 218 288
519 92 49 438
92 49 248 154
87 43 24 248 105 218 534
86 6 137 218 275
91 12 471 218 274
84 43 25 386 321 218 288
86 2 204 218 284
85 43 36 567 218 290
85 35 248 536
84 4 217 621 219 79
515 87 11 390 218 535 219 79
518 91 1 177 214 2 211
86 43 11 389
90 43 7 137 214 2 208 95
513 92 35 617
87 4 639 219 71 218 276
92 43 58 613 214 2 211 95
90 13 219 67 218 274
513 84 2 203
85 4 633 219 66 218 290
90 12 462 218 289
515 87 5 106 218 274 219 69
85 4 623 219 72 218 281
515 92 4 640
91 13 219 79 218 288
515 90 21 376 218 275 219 68
85 1 188 214 2 202 218 275
84 43 248 532 95
513 88 14 610 218 276
85 4 217 634 219 72
90 4 633 219 72 218 276
86 36 248 606 218 288
90 49 248 608
529 550 218 281 219 68
88 43 4 248 643 218 275
516 450 218 290
86 43 407 385
84 650 263 218 274
90 11 248 391
88 43 416 578
88 12 462 218 289
84 43 5 248 371 218 274
92 43 58 600 218 534
84 4 624 219 64 218 289
91 35 579 218 290
516 92 1 184
516 88 21 376 218 275 219 71
85 46 104 218 535
86 4 355 219 64
519 90 1 150 214 2 209
515 92 6 371
85 43 25 397 316 218 274
84 35 574 218 289
88 43 11 387 218 274
84 4 217 647 219 70
522 544 218 281 219 64
85 14 248 603 218 535
90 43 14 620
517 86 1 176 214 2 204
84 12 432 218 289
517 90 4 633 218 275 219 67
86 19 217 289 219 68 218 366
519 92 36 569
234 397 650 321
92 652 33 261 218 274
90 652 33 264 218 274
85 43 248 351 95
85 1 172 214 2 211 218 275
84 43 404 589
516 449 218 274
517 87 24 248 118 218 533
516 84 25 248 208 218 278
90 7 248 375 218 288
84 43 248 352 95
91 43 4 638 218 276
522 553 218 281 219 69
91 43 25 400 218 290
90 43 49 248 374 218 289
90 43 25 387 321 218 290
85 1 187 214 2 213 218 275
526 547 218 281 219 66
86 650 269 218 281
91 43 14 603 214 2 202 95
91 43 413 566
85 12 471 218 281
516 87 24 105 218 532 219 69
84 13 219 68 218 284
85 43 35 441 218 274
87 43 22 248 148 218 535
90 19 217 276 218 427
87 649 492 263
519 87 24 248 111 218 275
88 19 217 289 219 64 218 425
84 12 464 218 276
516 92 2 213 218 275 219 79
516 87 35 248 581 218 275
519 90 58 248 604 218 535
86 43 11 248 388 218 274
87 13 219 68 218 275
88 43 25 384 323 218 290
518 90 24 248 111 218 274
515 84 50 125
515 87 58 617
84 12 470 218 274
516 454 218 280
86 43 248 568 95
84 650 263 218 288
519 87 22 105 218 274 219 69
86 43 410 146
517 92 35 248 124 218 281
514 87 14 611 218 533
91 19 217 280 218 423
90 1 248 185 218 275
513 85 1 182 214 2 213
86 35 248 608
91 43 25 399 324 218 280
92 19 217 289 218 425
87 19 217 280 219 69 218 425
91 43 24 105 214 2 210 95
527 560 218 276 219 70
516 87 2 248 212 218 275
518 85 21 371 218 275 219 71
85 649 505 269
234 393 650 331
91 649 512 273
87 43 248 368 95
518 88 1 183 214 2 213
517 85 12 349 218 281 219 64
85 1 188 214 2 203 218 281
87 649 493 268
85 43 248 148 95
513 92 12 248 333 218 276
88 650 263 218 279
92 13 219 66 218 275
91 43 11 248 387 218 532
84 58 248 615 218 275
84 24 118 218 534
92 649 493 267
90 650 260 218 276
88 4 647 219 68 218 280
91 650 267 218 275
84 19 217 281 218 358
513 458 218 279
85 43 405 149
86 43 1 248 184 218 274
84 43 36 248 374 218 279
516 449 218 290
92 43 46 248 540 218 532
85 1 188 214 2 212 218 279
85 649 509 264
87 1 190 214 2 211 218 289
85 43 24 120 214 2 205 95
87 12 468 218 279
518 90 6 382 218 275 219 78
84 4 643 219 79 218 289
86 19 217 276 218 366
515 84 4 353 218 276
91 19 217 274 218 431
87 43 24 111 214 2 205 95
88 43 50 248 566 218 534
84 43 25 386 316 218 276
523 553 218 276 219 65
88 4 217 647 219 71
87 43 25 387 324 218 288
517 86 21 371 218 275 219 69
87 43 248 617 95
513 85 1 175
90 12 461 218 290
84 43 14 612 214 2 212 95
515 84 24 248 120 218 275
519 85 12 108 218 290 219 64
530 544 218 289 219 66
88 43 248 104 95
84 4 647 218 279
91 12 469 218 280
519 87 21 374 218 275 219 72
84 4 362 219 64
522 545 218 281 219 66
87 1 248 178 218 274
88 4 353 219 67
88 43 36 248 388 218 288
87 43 46 540 218 274
87 1 175 214 2 212 218 279
86 43 416 583
85 12 340 218 281
525 559 218 280 219 67
88 1 151 214 2 212 218 289
92 43 416 102
90 35 569 218 289
84 13 219 67 218 289
90 43 14 611
86 43 406 174
90 13 219 67 218 279
515 450 218 281
85 24 104 218 274
518 85 21 374 218 275 219 70
91 22 116 218 534
88 43 25 392 324 218 290
92 4 353 219 64
88 43 248 395 95
518 90 11 386 218 534
84 43 403 352
234 391 650 315
92 19 217 279 219 79 218 423
85 1 150 214 2 213 218 280
92 13 219 68 218 279
515 87 21 375 218 275 219 79
91 43 25 397 318 218 288
513 90 1 188 214 2 205
91 650 267 218 280
92 43 1 186 214 2 202 95
90 35 571 218 284
86 35 569 218 281
86 11 248 296 218 274
92 35 574 218 281
88 4 368 219 78
88 4 365 219 66
518 92 22 117 218 535 219 69
86 649 512 260
87 4 217 627 219 72
84 650 273 218 289
529 544 218 279 219 79
85 22 104 218 275
88 649 503 262
515 90 21 379 218 275 219 79
87 1 188 214 2 212 218 288
90 35 569 218 284
84 649 506 265
86 12 465 218 281
91 43 410 397
88 19 217 275 219 68 218 426
85 4 622 219 68 218 281
527 548 218 280 219 72
516 90 12 108 218 281 219 70
516 85 21 379 218 275 219 64
88 4 647 219 70 218 275
88 43 36 439 214 2 208 95
514 84 36 248 618 218 274
86 43 2 202 214 2 203 95
87 4 626 219 69 218 276
517 84 6 130 218 288 219 69
517 87 50 248 616 218 534
84 12 465 218 275
87 43 25 393 318 218 276
91 4 624 219 78 218 281
90 43 50 608 214 2 204 95
92 19 217 274 218 366
91 35 574 218 279
517 84 46 375
84 43 248 600 95
85 1 175 214 2 211 218 274
87 43 248 385 95
87 43 25 390 315 218 288
90 11 248 399
92 19 217 288 219 71 218 431
518 86 21 376 218 275 219 67
513 86 24 118 218 533 219 79
84 43 49 124 218 280
517 87 50 148 218 532
519 92 50 353
92 43 14 600
90 12 434 218 290
85 19 217 288 219 78 218 425
516 91 14 601 218 275
87 43 11 389 214 2 203 95
86 43 405 386
524 564 218 279 219 71
91 5 106 218 274
85 35 566 218 274
88 43 22 248 375 218 274
85 19 217 276 218 425
91 43 35 432
515 90 1 183 214 2 205
516 87 24 105
84 19 217 275 219 66 218 354
84 43 46 375 214 2 210 95
519 92 11 393
92 43 406 388
519 84 6 137
84 14 248 605 218 275
514 88 21 383 218 275 219 67
90 4 627 219 78 218 279
91 11 388 218 533
87 35 571 218 280
85 649 488 268
88 43 25 390 320 218 289
234 384 650 320
91 35 248 146 218 289
90 649 478 272
524 547 218 276 219 64
91 43 248 587 95
517 90 21 379 218 275 219 65
91 43 1 184 218 284
514 88 1 154 214 2 202
92 5 106 218 275
88 12 467 218 280
90 50 248 432 218 274
91 19 217 281 218 366
524 548 218 280 219 78
87 4 638 219 79 218 281
88 35 572 218 279
517 87 14 606 218 274
514 86 11 117 218 274 219 68
513 447 218 284
88 43 248 571 95
84 650 273 218 276
87 12 462 218 289
85 4 217 634 219 68
519 453 218 288
90 43 25 389 321 218 274
86 13 219 78 218 281
519 92 24 105 218 535 219 64
86 43 46 104 214 2 209 95
87 43 11 248 400 218 534
88 35 572 218 280
88 43 25 385 324 218 276
92 43 2 248 211 218 275
91 43 22 104
91 12 248 340 218 281
528 562 218 279 219 67
85 649 486 262
518 90 23 248 111 218 275
85 1 172 214 2 211 218 279
87 19 217 281 219 64 218 424
86 25 248 172
86 1 183 214 2 209 218 276
84 1 185 214 2 212 218 281
91 649 487 267
88 649 500 262
513 85 1 187 218 274
90 1 177 214 2 203 218 274
84 43 248 599 95
91 19 217 284 219 64 218 354
88 4 626 219 66 218 281
86 1 188 214 2 213 218 289
84 19 217 279 218 430
513 84 36 604 218 289 219 70
514 87 21 381 218 275 219 66
515 86 14 248 601 218 274
87 650 273 218 279
84 19 217 290 219 70 218 358
85 13 219 78 218 279
86 43 1 174 214 2 205 95
84 247 33 268 218 281
91 12 471 218 290
85 649 483 265
90 43 1 183 214 2 210 95
86 1 177 214 2 204 218 290
513 84 1 181 214 2 203
519 84 24 118 218 274 219 71
88 43 14 248 616 218 276
86 43 415 126
234 295 54 218 274
519 87 21 374 218 275 219 78
90 25 208 218 278
513 87 11 387
86 43 248 616 95
514 86 5 106 218 275
516 90 21 374 218 275 219 69
92 43 25 395 320 218 284
518 85 25 177
86 43 49 616 214 2 209 95
90 650 273 218 290
529 555 218 281 219 67
92 4 366 219 69
517 90 14 248 614 218 532
90 1 176 214 2 212 218 290
87 1 182 214 2 213 218 280
91 1 175 214 2 209 218 275
513 456 218 281
530 549 218 276 219 64
90 650 265 218 290
84 43 413 124
86 4 217 627 219 71
530 548 218 279 219 79
85 43 24 248 118 218 534
513 90 4 643 218 274 219 71
87 1 183 214 2 204 218 274
85 19 217 274 219 70 218 427
84 19 217 276 219 67 218 426
85 4 354 219 66
91 43 25 385 321 218 288
88 43 50 606
86 11 248 397
91 43 11 390
86 6 248 382 218 275
85 14 248 608
518 90 21 120 218 275 219 72
92 1 184 214 2 210 218 275
86 4 353 219 66
88 43 25 366 218 290
84 13 219 65 218 288
84 43 2 248 203 218 284
516 84 1 174 214 2 204
90 22 248 536 218 532
90 43 420 120
87 12 473 218 284
90 43 2 210 214 2 208 95
87 4 634 219 78 218 274
87 4 640 219 72 218 280
234 387 650 331
91 649 511 261
91 649 509 263
88 4 639 219 64 218 275
515 87 11 389 218 532
84 43 411 397
84 13 219 67 218 281
85 43 49 248 374 218 289
86 4 354 219 79
84 247 33 262 218 288
85 43 35 577 214 2 209 95
90 43 25 388 322 218 281
234 308 54 218 281
86 43 23 104 218 274
84 4 638 219 71 218 280
84 43 6 248 382 218 288
92 36 248 374 218 281
517 92 36 374
514 90 4 248 642 218 274
515 85 12 248 439 218 289
91 4 353 219 64
92 43 58 604
90 650 272 218 281
90 43 36 248 602 218 289
90 4 639 219 70 218 275
516 92 36 565 218 289
87 43 248 579 95
87 1 174 214 2 210 218 279
92 23 248 120 218 274
85 43 4 647 214 2 210 95
517 88 21 376 218 275 219 70
92 43 36 383 214 2 204 95
88 19 217 274 219 70 218 358
516 88 46 375 218 275 219 67
526 551 218 289 219 79
515 86 1 190
92 19 217 284 218 423
87 12 248 332 218 281
513 88 11 389 218 535 219 66
91 43 248 350 95
84 247 33 267 218 288
91 43 11 393 218 535
87 43 36 248 386 218 279
88 50 125 218 275
87 650 265 218 279
84 4 628 219 64 218 275
515 86 1 150 214 2 208
87 2 248 210 218 276
87 24 105 218 534
90 43 11 248 400 218 534
86 1 188 214 2 212 218 280
515 92 6 248 137 218 274
86 649 503 260
88 4 627 219 71 218 288
513 450 218 279
84 11 248 117
517 88 1 178 214 2 208
525 550 218 279 219 64
84 43 407 579
518 88 22 105 218 534
90 4 643 219 70 218 274
90 43 4 248 622 218 275
514 91 25 248 172 218 290
90 649 479 261
519 85 2 208 218 276 219 72
86 43 25 397 331 218 281
88 1 188 214 2 211 218 281
90 43 14 604
88 4 356 219 66
92 5 248 371
91 14 607 218 534
90 5 248 130
519 84 2 208
86 43 25 213 214 2 202 95
86 43 25 393 320 218 274
91 12 464 218 274
85 43 25 385 324 218 275
84 4 621 219 71 218 281
517 86 6 248 130 218 288
90 35 578 218 280
84 35 573 218 275
84 19 217 276 219 66 218 427
90 4 643 219 71 218 276
517 448 218 281
516 450 218 284
86 19 217 280 219 69 218 366
91 35 580 218 290
517 90 1 188 214 2 213
86 43 50 439
86 649 485 272
88 43 2 208
514 91 21 382 218 275 219 65
85 43 25 168
85 43 403 441
92 650 264 218 279
88 43 25 388 321 218 276
517 88 25 248 366 218 290
86 43 25 397 317 218 276
88 43 406 103
85 651 33 263 218 280
85 4 633 219 66 218 281
90 1 177 214 2 212 218 281
87 50 248 107 218 535
91 19 217 288 219 68 218 354
85 649 504 264
519 88 46 375 218 275
529 560 218 289 219 69
86 4 368 219 66
88 7 375 218 274
84 649 489 260
514 85 36 383 218 279
84 43 35 581 214 2 212 95
92 650 273 218 274
90 650 263 218 288
86 4 643 219 69 218 275
84 35 568 218 281
517 87 11 392 218 533
86 649 476 264
519 84 6 248 371 218 275
86 4 217 639 219 71
516 87 11 392 218 535 219 71
92 43 23 248 118 218 275
86 1 174 214 2 208 218 288
519 86 2 202 218 274 219 72
84 13 219 65 218 275
92 43 22 117
90 43 50 352 218 532
87 43 35 374 214 2 208 95
517 87 36 580
91 43 6 248 382 218 275
520 545 218 276 219 71
92 650 264 218 284
84 19 217 276 218 424
85 1 172 214 2 203 218 284
517 84 25 248 150 218 290
523 550 218 276 219 64
91 43 23 118 214 2 205 95
91 43 1 183 214 2 209 95
91 43 25 388 324 218 288
530 546 218 289 219 66
527 559 218 279 219 68
86 43 248 375 95
517 90 14 611 218 275 219 72
87 43 49 606 214 2 212 95
85 2 211 218 284
527 552 218 279 219 65
513 85 58 616 218 275 219 66
86 650 272 218 280
515 91 1 177 214 2 203
85 43 36 103
84 1 182 214 2 213 218 280
515 90 35 350 218 288 219 67
90 24 248 111 218 535
84 19 217 274 219 71 218 427
91 43 36 440 214 2 212 95
92 43 7 375 214 2 213 95
518 449 218 280
88 22 248 104 218 535
91 49 103 218 288
84 1 187 214 2 208 218 284
513 87 50 374 218 532 219 65
91 652 33 264 218 280
513 87 7 130 218 288 219 71
86 4 217 628 219 64
85 12 459 218 275
84 1 187 214 2 205 218 290
518 449 218 290
92 24 248 118
517 91 21 373 218 275 219 71
517 88 46 248 540 218 275
85 4 353 219 71
90 19 217 274 219 67 218 431
85 650 263 218 289
515 85 4 634 218 275
87 35 248 121 218 290
86 7 248 137 218 275
518 85 5 371 218 274 219 68
513 87 1 181 218 276 219 78
517 88 11 248 296 218 534
85 58 606 218 274
85 43 49 211 214 2 212 95
513 86 14 248 602 218 275
513 92 49 432 218 288 219 70
515 453 218 289
518 90 21 374 218 275 219 65
91 650 260 218 274
519 90 21 383 218 275 219 64
88 11 387 218 274
92 35 568 218 275
519 90 46 248 375 218 532
91 4 217 627 219 64
85 25 355 218 278
86 43 405 124
515 90 50 248 397 218 533
517 85 49 213 218 289 219 70
513 90 1 175 218 284
88 4 217 643 219 68
86 43 4 248 350 218 279
91 4 352 219 68
85 43 248 354 95
88 1 248 150 218 275
84 11 392 218 532
86 4 217 624 219 71
87 7 248 375 218 288
92 652 33 269 218 281
91 46 248 540
85 4 642 219 72 218 276
91 5 371 218 274
84 19 217 290 219 66 218 427
517 88 7 248 130 218 288
517 85 35 248 395 218 279
85 43 410 124
514 457 218 284
90 35 579 218 275
87 43 25 391 324 218 274
513 92 6 248 382 218 275
90 35 581 218 276
519 90 12 248 340 218 279
514 85 21 373 218 275 219 78
514 84 21 379 218 275 219 71
517 446 218 290
515 84 1 177 214 2 213
92 43 14 608 214 2 203 95
92 43 7 375 214 2 208 95
92 4 217 628 219 69
91 650 265 218 289
87 19 217 289 219 68 218 430
90 12 248 348
514 90 46 375 218 532
92 22 103 218 274
86 25 248 150
519 85 4 624 218 276
88 12 333 218 289
92 4 368 219 79
87 19 217 280 219 66 218 358
92 58 605 218 534
84 43 412 178
92 49 248 148
84 43 248 538 95
520 544 218 274 219 64
519 84 36 389
514 92 1 182 214 2 211
90 2 248 203 218 274
88 43 248 105 95
518 92 21 372 218 275 219 71
88 43 25 392 316 218 290
87 43 25 397 316 218 274
92 43 25 399 315 218 284
90 2 209 218 275
88 4 638 219 72 218 279
513 92 35 388 218 280
86 24 118 218 534
516 87 35 542 218 279
90 43 414 601
86 43 2 208 218 274
87 43 22 536 214 2 212 95
84 247 33 263 218 288
91 43 4 248 350 218 275
515 90 36 248 571 218 279
517 91 12 441 218 284 219 65
517 85 21 379 218 275 219 79
519 86 1 168 214 2 203
513 84 1 185 214 2 203
86 1 181 214 2 209 218 284
84 43 5 371 214 2 211 95
88 649 506 268
516 90 21 379 218 275 219 79
85 4 624 219 72 218 284
516 84 4 640 218 276
518 86 5 106
90 12 463 218 290
234 390 650 322
514 85 7 375
84 12 248 434 218 276
88 1 186 218 274
513 84 49 574
92 43 25 386 322 218 281
515 85 14 248 561 218 274
88 43 49 174 218 276
515 91 2 202
91 4 356 219 66
84 13 219 69 218 276
86 12 461 218 279
86 43 402 442
85 43 2 248 210 218 275
87 43 14 611 214 2 213 95
87 43 413 599
87 25 248 176 218 290
88 19 217 279 219 65 218 422
513 90 50 615 218 274
85 19 217 281 219 69 218 422
84 43 415 382
92 43 24 120 218 535
88 43 5 106
86 43 415 211
91 13 219 71 218 290
92 13 219 64 218 279
86 19 217 288 218 422
86 1 174 214 2 210 218 279
514 85 22 121 218 534
87 19 217 275 218 425
86 58 609 218 275
91 19 217 284 219 66 218 431
85 50 248 578
84 1 149 214 2 208 218 276
86 19 217 276 219 79 218 430
92 50 248 120
91 35 569 218 274
88 35 577 218 284
87 58 248 614
87 43 36 248 538 218 279
85 23 118 218 533
88 43 25 386 323 218 284
87 6 137 218 275
514 84 7 130 218 274 219 69
88 35 574 218 288
516 87 21 371 218 275 219 72
91 649 487 262
519 90 1 154 214 2 212
84 43 36 371 214 2 210 95
518 90 1 177 214 2 212
90 4 248 354
92 43 12 432 214 2 212 95
90 43 46 248 540 218 532
518 92 21 376 218 275 219 64
88 650 267 218 288
86 11 248 399 218 274
86 650 273 218 284
85 11 248 395
86 4 638 219 78 218 275
87 4 248 354 218 279
87 43 25 393 322 218 280
86 43 25 248 353 218 290
86 43 248 103 95
91 49 248 374
91 649 492 273
91 12 462 218 290
87 43 22 248 126 218 534
92 23 105 218 275
91 24 248 104 218 275
522 543 218 280 219 71
91 19 217 290 218 430
515 86 2 248 205 218 275
91 43 22 105
513 85 21 383 218 275 219 68
87 4 217 633 219 79
92 43 248 388 95
86 652 33 260 218 289
234 391 650 323
87 1 174 214 2 213 218 289
514 86 25 355
87 4 638 219 64 218 276
92 650 268 218 284
85 1 248 151 218 276
84 19 217 276 219 72 218 430
513 85 1 149 214 2 213
87 43 4 628
516 451 218 290
91 11 390 218 532
92 1 185 214 2 211 218 280
90 649 493 267
513 86 4 248 628 218 274
88 43 25 385 316 218 288
88 43 25 400 317 218 279
92 13 219 67 218 284
524 556 218 280 219 67
86 35 568 218 279
90 22 248 121
88 43 421 102
84 43 25 395 321 218 289
92 4 217 623 219 70
90 43 7 130 214 2 211 95
513 84 1 177 214 2 203
234 302 54 218 289
519 448 218 276
516 85 1 182 214 2 208
516 87 5 371
87 12 438 218 279
85 43 1 187 218 275
84 649 510 261
88 49 248 106
84 4 639 219 78 218 289
86 4 642 219 79 218 279
88 1 151 214 2 203 218 274
84 50 580 218 274
519 92 21 372 218 275 219 78
92 4 354 219 79
516 87 35 441 218 275 219 79
87 4 627 219 65 218 279
514 86 21 379 218 275 219 65
85 43 4 352
90 22 248 126 218 532
515 86 50 248 389 218 274
519 84 1 174 214 2 203
514 92 2 203 218 284 219 68
86 22 248 148
87 43 12 248 432 218 274
514 445 218 290
516 456 218 276
85 4 217 622 219 65
84 4 217 627 219 78
87 43 25 390 324 218 281
85 649 483 269
514 87 46 375
84 19 217 275 219 65 218 423
88 43 4 248 621 218 274
519 92 7 138 218 274
85 12 335 218 281
87 46 248 540 218 274
84 1 183 214 2 211 218 281
516 90 14 248 612 218 275
517 92 58 616
85 650 262 218 290
92 43 36 248 538 218 288
85 43 408 587
92 19 217 279 218 426
517 90 24 111 218 533
87 12 333 218 280
515 84 5 248 371 218 288
90 4 623 219 66 218 280
88 13 219 79 218 288
515 88 21 130 218 275 219 68
91 19 217 290 219 70 218 426
519 91 21 372 218 275 219 65
90 4 217 647 219 72
88 43 5 371 214 2 212 95
87 4 352 219 64
91 43 6 382 214 2 213 95
91 58 248 614
516 84 11 117 218 533 219 72
85 4 353 219 68
86 652 33 263 218 275
90 43 25 393 323 218 281
517 88 1 183 214 2 211
518 91 2 203 218 276
91 4 217 633 219 71
92 43 403 587
515 85 1 178 214 2 211
85 50 602 218 274
85 4 642 219 78 218 289
514 90 11 390 218 274 219 79
519 91 21 120 218 275 219 68
87 43 5 106 214 2 203 95
514 92 25 187
84 25 208 218 278
516 88 1 184 214 2 203
92 43 405 538
515 88 1 150 214 2 202
84 1 177 214 2 204 218 284
87 35 578 218 275
85 35 566 218 281
86 4 355 219 69
84 19 217 290 218 427
515 91 49 210
90 43 58 248 603 218 533
518 453 218 275
88 50 618 218 532
91 43 248 370 95
88 19 217 276 219 68 218 427
90 1 175 214 2 205 218 284
87 43 1 248 175 218 276
92 13 219 78 218 290
85 5 248 130
87 1 175 214 2 204 218 280
516 88 21 130 218 275 219 67
527 557 218 280 219 67
84 19 217 289 219 67 218 358
92 43 14 248 609 218 535
515 86 21 120 218 275 219 78
88 43 25 385 323 218 280
84 43 4 626 214 2 211 95
85 43 11 296
87 36 248 438
90 43 24 118
85 43 14 616
92 650 272 218 290
84 43 58 248 613 218 274
87 49 248 612 218 281
518 92 11 389
92 19 217 284 219 72 218 430
87 50 248 353
88 36 578 218 280
91 43 5 371
88 43 25 174 214 2 211 95
88 19 217 279 219 69 218 426
87 4 217 633 219 65
88 4 634 219 65 218 280
87 4 368 219 64
91 43 7 137
90 43 402 174
88 12 467 218 284
516 87 1 190 214 2 202
84 6 371 218 274
85 4 627 219 78 218 288
91 4 217 623 219 71
519 446 218 276
84 4 217 624 219 66
91 43 36 248 617 218 281
87 4 351 219 67
92 12 463 218 289
92 4 647 219 72 218 279
86 652 33 273 218 281
513 87 21 371 218 275 219 69
518 445 218 290
91 43 413 355
86 12 471 218 284
85 43 248 601 95
85 19 217 275 219 70 218 358
87 43 11 385
86 43 25 399 320 218 281
84 43 46 248 104 218 533
86 649 487 267
86 43 25 205 218 278
90 43 50 536 214 2 204 95
88 14 248 609
91 43 4 638 214 2 211 95
87 1 151 214 2 203 218 281
92 43 25 389 321 218 281
529 564 218 279 219 68
92 4 643 219 79 218 276
519 91 21 382 218 275 219 64
90 649 480 269
85 43 25 248 355 218 278
515 87 6 248 382 218 275
517 86 50 248 108 218 535
86 43 405 620
87 43 7 248 375 218 288
91 43 23 105
92 43 416 604
518 86 6 382 218 288 219 79
88 43 413 186
85 43 25 248 204 218 290
84 1 248 186 218 274
516 87 1 188 214 2 205
92 4 624 219 79 218 276
86 36 248 399 218 290
87 43 248 575 95
87 43 419 175
92 43 248 597 95
86 650 272 218 289
92 19 217 275 219 67 218 425
90 19 217 289 218 424
91 43 11 248 117 218 274
92 1 178 214 2 202 218 288
90 24 248 105
86 43 7 375
88 24 248 104 218 535
92 35 390 218 275
84 12 460 218 275
91 652 33 264 218 276
84 1 154 214 2 202 218 288
91 4 639 219 79 218 288
85 35 576 218 274
87 43 2 248 212 218 284
86 43 23 248 120 218 533
87 19 217 281 219 78 218 422
513 91 23 104 218 534 219 72
91 43 2 204
85 651 33 272 218 281
91 43 406 183
514 87 22 104
92 652 33 261 218 289
90 43 12 443 214 2 211 95
84 43 248 105 95
92 43 12 336
518 86 5 130
518 87 1 175 214 2 209
88 4 217 626 219 70
92 43 58 612 218 532
513 92 21 130 218 275 219 68
85 7 248 137 218 275
91 12 468 218 275
85 4 217 623 219 71
514 90 6 137
88 25 248 384 218 278
527 555 218 290 219 66
92 43 11 395
87 35 248 611 218 274
91 43 407 387
85 4 628 219 68 218 274
88 43 5 130 214 2 202 95
85 43 25 355 214 2 212 95
516 456 218 289
86 43 25 385 318 218 276
86 43 11 116 218 532
85 35 248 375
90 4 352 219 70
85 43 46 248 137 218 274
88 12 466 218 274
87 43 7 130 214 2 209 95
86 649 502 264
88 43 7 137 218 274
85 7 248 130
527 550 218 290 219 79
87 43 5 371 218 274
86 1 186 214 2 208 218 281
88 43 22 102 218 535
87 43 248 397 95
87 36 248 568 218 281
515 85 4 638 218 275
524 552 218 284 219 72
518 87 5 248 130 218 275
85 19 217 281 218 354
87 4 217 647 219 67
86 43 416 351
88 19 217 281 219 71 218 423
518 92 24 248 104 218 274
91 35 371 218 276
87 649 494 269
85 19 217 288 219 78 218 430
234 391 650 316
86 43 1 248 177 218 275
90 35 573 218 290
91 43 1 187 214 2 208 95
84 43 4 623 214 2 210 95
90 43 50 541
87 43 11 389 218 533
85 50 387 218 274
88 649 483 267
516 86 36 104
84 650 269 218 289
86 50 248 366
516 92 36 610 218 281 219 64
88 43 248 576 95
92 1 181 214 2 203 218 289
91 650 263 218 289
87 11 390 218 532
86 35 567 218 288
517 90 21 375 218 275 219 72
87 43 58 614 218 274
519 85 35 248 565 218 284
92 12 463 218 276
86 43 11 389 214 2 209 95
87 43 25 392 320 218 290
86 4 621 219 64 218 276
519 91 1 187 214 2 203
234 399 650 317
90 43 1 248 181 218 275
91 43 248 605 95
86 4 217 622 219 66
92 649 481 265
87 2 248 208 218 275
519 84 11 296 218 533 219 71
84 4 217 628 219 79
88 4 217 639 219 71
85 4 370 219 79
91 13 219 65 218 284
515 85 21 379 218 275 219 64
88 43 25 399 320 218 289
518 87 7 130
85 43 6 248 382 218 288
519 88 1 176 214 2 209
234 294 54 218 276
85 1 154 214 2 210 218 289
514 85 6 130 218 274 219 71
518 91 1 248 175 218 284
84 649 485 273
88 35 578 218 288
86 35 580 218 280
92 1 174 214 2 209 218 290
84 1 177 214 2 203 218 290
519 91 21 383 218 275 219 69
84 649 494 272
84 43 417 211
90 43 248 443 95
90 43 50 603 218 534
517 92 24 248 118 218 275
85 649 507 267
90 652 33 272 218 288
87 6 248 371 218 274
92 649 480 264
514 87 21 371 218 275 219 72
87 19 217 284 219 78 218 366
84 649 488 267
86 35 579 218 284
515 86 50 248 611 218 532
87 43 1 248 174 218 284
85 4 217 626 219 72
84 1 151 214 2 205 218 281
90 50 248 597
85 43 36 248 362 218 281
85 4 217 626 219 65
522 554 218 279 219 78
87 43 5 248 371 218 288
87 4 248 623 218 274
90 43 24 248 105 218 274
91 4 350 219 79
84 43 25 399 319 218 280
84 23 248 118 218 532
84 12 460 218 284
91 19 217 280 219 68 218 366
84 4 351 219 71
519 90 6 130 218 275
85 1 248 168
517 85 35 400 218 290
90 43 408 387
87 19 217 279 218 354
84 12 460 218 289
91 43 248 570 95
84 43 1 248 184 218 274
514 444 218 290
88 19 217 281 218 425
88 13 219 71 218 289
85 43 25 362 214 2 208 95
514 88 11 395
515 88 21 383 218 275 219 64
519 87 11 117
88 25 397 218 278
515 88 6 382 218 275 219 68
85 650 261 218 276
91 19 217 274 218 424
88 50 584 218 274
88 4 640 219 78 218 274
84 43 7 248 137 218 274
522 558 218 280 219 71
86 12 473 218 275
85 43 11 310
517 87 24 111 218 533 219 78
91 43 1 188 214 2 212 95
514 87 35 571
517 455 218 281
88 35 589 218 288
518 88 1 186 214 2 212
514 88 2 202
87 4 217 647 219 78
85 43 35 434 218 275
518 91 25 172 218 290 219 64
87 43 50 375
90 43 50 366 218 535
84 13 219 65 218 276
88 43 1 248 187 218 276
87 650 260 218 279
526 550 218 280 219 66
92 43 25 393 323 218 279
513 84 35 608
92 43 36 393
88 1 187 214 2 210 218 289
518 84 2 210 218 284
84 5 106 218 275
88 1 168 214 2 213 218 275
91 24 248 111 218 534
88 19 217 276 219 71 218 430
517 87 6 248 130 218 275
518 91 21 383 218 275 219 67
86 4 351 219 72
90 652 33 268 218 276
92 2 248 210
90 43 25 387 323 218 281
88 35 567 218 290
514 85 7 248 375 218 274
85 4 354 219 78
85 19 217 275 219 78 218 426
87 4 217 643 219 69
91 43 5 106 214 2 210 95
88 43 4 623 218 276
85 1 154 214 2 204 218 288
86 43 248 362 95
85 50 108 218 535
90 1 177 214 2 209 218 284
88 4 217 623 219 79
516 92 21 373 218 275 219 64
88 12 462 218 274
84 43 25 399 321 218 275
87 35 571 218 279
84 12 471 218 279
514 91 1 182 214 2 211
87 23 111 218 534
90 7 375 218 288
87 13 219 72 218 275
91 4 353 219 67
84 43 248 374 95
86 35 248 569
92 43 408 212
85 650 269 218 289
90 43 25 391 315 218 289
85 35 566 218 279
88 4 633 219 65 218 275
84 12 469 218 275
87 35 580 218 290
91 1 150 214 2 202 218 276
88 4 370 219 64
92 43 14 620 214 2 205 95
516 90 21 371 218 275 219 69
92 19 217 288 218 431
85 43 248 606 95
84 1 186 214 2 212 218 284
92 43 58 248 616 218 532
88 43 14 248 561 218 274
516 458 218 274
92 1 176 214 2 205 218 275
518 85 21 381 218 275 219 67
518 85 4 647
91 19 217 288 218 354
85 43 50 248 587 218 534
85 6 248 382
515 88 14 601 218 275
86 649 476 260
91 43 403 602
514 92 12 349 218 288 219 78
91 19 217 275 219 78 218 425
92 35 572 218 274
515 86 22 375
90 1 172 214 2 203 218 280
87 4 217 643 219 65
84 2 248 211
517 92 58 248 617 218 533
91 4 217 638 219 65
87 4 627 219 64 218 284
91 19 217 276 219 65 218 426
90 43 418 568
84 1 187 214 2 211 218 279
90 19 217 275 219 72 218 423
90 43 25 389 315 218 290
84 1 181 214 2 208 218 280
88 4 354 219 69
513 86 21 382 218 275 219 69
515 85 1 181 214 2 205
85 19 217 290 219 79 218 358
90 19 217 276 219 66 218 426
90 43 46 137 214 2 213 95
88 43 12 438 214 2 210 95
91 19 217 274 218 425
519 85 58 612 218 535
87 36 612 218 279
515 87 4 640
88 650 269 218 279
516 87 1 177 214 2 204
87 19 217 290 218 354
516 91 11 248 117 218 533
90 46 540 218 532
87 19 217 280 219 79 218 358
515 86 6 130 218 275
88 43 4 248 368 218 276
92 43 25 389 323 218 275
515 86 5 130 218 275 219 69
528 559 218 279 219 65
87 43 6 371 214 2 208 95
86 4 353 219 78
91 43 4 350
86 650 261 218 275
519 85 21 383 218 275 219 78
85 50 248 395
92 43 4 370 214 2 210 95
90 2 209 218 284
91 4 217 634 219 69
88 43 248 370 95
523 561 218 276 219 65
526 563 218 284 219 78
516 87 1 150 214 2 202
516 87 46 104 218 274 219 78
88 19 217 275 219 78 218 425
514 86 1 168 214 2 210
87 649 490 260
516 91 21 120 218 275 219 70
86 1 185 214 2 212 218 276
84 649 490 268
85 4 647 219 64 218 279
513 91 23 111 218 532 219 67
91 649 494 264
517 90 1 154 214 2 209
87 35 248 120
516 85 1 185 218 274
91 43 5 106 214 2 203 95
85 43 6 382 218 275
92 4 366 219 70
90 4 217 643 219 65
519 86 50 368 218 532
87 43 25 393 321 218 276
517 84 21 106 218 275 219 79
88 43 2 248 208 218 274
87 35 565 218 288
234 399 650 321
86 43 58 614
525 554 218 289 219 72
92 43 4 628 214 2 212 95
519 84 1 184 214 2 209
86 4 633 219 67 218 274
86 650 261 218 279
84 12 463 218 281
84 1 184 214 2 205 218 279
88 4 633 219 64 218 280
517 91 50 248 362 218 283
92 649 480 268
92 43 420 204
87 19 217 288 218 423
513 458 218 276
90 4 639 219 65 218 290
525 553 218 275 219 68
517 84 5 106 218 288 219 68
513 86 21 382 218 275 219 78
530 543 218 275 219 71
88 653 33 260 218 288
90 43 25 386 316 218 279
86 35 578 218 279
513 445 218 281
514 88 7 248 138 218 274
88 43 409 567
88 649 486 272
86 43 403 149
519 84 21 374 218 275 219 65
513 458 218 290
517 91 25 248 390 218 290
91 43 25 182 214 2 203 95
90 4 643 219 64 218 290
513 88 58 609 218 532 219 71
88 43 25 385 331 218 274
88 46 248 137 218 533
515 446 218 275
87 35 570 218 290
90 43 25 391 322 218 284
86 1 186 214 2 202 218 275
513 92 7 138
90 43 25 400 316 218 279
88 1 150 218 284
84 4 642 219 69 218 281
90 13 219 69 218 279
86 13 219 64 218 274
92 43 410 126
88 43 402 172
91 43 25 399 320 218 280
90 4 626 219 70 218 274
86 19 217 275 219 66 218 366
86 4 639 219 79 218 276
513 84 1 176 214 2 212
92 43 248 383 95
513 87 24 248 105 218 534
90 43 248 432 95
92 4 628 219 72 218 275
90 650 263 218 284
513 90 1 183 214 2 212
85 43 12 375 218 288
85 43 248 104 95
92 649 483 262
514 453 218 280
521 549 218 281 219 64
92 24 248 120 218 535
86 43 248 604 95
85 4 647 219 64 218 281
85 649 508 268
515 92 1 186 214 2 204
91 24 111 218 534
516 448 218 276
86 43 22 538
91 43 58 620 214 2 209 95
523 552 218 284 219 66
87 43 248 619 95
519 90 36 581 218 290 219 65
519 90 7 138 218 275
519 88 7 248 375 218 288
515 91 1 149 214 2 209
518 88 4 633 218 276
88 12 459 218 275
87 43 25 391 323 218 288
84 4 623 218 275
85 649 476 265
92 43 7 138 214 2 203 95
91 1 184 218 284
84 43 49 248 599 218 284
85 35 570 218 280
92 43 11 296
91 43 413 607
88 43 1 248 182 218 284
88 35 108 218 281
517 90 2 208
85 43 25 172 218 278
85 13 219 64 218 280
85 13 219 65 218 280
87 43 25 387 315 218 280
513 90 50 248 617 218 533
90 4 365 219 69
92 43 36 248 615 218 275
88 43 1 248 168 218 276
88 35 248 620 218 275
515 90 5 130
87 35 569 218 275
92 19 217 281 218 431
92 19 217 290 219 72 218 422
519 91 35 124
88 19 217 279 219 66 218 425
90 35 567 218 290
86 43 7 137 214 2 205 95
88 1 184 214 2 203 218 280
515 88 25 172 218 290
518 85 46 248 375 218 534
88 35 573 218 281
84 43 248 384 95
518 88 21 373 218 275 219 79
87 43 6 248 382 218 274
516 458 218 279
86 652 33 265 218 276
85 4 638 219 67 218 290
87 35 573 218 281
516 84 2 248 208 218 276
516 88 35 602 218 274 219 65
517 447 218 276
87 43 25 385 315 218 274
92 1 151 214 2 203 218 288
517 88 1 188 214 2 202
517 92 1 186 214 2 209
88 46 375 218 535
87 12 471 218 279
86 12 473 218 289
85 1 175 214 2 203 218 275
518 92 12 348 218 275
88 4 634 219 79 218 289
85 35 248 584
91 43 25 384 319 218 275
86 43 11 248 116 218 535
86 1 186 214 2 210 218 281
88 4 248 639
91 19 217 276 219 72 218 423
88 19 217 289 219 70 218 427
84 19 217 289 219 70 218 354
91 19 217 280 219 78 218 358
516 85 6 130 218 274 219 79
88 43 1 185 218 274
515 85 35 103 218 284 219 70
519 86 1 183 214 2 202
86 43 405 210
84 43 418 352
86 12 470 218 288
85 19 217 288 219 79 218 424
86 4 622 219 67 218 290
86 649 485 260
517 84 21 106 218 275 219 68
84 19 217 280 219 68 218 425
91 1 149 214 2 212 218 276
85 651 33 264 218 275
91 43 25 392 319 218 274
88 4 353 219 64
514 91 46 540
84 25 355 218 278
518 92 21 383 218 275 219 68
84 247 33 263 218 290
92 43 248 352 95
84 12 459 218 279
85 43 25 390 318 218 275
92 13 219 72 218 275
90 6 382 218 275
92 43 46 248 137 218 532
92 43 419 536
514 91 46 375 218 275 219 79
234 386 650 317
91 1 149 214 2 210 218 288
85 43 248 603 95
514 92 2 209 218 284 219 66
234 300 54 218 284
90 12 464 218 289
91 43 405 589
515 84 21 106 218 275 219 72
91 50 571 218 532
516 86 25 172
87 652 33 268 218 274
84 1 190 214 2 204 218 275
90 12 465 218 290
517 445 218 288
84 649 505 269
90 43 25 392 324 218 275
519 454 218 279
90 43 14 248 604 218 535
86 19 217 281 219 79 218 423
519 86 7 130
517 92 23 105 218 532 219 79
92 652 33 265 218 279
86 43 416 618
92 650 265 218 275
91 43 12 248 332 218 276
92 19 217 275 219 70 218 423
92 43 6 248 371 218 274
90 43 12 248 108 218 288
519 86 1 185
518 92 11 248 296 218 534
86 11 248 392 218 535
84 4 248 634 218 276
86 35 580 218 279
86 4 368 219 67
91 43 24 105
87 43 248 395 95
85 4 356 218 276
87 4 642 219 66 218 276
91 1 175 214 2 202 218 274
514 90 7 248 130 218 288
88 13 219 71 218 284
528 549 218 279 219 65
87 4 638 218 279
85 14 248 611
85 43 7 130 214 2 211 95
87 22 126 218 534
85 50 385 218 534
86 4 353 219 65
91 650 261 218 288
515 84 21 130 218 275 219 68
87 12 467 218 274
91 43 409 580
88 19 217 284 219 79 218 431
87 43 248 568 95
92 50 248 386
92 43 35 248 106 218 279
91 43 49 211 214 2 205 95
87 650 272 218 288
86 12 469 218 280
518 92 23 111
91 43 14 601 218 533
518 92 12 432
92 43 25 389 319 218 284
515 92 1 184
85 4 621 219 67 218 279
87 1 184 214 2 203 218 274
513 448 218 279
513 84 6 137
517 87 35 103
84 4 634 219 67 218 290
86 46 248 104
514 90 36 443
86 23 248 120 218 534
519 88 1 183
84 4 621 219 67 218 280
92 4 217 624 219 64
87 12 471 218 289
515 86 7 130
92 4 356 219 78
92 13 219 79 218 280
90 43 24 248 104 218 533
513 87 1 151 214 2 202
87 12 107 218 279
86 35 570 218 288
84 43 418 181
514 457 218 279
88 43 7 130
84 43 25 389 323 218 274
517 85 21 382 218 275 219 69
84 43 14 607 218 275
516 91 5 106 218 275
84 649 509 267
84 43 4 365
515 87 1 248 154 218 274
84 35 571 218 289
85 19 217 275 218 427
87 36 439 218 284
86 4 622 219 79 218 281
515 85 50 434
90 4 352 219 67
521 548 218 280 219 64
520 558 218 274 219 69
86 43 7 130 214 2 202 95
84 43 23 248 118 218 534
513 87 12 248 108 218 276
85 14 248 600 218 534
91 35 567 218 279
88 4 366 219 64
516 84 6 382 218 274 219 79
519 91 58 615
87 43 248 614 95
91 43 49 121
88 13 219 66 218 279
91 35 568 218 284
85 19 217 289 218 354
86 35 577 218 276
514 92 5 248 106 218 275
513 444 218 284
92 43 25 386
92 43 407 125
90 1 172 214 2 205 218 290
526 557 218 284 219 70
87 19 217 281 219 78 218 425
92 649 512 269
514 92 2 248 204 218 275
88 43 25 390 323 218 279
92 43 11 389 214 2 210 95
84 35 575 218 289
91 12 460 218 289
86 23 111 218 275
91 35 570 218 281
513 86 2 205 218 284
88 43 35 248 584 218 288
84 4 217 640 219 66
84 43 417 395
87 1 177 214 2 212 218 281
90 23 111 218 533
91 5 248 130 218 288
513 92 2 248 212 218 276
514 88 1 182 214 2 202
85 2 248 210 218 284
513 91 14 248 611 218 274
86 43 35 248 539 218 290
85 649 495 260
88 19 217 274 219 71 218 354
515 85 50 578
86 4 217 622 219 72
519 91 5 371 218 275
87 43 7 375 214 2 211 95
86 649 479 265
88 35 571 218 289
88 35 581 218 289
516 86 11 310 218 532
90 43 406 578
91 4 621 219 79 218 288
234 308 54 218 275
91 43 25 393 316 218 279
513 88 14 617
516 91 6 130
515 91 24 118 218 275 219 71
515 84 23 120 218 534 219 68
513 87 11 296 218 535 219 79
517 84 46 104
84 1 177 214 2 211 218 288
516 92 25 248 366 218 278
90 12 469 218 290
85 4 365 219 78
91 4 623 219 64 218 289
515 86 1 188 214 2 210
88 43 2 248 212 218 284
92 1 248 176 218 274
84 4 217 621 219 65
91 4 643 219 65 218 289
84 19 217 289 219 78 218 422
88 43 25 391 322 218 288
513 85 1 154 218 275 219 68
516 85 6 130 218 288 219 69
86 6 248 130
515 90 2 212 218 284
85 43 404 351
90 4 217 643 219 70
85 43 24 105 214 2 202 95
85 19 217 275 219 68 218 431
87 4 217 622 219 66
85 13 219 68 218 280
91 4 643 218 274
90 649 490 268
84 43 35 605 214 2 205 95
515 91 6 137 218 288 219 78
513 85 21 372 218 275 219 71
518 456 218 290
518 86 21 130 218 275 219 64
519 87 1 183 214 2 213
513 90 1 181 214 2 212
85 43 411 570
92 43 5 371 214 2 209 95
518 87 36 108 218 280
92 4 624 219 69 218 276
87 19 217 289 218 430
86 49 566 218 290
513 90 21 130 218 275 219 79
91 36 248 121 218 274
87 43 11 384 214 2 209 95
87 652 33 265 218 281
92 19 217 279 219 68 218 422
517 86 21 106 218 275 219 68
88 19 217 279 219 78 218 425
86 25 248 188 218 290
92 43 5 130 218 275
92 43 5 371 218 275
86 652 33 269 218 289
88 43 25 385 324 218 290
86 43 58 603
513 84 1 168 214 2 210
84 12 472 218 279
91 4 370 219 71
90 4 638 219 78 218 289
91 1 151 214 2 211 218 289
84 43 58 248 619 218 533
91 43 58 248 620 218 533
87 35 580 218 276
530 544 218 279 219 64
87 12 459 218 281
92 4 248 351
88 22 121 218 535
91 12 471 218 281
525 551 218 288 219 64
86 43 23 118 218 275
519 88 21 382 218 275 219 79
87 1 176 214 2 202 218 290
87 19 217 279 219 69 218 425
514 84 21 130 218 275 219 79
91 19 217 275 219 68 218 430
519 450 218 289
92 4 217 639 219 78
86 19 217 284 219 72 218 366
515 87 1 183 214 2 210
91 4 640 219 68 218 280
84 649 480 264
92 43 24 248 120 218 533
86 43 410 385
87 19 217 276 219 69 218 424
88 4 217 638 219 71
85 4 248 627 218 275
92 13 219 67 218 280
92 24 248 105 218 532
90 43 404 381
90 43 46 248 137 218 275
234 295 54 218 289
517 449 218 276
90 13 219 70 218 276
514 86 25 248 393 218 278
87 4 355 219 71
92 43 2 203
86 4 217 634 219 67
514 85 25 205 218 290
84 50 248 362 218 274
91 19 217 284 219 70 218 425
92 1 175 214 2 203 218 276
86 43 409 392
87 13 219 69 218 290
516 91 24 111 218 534
515 87 6 382
86 2 204 218 276
518 90 24 120 218 532
84 19 217 275 219 79 218 425
87 43 4 248 623 218 274
84 43 248 602 95
86 4 621 219 72 218 288
90 43 36 248 609 218 289
90 23 120 218 275
514 445 218 288
92 12 464 218 279
90 36 248 532
86 43 25 387 323 218 284
515 91 2 202 218 284
92 50 248 565 218 534
84 13 219 78 218 276
84 19 217 280 219 66 218 424
514 444 218 275
88 43 4 248 633 218 279
88 4 368 219 71
518 91 1 190 214 2 211
91 4 217 642 219 65
90 50 248 603
88 43 36 248 102 218 279
88 13 219 67 218 274
91 1 154 214 2 210 218 275
86 43 4 643
86 12 466 218 280
513 87 2 203 218 284
516 88 23 111 218 535 219 64
87 43 23 248 105 218 274
515 91 24 248 118 218 532
90 43 1 181 214 2 208 95
516 86 23 104 218 535
91 43 1 187
91 35 580 218 281
91 43 407 400
517 84 50 575
90 19 217 281 219 65 218 366
87 43 2 203 214 2 212 95
92 35 538 218 280
521 552 218 279 219 65
88 43 35 370 214 2 212 95
90 7 248 130
87 649 475 273
90 1 149 214 2 209 218 284
86 19 217 274 219 72 218 366
86 43 25 248 351 218 290
91 35 575 218 274
517 87 24 248 118 218 275
85 13 219 78 218 280
87 650 269 218 276
513 88 1 182 214 2 210
516 87 23 104 218 275 219 70
522 561 218 279 219 69
91 4 217 643 219 79
85 4 638 219 67 218 288
88 4 642 219 65 218 274
91 4 627 219 78 218 288
85 43 25 395 321 218 288
515 90 7 248 138 218 288
86 19 217 289 218 427
92 19 217 280 219 66 218 423
518 87 35 604
84 4 217 647 219 72
86 652 33 269 218 290
86 1 178 218 274
84 43 6 382 214 2 212 95
86 4 365 219 79
234 306 54 218 275
92 1 149 214 2 204 218 284
521 552 218 279 219 72
517 85 21 372 218 275 219 72
92 46 248 137 218 274
88 43 5 371 214 2 209 95
516 88 1 181 214 2 213
92 43 35 395 218 275
91 43 248 352 95
90 11 248 386 218 535
514 87 21 106 218 275 219 69
91 43 22 103
87 4 248 370
517 92 4 633 218 275
86 1 151 214 2 210 218 275
90 25 391 218 278
86 19 217 281 218 431
90 649 512 268
517 92 46 137
514 86 21 120 218 275 219 69
514 84 49 599
91 58 600 218 275
92 43 36 376
91 4 621 219 69 218 289
90 4 638 219 79 218 284
92 43 25 389 331 218 288
86 43 49 248 599 218 275
84 19 217 280 218 430
84 43 35 248 397 218 288
90 43 25 390 331 218 288
91 43 404 209
88 43 14 617 214 2 211 95
87 43 22 539
86 43 248 108 95
84 649 492 263
514 448 218 276
530 560 218 280 219 64
87 1 174 214 2 210 218 280
92 43 413 190
91 50 248 581
517 88 11 248 385 218 532
86 58 248 616 218 275
90 4 217 640 219 65
88 649 504 265
90 35 574 218 281
516 85 1 185 214 2 210
84 19 217 281 219 71 218 422
92 35 565 218 289
86 1 168 214 2 211 218 290
88 1 176 214 2 210 218 289
516 84 50 248 604 218 533
87 58 248 620
85 649 495 262
87 19 217 279 218 431
519 84 1 149 214 2 209
90 652 33 272 218 279
524 562 218 279 219 78
87 12 248 146 218 274
91 35 248 121
85 4 353 219 72
91 1 168 214 2 213 218 274
514 86 24 120 218 274
515 87 5 371 218 274 219 68
91 49 177 218 274
90 12 467 218 280
88 19 217 274 218 425
518 85 21 381 218 275 219 64
85 43 12 442
91 43 413 203
518 90 7 248 138 218 275
88 4 352 219 65
519 88 23 120 218 275
85 43 7 138
519 447 218 275
518 85 12 334 218 289
518 87 24 111
90 4 623 219 65 218 280
85 43 11 390 218 535
92 4 351 219 65
84 1 154 214 2 208 218 279
522 546 218 284 219 68
84 4 217 639 219 78
88 43 25 391 317 218 276
87 43 248 586 95
86 19 217 290 219 64 218 426
518 92 21 120 218 275 219 78
515 85 5 248 106 218 275
86 19 217 281 219 66 218 422
88 43 14 612 218 532
516 91 21 383 218 275 219 79
87 58 602 218 533
87 43 14 248 611 218 276
519 84 11 384
84 4 647 219 64 218 274
515 88 7 138 218 275 219 65
85 651 33 265 218 280
85 651 33 269 218 279
92 13 219 69 218 276
85 651 33 267 218 284
518 90 21 376 218 275 219 65
92 43 24 105 214 2 210 95
85 650 260 218 290
527 543 218 274 219 67
519 84 14 613 218 532 219 67
86 35 565 218 288
92 43 6 248 371 218 275
91 4 370 219 67
87 35 567 218 275
84 12 248 441
90 43 25 400 324 218 279
85 43 36 248 395 218 284
515 92 25 397
87 11 248 116 218 274
84 43 248 616 95
90 25 248 213 218 278
91 19 217 289 218 423
85 7 248 138 218 275
85 58 602 218 533
515 86 2 203 218 275 219 69
85 650 262 218 279
90 22 126 218 274
514 447 218 288
84 22 248 125
91 43 24 248 118 218 532
92 4 633 219 67 218 284
519 84 1 174 214 2 211
520 556 218 279 219 66
91 43 25 390 324 218 290
86 5 248 130
90 1 178 218 275
88 35 569 218 281
88 12 459 218 289
85 43 404 371
84 4 628 219 66 218 276
92 43 50 568 218 535
92 4 248 365
91 13 219 64 218 279
87 650 272 218 290
88 19 217 276 219 79 218 354
92 43 46 137 218 532
92 12 461 218 280
92 43 25 385 319 218 284
88 43 22 532
517 86 21 383 218 275 219 72
92 4 642 219 67 218 275
84 25 248 350
518 84 2 248 203 218 276
517 87 2 248 204 218 275
85 651 33 262 218 276
519 90 25 351 218 278
85 4 624 219 70 218 289
84 58 248 610 218 275
92 25 248 384 218 278
516 90 21 372 218 275 219 78
91 35 572 218 284
514 90 2 209 218 276 219 78
84 7 248 137
90 43 418 613
84 43 417 124
91 650 264 218 274
520 552 218 288 219 71
87 19 217 281 218 422
85 43 25 395 320 218 275
90 4 638 219 79 218 281
88 4 623 219 69 218 281
519 86 6 371 218 288 219 67
87 1 248 181
91 4 217 627 219 71
525 547 218 276 219 64
517 92 46 248 375 218 532
84 4 248 368
87 650 263 218 289
43 4 217 634
90 43 24 104 214 2 202 95
85 4 370 219 68
86 649 477 265
86 43 25 387 321 218 284
90 650 262 218 288
513 88 1 174 214 2 202
85 7 375 218 288
90 4 217 639 219 79
85 650 269 218 276
85 25 174 218 290
92 43 14 605 218 534
516 91 11 385 218 535 219 67
516 445 218 280
91 49 614 218 280
92 649 494 261
516 449 218 289
517 86 36 248 603 218 280
525 544 218 276 219 68
90 43 25 186
91 649 489 265
85 19 217 281 219 64 218 427
513 84 21 381 218 275 219 64
88 4 217 640 219 65
85 650 269 218 281
90 650 260 218 279
517 91 58 618 218 533
87 4 356 219 71
91 43 50 370 214 2 211 95
92 35 568 218 288
513 86 12 432 218 281
517 86 14 606 218 534 219 71
92 1 150 214 2 211 218 275
84 43 36 443 214 2 205 95
86 43 7 375 214 2 208 95
87 4 350 219 66
86 43 35 573 214 2 208 95
90 19 217 279 218 431
90 1 182 214 2 209 218 281
90 4 356 219 69
515 88 1 178 214 2 202
86 43 25 399 318 218 284
514 91 1 188 214 2 213
513 455 218 276
513 85 22 248 126 218 274
87 43 23 118
86 43 25 386 214 2 204 95
86 12 471 218 280
88 1 185 214 2 208 218 279
92 43 24 104 214 2 202 95
87 4 217 628 219 66
91 43 4 356 218 279
515 456 218 289
87 19 217 274 218 422
90 49 248 368
91 649 497 262
92 43 5 130 214 2 208 95
88 4 350 219 72
90 43 25 393 331 218 276
92 35 570 218 288
88 4 351 219 65
85 19 217 275 219 67 218 425
90 19 217 280 218 423
85 6 382 218 274
91 650 265 218 280
84 1 150 214 2 203 218 281
524 555 218 280 219 68
517 88 21 383 218 275 219 72
88 4 638 219 79 218 279
515 87 6 248 371 218 274
90 4 370 219 68
85 19 217 289 218 424
87 4 638 219 67 218 289
86 43 25 386 324 218 281
519 92 36 248 376 218 281
517 85 21 379 218 275 219 71
88 5 248 371
90 43 417 103
84 4 217 621 219 68
84 19 217 281 219 65 218 423
517 87 49 248 175 218 288
91 4 642 219 66 218 281
90 43 11 116 218 533
516 86 21 372 218 275 219 66
518 88 21 120 218 275 219 72
91 35 248 102 218 289
92 43 35 603 214 2 204 95
87 24 104 218 274
90 43 414 397
84 43 405 146
85 43 50 384
85 650 264 218 276
518 90 21 120 218 275 219 65
527 543 218 275 219 67
85 650 273 218 275
88 43 50 248 600 218 533
527 553 218 281 219 68
84 649 481 263
92 1 182 214 2 204 218 274
84 43 403 586
517 92 21 382 218 275 219 72
517 84 1 248 190 218 284
92 649 494 264
86 4 368 219 64
516 90 12 440 218 289
84 43 58 610 218 532
84 43 412 186
92 43 25 387 214 2 210 95
86 649 480 263
88 653 33 273 218 290
90 43 23 105 218 535
513 84 1 248 168 218 274
91 12 473 218 281
84 650 273 218 275
84 35 573 218 289
92 25 248 186 218 278
88 35 576 218 274
86 11 248 388 218 534
90 12 248 439
84 4 366 219 78
85 43 25 390 321 218 280
516 90 24 248 104 218 532
87 43 403 568
91 43 25 400 320 218 279
92 22 124 218 533
91 43 25 397 214 2 209 95
88 653 33 260 218 289
518 85 49 121
85 43 248 356 95
88 43 14 135 214 2 203 95
91 19 217 284 219 70 218 366
86 43 58 603 218 275
514 90 1 177 214 2 210
518 91 21 375 218 275 219 64
515 87 58 248 603 218 275
88 19 217 281 219 65 218 426
513 91 58 248 617 218 275
513 84 12 440 218 290
84 2 248 210 218 274
90 43 6 248 371 218 274
91 4 621 219 64 218 290
86 649 481 267
90 36 434 218 279
88 7 248 137
87 19 217 275 219 71 218 424
88 19 217 281 219 71 218 425
86 1 183 218 275
515 92 50 120
87 24 248 105
85 43 5 371 214 2 204 95
92 5 371 218 275
90 650 272 218 289
87 13 219 68 218 284
91 4 362 219 79
85 12 472 218 290
85 43 24 105 218 533
519 84 1 168 218 275 219 69
514 87 4 353 218 276 219 67
86 1 150 214 2 213 218 290
87 35 577 218 284
84 649 489 273
514 88 1 149 214 2 211
517 92 49 570 218 280 219 79
84 50 248 614 218 535
519 84 21 372 218 275 219 67
84 4 217 642 219 72
92 1 185 214 2 210 218 274
519 91 49 386 218 274 219 78
92 1 181 214 2 208 218 279
92 25 248 366 218 290
90 19 217 279 219 79 218 354
88 649 484 268
85 19 217 276 218 422
85 35 578 218 275
515 84 2 203
87 23 104 218 532
86 43 58 248 615 218 532
92 12 465 218 274
524 543 218 288 219 70
529 559 218 288 219 71
91 43 50 248 569 218 535
514 91 21 373 218 275 219 68
90 35 580 218 276
516 90 1 182
90 649 489 262
92 43 35 607 218 279
91 43 11 388 218 533
91 43 248 536 95
90 4 638 219 66 218 290
90 652 33 262 218 279
514 90 35 597 218 289
86 4 217 638 219 67
513 84 21 383 218 275 219 67
90 19 217 289 219 78 218 430
88 4 217 624 219 78
519 90 4 248 639 218 276
514 90 35 616
519 92 21 376 218 275 219 70
88 43 25 248 355 218 278
516 92 21 120 218 275 219 64
513 88 7 248 138 218 274
517 87 1 178 214 2 210
91 43 46 540 218 532
87 43 1 150 214 2 205 95
91 649 508 272
88 649 506 260
85 649 492 261
90 649 476 261
91 12 466 218 284
519 86 4 248 634 218 276
515 92 22 103 218 533 219 79
88 46 104 218 275
515 92 21 106 218 275 219 70
88 4 353 219 66
84 43 25 248 400 218 290
87 19 217 274 219 67 218 358
90 24 248 111 218 275
87 650 263 218 276
84 43 416 376
513 84 6 371
88 43 58 248 605 218 275
517 92 22 102 218 274 219 66
519 92 21 382 218 275 219 69
86 4 217 628 219 69
518 87 11 387
85 22 248 539
521 552 218 274 219 66
515 88 1 176 214 2 204
519 444 218 281
518 85 1 154 214 2 210
91 13 219 72 218 280
85 4 217 627 219 79
92 13 219 67 218 275
84 43 409 597
86 50 248 126
92 4 639 219 70 218 279
91 7 248 130 218 275
91 4 356 219 64
86 4 621 219 79 218 281
516 88 23 120 218 274 219 71
90 4 356 219 72
88 43 36 248 107 218 280
516 88 1 172 214 2 210
234 390 650 324
90 43 35 539 214 2 211 95
84 43 49 617
85 36 538 218 276
518 84 35 248 575 218 276
90 43 35 385 214 2 202 95
86 35 248 607 218 288
90 43 2 208
86 649 490 263
88 19 217 284 218 427
514 85 35 573 218 275 219 68
514 86 21 374 218 275 219 64
91 1 174 214 2 205 218 280
516 87 21 371 218 275 219 68
88 4 626 219 72 218 281
86 12 460 218 284
88 43 50 609 214 2 202 95
92 12 248 442
86 43 1 185 218 284
519 92 49 439 218 279
515 85 1 150 214 2 212
513 85 21 376 218 275 219 67
87 43 36 575 218 279
87 4 217 628 219 69
90 35 566 218 274
519 92 35 606
516 86 7 248 138 218 288
85 19 217 275 218 358
87 25 175 218 278
90 1 186 214 2 209 218 279
92 43 49 613
91 4 643 219 78 218 279
515 85 11 248 390 218 274
92 649 508 272
515 86 2 212
519 90 1 174 214 2 209
516 84 4 366
513 86 49 248 211 218 288
86 43 25 395 315 218 276
88 12 460 218 276
525 559 218 290 219 79
92 12 459 218 276
91 13 219 71 218 289
514 448 218 288
90 58 601 218 534
92 43 6 248 382 218 274
88 43 25 391 320 218 281
85 4 368 219 67
87 35 576 218 275
91 43 49 168
90 36 248 105
88 650 273 218 288
90 12 468 218 284
85 19 217 288 219 64 218 354
522 558 218 276 219 65
92 11 248 116
518 92 49 248 375 218 288
88 43 22 121 214 2 209 95
519 84 14 561
519 91 2 212 218 276
85 35 573 218 275
85 43 405 606
85 7 138 218 275
87 4 642 219 69 218 284
88 1 186 214 2 211 218 274
90 650 272 218 276
85 650 264 218 289
516 91 1 150 214 2 202
91 4 642 219 78 218 290
87 4 370 219 65
92 4 368 219 72
92 23 248 111 218 535
84 43 25 389 317 218 276
91 4 638 219 65 218 274
84 43 248 565 95
88 43 36 121 218 288
92 12 468 218 288
85 43 412 575
518 84 1 177 214 2 210
92 43 25 392 320 218 279
87 649 506 267
86 4 626 219 71 218 275
518 448 218 279
516 84 22 248 538 218 535
517 92 21 120 218 275 219 69
514 86 35 608 218 288 219 66
516 90 11 388 218 533
85 58 605 218 274
515 84 46 248 375 218 274
85 25 351 218 278
86 4 356 219 64
517 87 58 248 612 218 274
85 649 505 261
234 299 54 218 279
513 92 21 376 218 275 219 79
515 85 46 104
87 43 419 383
86 12 463 218 284
91 4 628 219 71 218 288
91 2 209 218 274
90 650 268 218 275
84 11 391 218 532
513 448 218 284
90 43 2 213 218 284
88 43 23 118 218 533
516 450 218 288
90 650 264 218 289
88 43 25 400 322 218 281
513 91 1 178 214 2 205
85 4 356 219 78
84 19 217 284 218 426
87 43 46 540 218 275
88 1 181 214 2 202 218 275
91 19 217 288 219 68 218 431
85 43 58 611 218 534
86 19 217 288 218 431
516 85 25 248 351 218 290
85 1 182 214 2 211 218 276
88 2 248 211
516 84 25 385 218 278
85 4 217 627 219 78
86 12 471 218 281
525 552 218 290 219 79
519 90 7 375
88 43 2 203
85 650 264 218 281
84 1 182 214 2 211 218 281
520 548 218 275 219 65
92 22 248 102 218 274
87 43 25 172 214 2 204 95
90 4 365 219 79
92 36 565 218 288
92 4 626 219 78 218 290
85 35 574 218 284
90 4 217 640 219 66
86 649 480 260
86 19 217 275 218 423
513 86 5 130 218 275 219 78
91 43 6 248 371 218 288
91 650 261 218 281
514 85 25 386
517 91 14 612 218 276 219 69
92 43 4 643 214 2 209 95
86 43 25 400 316 218 284
88 49 248 578
86 19 217 280 218 425
92 4 647 219 78 218 281
87 649 475 265
92 43 7 248 138 218 275
86 12 248 442
90 652 33 269 218 275
87 43 406 392
86 652 33 268 218 289
90 35 573 218 279
513 88 1 186 214 2 202
88 4 248 624
87 4 624 219 68 218 276
88 19 217 289 219 78 218 366
87 43 6 371 214 2 203 95
84 43 58 607
86 43 49 248 355 218 279
85 4 624 219 68 218 276
91 43 25 384 320 218 276
531 559 218 274 219 79
517 84 21 106 218 275 219 71
513 91 35 248 399 218 279
85 43 36 248 385 218 290
86 12 462 218 279
92 649 501 262
91 4 638 219 78 218 290
85 43 248 567 95
90 43 5 371 214 2 202 95
86 19 217 290 219 68 218 426
513 92 11 385 218 533 219 68
518 91 1 248 150 218 276
91 43 24 120
517 88 4 352 218 279 219 69
514 90 14 608 218 274 219 64
85 1 175 214 2 209 218 280
88 649 485 273
517 84 22 126 218 274 219 66
92 19 217 280 219 69 218 358
84 649 482 261
90 50 248 580 218 283
92 19 217 279 219 64 218 430
84 4 624 219 70 218 274
85 650 268 218 276
85 19 217 280 219 64 218 366
92 43 412 569
88 650 268 218 274
91 43 50 390
91 652 33 260 218 276
513 92 58 619 218 535 219 66
90 43 1 178 218 276
92 43 1 248 154 218 275
513 91 1 190 214 2 203
87 43 410 104
514 87 11 248 390 218 533
88 43 407 536
87 43 4 622 214 2 204 95
85 4 248 624 218 274
88 43 35 248 615 218 274
516 88 36 568 218 279 219 78
91 13 219 79 218 274
88 4 639 219 67 218 279
519 84 1 175 214 2 204
84 43 14 607
84 19 217 289 218 366
513 91 6 248 371 218 288
88 649 491 262
85 649 489 265
86 649 503 273
525 551 218 276 219 71
87 4 217 639 219 68
92 4 634 219 67 218 274
84 12 467 218 276
517 86 1 172 214 2 212
86 43 410 580
86 19 217 289 218 423
85 43 419 130
86 43 12 434 218 288
519 86 21 381 218 275 219 71
90 4 647 219 72 218 279
88 19 217 276 219 67 218 358
91 4 356 219 67
90 43 412 174
92 25 368 218 278
88 43 14 248 620 218 535
516 92 2 248 210 218 284
91 43 2 208 218 276
518 88 1 188 214 2 211
87 43 46 375 214 2 212 95
86 43 49 213
91 4 640 219 66 218 276
88 35 575 218 289
91 4 639 219 64 218 279
530 543 218 279 219 66
85 650 268 218 274
85 4 622 219 65 218 276
91 50 248 354
86 1 168 214 2 203 218 281
88 35 148 218 280
88 43 58 614
85 13 219 65 218 275
518 87 1 154 214 2 208
513 84 22 536 218 274 219 67
515 444 218 280
513 88 23 118
519 88 49 174 218 280 219 67
85 43 11 395 214 2 209 95
91 43 6 371 214 2 204 95
91 35 570 218 279
88 19 217 276 219 71 218 427
91 36 248 609 218 289
90 43 1 248 178 218 275
517 454 218 279
86 19 217 289 219 68 218 425
92 43 1 176 214 2 203 95
84 649 477 260
87 35 571 218 288
87 4 368 219 65
88 650 273 218 276
86 13 219 79 218 275
88 649 498 265
513 447 218 288
91 43 248 373 95
517 451 218 280
88 12 464 218 290
84 43 23 118 218 275
91 2 248 203 218 276
87 4 362 219 65
92 23 248 104 218 534
92 4 365 219 79
514 85 14 604 218 274
87 19 217 290 219 66 218 422
91 649 502 263
84 12 464 218 288
518 88 12 349 218 289 219 72
91 652 33 272 218 276
84 43 2 248 202 218 284
515 91 1 187 214 2 213
87 43 14 604 214 2 212 95
513 86 1 150 214 2 213
514 87 35 620 218 280 219 71
87 19 217 275 218 354
513 85 1 188 214 2 213
519 91 22 104
91 22 248 532 218 275
90 43 248 368 95
515 90 21 382 218 275 219 64
85 43 420 213
519 452 218 275
87 19 217 281 219 64 218 425
513 452 218 289
88 43 11 397 218 534
91 652 33 273 218 279
517 88 35 248 120 218 288
86 649 486 272
85 35 576 218 280
87 46 248 137
90 43 403 574
92 43 5 130 214 2 211 95
91 1 186 214 2 212 218 281
84 13 219 69 218 289
86 43 36 434 218 280
91 23 120 218 532
527 551 218 276 219 71
84 43 248 355 95
87 43 25 389 315 218 289
90 49 538 218 284
519 92 21 120 218 275 219 72
87 4 355 219 78
84 7 138 218 275
517 87 35 362 218 280 219 71
87 43 25 391 315 218 284
88 43 25 386 324 218 289
85 43 25 387 331 218 275
514 85 14 248 613 218 535
86 4 626 219 78 218 275
84 43 14 248 616 218 274
92 43 24 248 120 218 275
86 25 248 178 218 290
88 4 217 640 219 78
86 43 25 386 316 218 274
87 1 176 214 2 205 218 276
87 43 25 395 318 218 290
523 553 218 288 219 71
87 652 33 261 218 281
518 86 1 187 214 2 209
515 85 14 248 609 218 535
85 4 217 623 219 66
515 92 21 120 218 275 219 72
521 558 218 290 219 70
90 652 33 267 218 280
91 4 351 219 72
519 91 1 151 214 2 210
91 13 219 78 218 281
91 43 25 389 317 218 275
87 43 4 627 214 2 212 95
84 4 362 219 70
513 87 4 362
514 85 6 382 218 275
518 86 21 374 218 275 219 78
513 84 35 571
85 19 217 289 218 427
84 649 510 267
517 450 218 274
88 43 25 384 316 218 288
84 12 472 218 290
517 88 11 310 218 532
518 86 11 296 218 533
90 49 248 356 218 280
519 84 49 248 149 218 275
92 6 248 371 218 275
90 19 217 281 219 64 218 431
234 298 54 218 280
520 544 218 290 219 72
92 4 365 219 67
517 88 1 154 214 2 203
88 43 25 391 318 218 290
85 649 491 262
86 43 24 118 218 535
87 11 393 218 274
88 19 217 280 218 426
514 86 1 178 214 2 204
517 85 50 615 218 532
519 452 218 280
513 86 14 561 218 535 219 78
86 652 33 265 218 288
92 43 248 584 95
87 12 466 218 280
85 49 248 209
91 43 12 248 336 218 290
86 649 489 260
86 650 269 218 289
92 12 462 218 276
88 653 33 263 218 290
516 92 1 185 214 2 211
84 1 150 214 2 208 218 274
87 43 248 613 95
91 35 581 218 280
86 43 412 204
85 43 12 434
85 19 217 276 219 68 218 422
516 451 218 275
90 35 574 218 290
85 43 248 566 95
85 11 386 218 534
513 88 50 438 218 283
517 91 49 568 218 274 219 66
84 649 507 272
88 4 634 219 79 218 274
88 43 2 209
86 43 4 354 218 279
84 2 248 210
85 25 390 218 290
90 35 566 218 284
519 92 1 172 214 2 211
86 4 354 219 71
531 557 218 275 219 72
513 86 50 539 218 534 219 64
517 92 5 130 218 274
513 90 1 172 214 2 205
88 36 248 581 218 290
88 4 362 219 66
517 87 1 190 214 2 210
88 4 352 219 69
88 35 568 218 276
516 85 25 186 218 278 219 64
87 2 248 213 218 284
92 652 33 262 218 280
517 87 46 104 218 275 219 64
86 4 647 219 64 218 288
85 43 24 120 214 2 209 95
518 86 1 190 214 2 205
91 4 362 219 71
90 43 421 432
85 43 22 104 214 2 204 95
513 92 24 118 218 533 219 64
88 43 22 538 214 2 211 95
91 1 181 218 276
522 557 218 279 219 64
517 447 218 274
91 6 137 218 275
514 91 1 187 214 2 205
85 43 50 248 442 218 283
523 546 218 289 219 67
517 85 12 248 107 218 275
90 23 248 104
86 43 410 586
90 650 265 218 281
88 43 49 248 617 218 290
91 43 4 370 214 2 210 95
87 43 24 120 214 2 213 95
85 1 168 214 2 204 218 276
518 86 21 382 218 275 219 66
87 19 217 280 218 424
86 6 248 382 218 288
92 43 50 368 218 283
84 4 355 219 70
516 84 7 375 218 274
90 43 49 399
88 43 416 392
91 43 25 389 324 218 276
91 19 217 290 219 66 218 358
88 19 217 288 219 66 218 423
91 43 25 387 321 218 274
85 650 269 218 284
91 4 642 219 70 218 288
513 87 1 188 214 2 211
86 35 568 218 281
519 449 218 290
88 650 273 218 284
515 92 21 381 218 275 219 67
84 19 217 290 218 423
87 4 624 219 65 218 275
516 84 2 210
88 43 36 248 571 218 276
87 24 248 111 218 533
91 43 420 604
92 58 248 600
91 35 565 218 288
91 43 25 388 318 218 289
530 562 218 288 219 66
92 43 11 310 214 2 213 95
234 312 54 218 275
518 91 25 151
86 4 623 219 72 218 274
85 13 219 70 218 280
92 25 248 350 218 290
90 1 172 214 2 211 218 290
85 19 217 275 219 69 218 424
91 652 33 260 218 289
517 84 21 383 218 275 219 71
91 43 248 573 95
86 43 25 390 315 218 281
86 1 149 214 2 203 218 276
523 546 218 289 219 72
519 87 1 151 218 284 219 69
90 19 217 289 219 72 218 422
86 43 248 443 95
516 87 35 438
90 650 268 218 288
85 46 540 218 275
86 25 210 218 290
85 43 248 362 95
90 43 35 248 400 218 288
516 87 21 375 218 275 219 79
90 43 6 137 218 275
87 43 2 248 203 218 284
515 86 6 248 371 218 274
84 43 5 130 218 274
528 551 218 280 219 72
86 43 22 248 541 218 534
87 43 25 391 324 218 275
85 19 217 281 218 426
88 43 4 624 218 274
92 43 413 612
531 548 218 280 219 72
517 91 50 248 580 218 283
91 43 418 351
92 43 412 190
85 43 404 151
516 90 21 382 218 275 219 66
517 87 7 248 375 218 275
92 2 205 218 274
90 43 25 355 218 278
516 88 24 104 218 274
519 458 218 275
88 35 565 218 280
88 649 499 264
85 43 50 587
84 2 205 218 275
86 35 601 218 279
92 43 35 432
90 12 466 218 274
86 19 217 276 218 423
523 547 218 275 219 67
513 92 12 438
92 1 184 214 2 204 218 288
518 91 21 371 218 275 219 69
518 457 218 274
514 453 218 281
92 43 50 248 583 218 535
514 84 46 248 104 218 274
513 91 36 607 218 275 219 72
518 92 12 248 336 218 274
87 43 406 356
520 552 218 274 219 79
91 650 262 218 279
517 453 218 280
514 88 35 439 218 284
85 651 33 273 218 279
514 88 46 248 375 218 275
514 87 49 379 218 280 219 72
515 85 49 604 218 288
514 92 1 184 214 2 212
514 90 21 383 218 275 219 70
519 85 25 248 392 218 278
519 84 7 248 137 218 288
91 43 7 130 218 288
515 90 7 248 130 218 288
90 4 624 219 70 218 284
91 14 248 608
87 43 46 137 218 532
90 43 36 373 214 2 209 95
515 91 46 248 540 218 275
92 43 248 602 95
91 12 459 218 274
88 1 151 214 2 202 218 290
92 2 248 212
88 43 49 388 214 2 212 95
91 4 638 219 78 218 284
85 19 217 290 219 67 218 427
85 43 417 190
90 43 248 148 95
516 86 50 353 218 274
85 43 49 248 370 218 288
86 4 633 219 66 218 284
92 43 58 601 214 2 204 95
516 88 22 248 121 218 534
91 19 217 288 219 69 218 354
86 43 12 108
88 50 248 400
92 43 25 190 218 290
90 35 248 619
87 43 25 397 319 218 289
88 43 2 248 210 218 276
87 24 248 120
91 19 217 290 219 65 218 424
85 19 217 275 218 366
87 4 352 219 65
88 649 477 263
92 35 569 218 288
513 92 1 186 214 2 204
84 12 468 218 279
88 43 248 620 95
516 455 218 289
513 450 218 288
91 12 470 218 280
86 652 33 262 218 284
92 43 248 379 95
88 36 248 603
88 2 202 218 275
92 1 185 214 2 212 218 289
84 43 11 385
88 653 33 272 218 289
87 4 350 219 68
90 43 25 395 321 218 281
513 88 6 382 218 274 219 78
90 35 579 218 279
87 13 219 66 218 276
90 4 217 634 219 65
90 43 35 573
87 12 470 218 275
88 19 217 275 219 69 218 430
87 650 262 218 280
84 4 643 219 68 218 281
87 35 565 218 274
91 35 572 218 280
85 650 269 218 290
515 451 218 284
90 4 634 219 66 218 279
84 7 137 218 274
90 4 623 219 65 218 276
519 86 21 130 218 275 219 72
86 652 33 262 218 274
514 84 1 182 214 2 210
91 652 33 269 218 280
92 4 370 219 69
519 86 23 120 218 533 219 67
90 4 634 219 71 218 274
86 43 248 106 95
90 4 355 219 71
524 551 218 276 219 70
516 86 1 187 214 2 211
85 43 24 118 214 2 211 95
529 553 218 274 219 70
88 43 248 613 95
517 445 218 274
85 43 25 388 316 218 290
85 4 623 219 66 218 289
85 43 419 181
87 13 219 65 218 275
88 46 248 375 218 532
517 87 23 105 218 275 219 72
85 43 25 388 320 218 275
87 19 217 289 218 358
92 43 2 213
85 649 505 263
88 43 50 248 604 218 275
86 43 58 600 218 275
519 457 218 288
531 564 218 281 219 78
85 14 612 218 532
92 4 365 219 64
84 4 623 219 65 218 275
87 43 248 604 95
91 43 14 135 218 535
87 43 25 386 331 218 274
86 650 263 218 288
84 43 58 618 214 2 208 95
85 43 248 371 95
86 4 633 219 79 218 276
88 43 404 185
87 43 25 391
87 4 633 219 79 218 274
515 84 1 154 214 2 203
91 43 25 397 317 218 284
84 4 647 219 69 218 284
87 652 33 273 218 279
86 35 579 218 275
88 4 368 218 276
514 91 1 184 218 274
85 43 36 248 397 218 288
91 4 639 219 72 218 284
515 92 1 151 214 2 203
85 35 571 218 280
86 1 248 184 218 274
88 11 248 386 218 534
85 649 500 267
519 90 22 248 102 218 533
90 43 413 381
513 92 50 148 218 532 219 67
515 90 1 188
519 86 49 105 218 281
86 43 248 602 95
90 43 417 175
88 35 381 218 276
517 88 1 248 177 218 274
86 35 576 218 281
86 58 248 605 218 534
515 90 21 106 218 275 219 70
86 13 219 71 218 276
90 649 488 267
91 4 628 219 70 218 276
92 652 33 260 218 276
521 546 218 275 219 66
88 43 23 118 218 274
513 453 218 290
519 85 21 371 218 275 219 67
91 35 581 218 290
85 1 181 214 2 203 218 279
513 84 23 105
519 91 5 130 218 275
85 43 6 382 214 2 211 95
88 649 504 268
88 4 639 219 67 218 284
234 400 650 318
516 86 1 181 214 2 204
85 19 217 288 219 65 218 422
516 86 46 137 218 274
517 84 12 439
91 43 248 372 95
91 43 11 391 218 534
85 43 4 370
87 1 187 214 2 203 218 276
516 84 1 178 214 2 211
515 87 6 248 137 218 274
92 43 14 135 214 2 209 95
85 43 248 105 95
84 4 623 219 78 218 284
88 5 371 218 275
84 12 463 218 274
518 85 1 190 214 2 202
92 43 2 212
84 43 22 532
92 1 183 214 2 210 218 274
88 43 248 400 95
88 19 217 290 219 78 218 423
88 1 188 214 2 210 218 284
515 92 36 439 218 288 219 66
87 19 217 288 219 66 218 423
88 653 33 268 218 290
84 43 403 400
84 7 137 218 288
87 43 22 542 218 534
528 547 218 289 219 72
90 43 25 397 318 218 281
234 395 650 316
90 649 499 273
90 1 183 214 2 211 218 274
87 650 261 218 280
91 1 151 214 2 211 218 275
90 43 49 372
92 43 12 334 214 2 203 95
90 43 408 602
87 35 570 218 281
523 559 218 281 219 64
88 43 6 248 382 218 288
87 652 33 269 218 275
85 12 473 218 275
516 91 1 181 214 2 205
517 87 1 185 214 2 211
84 649 483 260
519 86 46 375
515 86 1 151
85 650 265 218 290
85 49 352 218 274
517 86 22 248 116 218 275
84 12 469 218 280
517 90 1 187 214 2 210
84 4 370 219 69
234 390 650 331
234 387 650 317
85 13 219 68 218 281
92 652 33 265 218 280
519 85 58 613 218 275 219 68
87 35 248 567 218 284
519 91 1 172 218 276 219 72
515 90 7 248 138 218 274
91 24 111 218 532
87 4 647 219 79 218 280
92 43 25 176 218 290
90 4 217 638 219 78
84 19 217 275 218 354
88 19 217 288 219 69 218 422
92 4 622 219 68 218 275
86 25 248 168 218 290
527 552 218 274 219 72
86 12 443 218 284
84 1 176 214 2 211 218 279
92 43 417 439
515 444 218 288
518 456 218 276
92 43 36 375 218 288
90 19 217 279 219 64 218 358
85 22 248 105
518 84 49 352
519 454 218 281
84 43 1 149
85 43 14 615 218 275
92 4 647 219 69 218 280
84 19 217 288 218 425
88 4 217 621 219 72
86 19 217 284 219 78 218 425
91 35 577 218 274
92 1 248 182 218 275
513 88 21 376 218 275 219 78
91 7 248 138 218 274
90 43 248 382 95
84 35 570 218 274
515 90 11 248 397 218 532
516 457 218 280
520 551 218 288 219 65
84 649 494 268
513 91 46 137 218 534 219 68
92 43 23 111 214 2 205 95
515 86 25 212
91 4 634 219 66 218 276
84 24 248 120 218 532
513 86 21 375 218 275 219 66
87 652 33 272 218 280
85 4 350 219 78
88 43 50 352
518 91 24 248 104 218 535
87 13 219 66 218 279
92 43 403 384
91 36 248 388
518 92 11 393 218 534 219 70
85 43 25 389 324 218 289
84 1 154 214 2 211 218 274
513 91 58 619 218 533 219 71
516 87 35 248 607 218 289
88 13 219 68 218 275
84 12 470 218 279
87 4 356 219 69
87 43 36 106
84 19 217 289 218 431
90 1 183 214 2 210 218 280
86 25 204 218 290
91 43 25 390 322 218 276
91 19 217 288 219 64 218 366
87 649 486 272
88 43 408 599
92 43 50 248 105 218 534
517 87 1 185 214 2 204
90 4 370 219 67
86 650 265 218 280
513 90 1 174 214 2 203
525 549 218 280 219 72
92 13 219 70 218 288
88 7 248 375 218 288
519 84 21 106 218 275 219 71
88 43 248 382 95
516 88 23 111 218 532 219 70
88 19 217 275 219 78 218 424
515 91 46 104 218 533 219 79
515 92 21 375 218 275 219 66
90 50 248 617
513 91 21 371 218 275 219 69
90 1 187 214 2 204 218 284
515 86 36 605
88 4 370 219 78
84 650 264 218 276
90 1 178 214 2 205 218 284
88 13 219 69 218 279
92 4 217 622 219 69
530 547 218 289 219 79
517 87 24 118
519 88 2 248 205 218 276
514 90 1 168 214 2 204
87 1 181 214 2 209 218 274
90 4 368 219 67
517 84 23 105
87 36 248 385
85 24 248 105 218 535
88 43 25 366 218 278
518 88 6 248 371 218 288
519 86 11 248 296 218 274
92 12 460 218 281
92 43 248 370 95
91 43 25 385 318 218 275
84 13 219 67 218 288
91 1 190 214 2 203 218 288
516 92 35 615 218 288
84 35 566 218 280
513 87 50 248 121 218 275
86 43 248 121 95
85 36 602 218 289
529 560 218 281 219 72
87 4 623 219 65 218 274
517 84 1 151 214 2 209
86 19 217 281 219 69 218 422
86 43 25 392 324 218 289
92 58 248 605
87 36 104 218 280
90 649 499 272
88 19 217 275 218 422
86 1 188 214 2 208 218 275
91 652 33 262 218 279
515 92 46 540 218 535
514 87 21 383 218 275 219 65
85 1 187 214 2 210 218 275
91 43 6 248 137 218 288
85 43 25 392 214 2 202 95
87 43 25 248 355 218 278
518 90 7 138 218 288
91 649 512 272
90 4 248 628 218 275
86 649 500 268
91 43 24 248 105 218 532
90 43 12 248 442 218 289
85 43 248 108 95
519 86 21 106 218 275 219 72
87 12 464 218 288
88 43 35 581
87 43 23 111 214 2 204 95
92 1 172 214 2 211 218 274
92 46 248 375 218 533
514 91 21 376 218 275 219 79
84 1 185 214 2 205 218 279
90 652 33 269 218 284
91 7 375 218 275
84 43 25 392 316 218 284
86 7 375 218 275
85 650 272 218 284
88 4 640 219 72 218 289
84 43 408 569
515 91 23 105 218 533 219 69
234 298 54 218 274
85 43 49 614 214 2 203 95
87 19 217 274 218 366
87 4 350 219 64
84 19 217 289 218 424
90 35 574 218 274
85 12 470 218 281
90 19 217 290 219 66 218 424
91 43 248 121 95
84 19 217 279 219 65 218 425
84 1 183 214 2 203 218 279
86 43 11 397
92 649 486 272
518 87 11 248 399 218 535
91 5 248 371
519 446 218 290
90 35 575 218 281
91 43 12 333 218 284
92 50 248 443 218 533
85 1 168 214 2 211 218 290
87 649 510 269
234 397 650 318
90 4 624 219 67 218 274
85 1 151 214 2 202 218 289
87 14 248 614 218 534
525 543 218 288 219 67
517 87 7 375 218 275 219 66
86 49 248 599 218 275
516 84 1 154 214 2 209
234 303 54 218 279
515 448 218 289
86 35 571 218 274
513 91 14 610 218 534 219 71
515 87 50 439
87 22 248 105
87 13 219 64 218 275
91 12 468 218 274
85 4 217 633 219 65
88 43 11 399
85 43 11 386 214 2 211 95
87 43 25 392 315 218 275
86 25 399 218 290
91 43 25 393 315 218 279
91 652 33 264 218 274
87 13 219 72 218 289
88 43 49 387 214 2 208 95
524 564 218 279 219 69
91 43 36 248 379 218 284
524 546 218 288 219 71
517 88 25 393 218 278 219 71
92 4 622 219 64 218 281
513 85 1 183 214 2 202
518 86 6 137 218 275
86 13 219 79 218 274
92 4 217 624 219 67
87 43 49 248 613 218 275
518 86 46 540
88 43 25 386 324 218 274
90 1 248 187 218 274
84 43 58 614
519 84 22 102 218 534
87 650 261 218 274
90 49 104 218 289
92 19 217 280 218 430
92 43 403 586
513 86 35 383 218 281 219 67
518 85 21 382 218 275 219 68
88 4 353 219 65
87 43 25 388 315 218 279
87 4 643 219 66 218 281
92 5 130 218 274
91 4 626 219 66 218 279
518 92 36 619 218 280 219 79
514 92 2 209
92 12 248 335 218 279
522 561 218 288 219 71
91 19 217 290 219 69 218 358
517 86 6 371
518 88 25 187
234 298 54 218 279
92 4 370 219 79
85 649 480 272
84 49 248 580 218 290
86 58 609 218 274
516 87 35 379 218 284
92 43 49 208 214 2 211 95
90 43 405 578
91 43 50 379 214 2 203 95
514 87 21 106 218 275 219 78
514 90 1 188 214 2 212
92 43 2 208
514 90 14 135 218 274 219 66
88 43 22 248 541 218 532
515 91 1 182
86 58 248 615
86 4 356 219 72
88 43 46 104 214 2 204 95
86 4 217 621 219 71
90 4 217 621 219 65
90 2 210 218 275
88 19 217 276 218 423
88 19 217 279 219 69 218 424
84 43 36 538 218 279
514 91 1 248 182 218 284
86 43 248 125 95
87 13 219 78 218 284
87 43 7 138 218 274
86 19 217 289 219 70 218 426
514 92 21 375 218 275 219 67
92 43 25 384 318 218 290
85 43 58 615
87 12 468 218 281
88 43 22 102
84 649 492 268
88 12 461 218 274
519 88 5 248 106 218 274
516 92 11 116 218 533
91 43 411 365
517 444 218 288
86 43 25 387 323 218 275
87 649 486 267
516 90 46 375 218 275
92 50 248 390
90 1 181 214 2 210 218 275
515 87 14 248 607 218 533
518 90 1 185 214 2 208
90 35 576 218 284
86 4 627 219 79 218 274
88 7 248 375 218 274
88 649 487 267
88 49 248 107 218 274
519 84 36 395 218 284
90 35 581 218 275
88 36 248 541
90 19 217 275 219 69 218 354
88 43 248 607 95
92 43 25 384 315 218 280
92 650 268 218 274
517 87 49 182
90 43 5 371 218 275
91 43 409 608
516 92 12 349 218 284 219 67
92 19 217 275 219 71 218 358
88 35 565 218 274
85 4 350 219 68
519 87 12 441 218 280 219 78
87 43 415 209
86 35 248 443
85 43 24 105 218 534
90 24 248 105 218 532
90 43 248 130 95
91 43 12 441 214 2 204 95
86 43 23 248 111 218 274
517 451 218 290
91 1 185 214 2 210 218 275
84 12 461 218 279
85 1 178 214 2 208 218 288
88 35 248 366
85 4 365 219 79
91 649 478 262
92 12 248 438
87 4 217 640 219 64
90 43 421 385
91 13 219 71 218 284
92 1 182 214 2 203 218 290
91 4 368 219 64
91 11 248 388 218 535
514 92 1 174 218 274 219 79
90 43 25 386 322 218 284
90 1 183 214 2 212 218 288
529 547 218 276 219 78
92 649 481 264
86 12 248 349
85 43 36 248 397 218 284
85 35 572 218 276
87 43 7 137 218 275
85 1 181 214 2 205 218 279
514 91 12 348 218 279 219 79
514 85 1 181 214 2 211
88 649 500 261
90 12 469 218 284
516 90 21 371 218 275 219 72
514 87 1 174 214 2 210
87 43 248 609 95
92 12 459 218 284
92 649 490 264
517 92 21 381 218 275 219 64
91 4 217 639 219 72
86 4 353 219 64
86 12 463 218 275
87 4 634 219 65 218 281
90 43 4 368 214 2 205 95
92 36 248 579
517 85 4 639
87 43 412 130
86 19 217 289 219 67 218 430
513 446 218 274
85 649 495 265
85 4 365 219 65
86 650 269 218 276
234 295 54 218 280
88 653 33 262 218 280
84 650 262 218 288
85 43 58 248 609 218 275
86 43 2 209 214 2 203 95
92 43 24 248 105 218 274
86 12 460 218 274
90 11 248 397
91 652 33 267 218 274
90 19 217 281 218 427
87 43 25 397 315 218 281
92 19 217 281 218 354
85 1 181 214 2 212 218 276
84 4 642 219 70 218 279
87 652 33 272 218 279
91 4 640 219 78 218 288
90 4 634 219 71 218 279
91 43 411 609
518 86 7 137 218 274 219 72
91 4 627 219 79 218 276
513 451 218 280
91 43 1 149 218 284
513 84 21 120 218 275 219 71
234 303 54 218 274
516 447 218 288
84 58 617 218 534
92 19 217 284 218 366
85 43 6 137 214 2 211 95
514 88 58 248 606 218 535
519 87 1 149 214 2 209
530 556 218 281 219 79
522 564 218 279 219 78
517 87 46 248 137 218 532
91 43 25 389 324 218 284
90 19 217 281 218 422
86 4 647 219 71 218 289
517 91 1 182 214 2 209
91 649 481 273
86 43 248 572 95
92 19 217 279 219 69 218 354
90 4 350 219 64
91 43 49 248 391 218 290
530 551 218 288 219 78
84 4 355 219 67
92 43 2 248 203 218 284
92 5 248 106
88 19 217 289 219 69 218 427
85 22 248 125 218 534
90 58 608 218 533
513 87 21 381 218 275 219 70
92 43 25 388 315 218 289
90 5 130 218 274
86 4 647 219 69 218 290
87 649 481 262
513 91 6 130
85 43 49 186 218 290
519 91 2 248 202 218 284
87 19 217 276 219 79 218 424
515 87 21 130 218 275 219 79
84 43 412 568
86 43 25 188
92 11 390 218 535
86 649 490 273
91 35 571 218 280
91 4 642 219 79 218 274
517 84 1 151 214 2 213
88 13 219 78 218 274
87 4 362 219 71
92 43 1 190 214 2 213 95
87 652 33 261 218 275
92 43 7 138 218 275
85 7 130 218 288
513 86 7 130
90 1 174 214 2 210 218 281
521 553 218 279 219 78
90 43 248 365 95
88 43 25 386 324 218 276
84 247 33 267 218 289
519 87 12 340 218 289
91 43 25 393 317 218 275
525 553 218 290 219 69
87 649 483 267
86 43 413 572
515 453 218 279
86 19 217 284 219 69 218 354
515 87 46 248 104 218 534
517 91 11 248 391 218 534
85 35 577 218 280
92 50 383 218 534
88 653 33 265 218 280
517 90 21 120 218 275 219 69
515 92 21 383 218 275 219 69
87 5 106 218 274
88 43 25 248 190 218 278
86 43 7 137
234 304 54 218 274
85 4 353 219 69
519 85 21 376 218 275 219 72
92 24 248 104 218 274
91 649 505 265
87 12 471 218 290
92 1 174 214 2 205 218 276
513 91 23 118 218 532
519 85 50 576 218 535 219 78
90 14 248 610
91 49 248 399
522 543 218 284 219 79
524 554 218 275 219 66
91 4 217 623 219 67
88 1 185 214 2 208 218 281
88 43 25 397 323 218 281
88 1 248 184 218 276
87 43 248 379 95
518 455 218 279
90 650 260 218 289
90 43 4 626
87 12 466 218 274
85 19 217 274 219 67 218 354
85 4 248 623
84 43 25 400 320 218 280
517 90 12 442 218 290
86 652 33 261 218 281
88 43 50 248 375 218 275
92 13 219 65 218 288
90 650 264 218 275
92 5 106 218 288
91 1 149 214 2 202 218 284
86 43 49 248 351 218 281
88 35 569 218 276
90 43 248 352 95
88 650 269 218 281
516 84 1 151 214 2 202
87 4 368 219 66
87 4 365 219 67
87 43 420 366
87 43 419 105
87 19 217 275 219 79 218 426
88 43 14 248 617 218 535
84 22 102 218 535
90 4 639 219 69 218 284
86 652 33 265 218 289
88 22 538 218 275
88 4 621 219 78 218 274
90 12 461 218 289
529 543 218 280 219 72
90 4 217 624 219 69
92 19 217 280 219 68 218 430
87 19 217 288 219 79 218 426
90 12 473 218 290
513 90 21 383 218 275 219 79
92 1 186 214 2 212 218 290
90 43 14 248 603 218 276
526 543 218 279 219 65
84 35 570 218 290
92 2 248 202 218 284
85 25 248 389 218 278
91 12 463 218 274
87 652 33 272 218 274
84 19 217 281 218 430
513 92 24 248 120 218 534
518 87 11 391 218 533
517 91 21 381 218 275 219 66
513 87 7 138
88 43 23 118
85 43 50 532 214 2 211 95
515 85 21 383 218 275 219 64
522 549 218 284 219 68
86 23 248 105 218 534
86 19 217 289 219 67 218 354
88 11 248 400 218 535
91 4 623 219 67 218 274
84 43 35 382 218 280
519 86 21 375 218 275 219 64
518 91 1 190 214 2 209
515 84 21 375 218 275 219 72
519 92 35 248 581 218 275
526 557 218 276 219 66
86 4 217 640 219 78
87 19 217 276 219 68 218 422
85 24 118 218 535
514 87 1 150 214 2 212
84 1 182 214 2 203 218 279
88 14 617 218 534
85 14 248 618 218 274
90 12 461 218 276
88 43 50 539
86 43 248 104 95
513 86 5 371 218 288 219 79
91 652 33 269 218 275
86 43 58 602 218 535
515 87 21 383 218 275 219 66
91 19 217 290 219 70 218 366
88 43 2 248 212 218 275
518 85 21 381 218 275 219 69
85 649 501 260
84 43 248 579 95
515 87 2 213 218 284 219 64
84 19 217 280 219 71 218 426
85 19 217 288 219 66 218 430
518 88 1 187 214 2 210
86 43 403 577
90 43 46 248 375 218 275
525 561 218 289 219 65
515 91 49 188
84 247 33 268 218 276
90 1 172 214 2 209 218 284
86 19 217 274 219 66 218 423
88 43 407 383
517 446 218 279
88 43 25 400 331 218 289
86 4 628 219 68 218 275
90 43 14 616
526 558 218 290 219 70
84 43 412 150
91 1 187 214 2 208 218 279
519 86 2 210
90 19 217 276 219 69 218 366
90 649 486 261
86 652 33 263 218 284
84 12 463 218 290
91 649 490 269
86 43 412 438
517 92 21 120 218 275 219 65
85 4 248 640 218 276
92 1 188 214 2 205 218 276
85 4 633 219 79 218 290
517 84 25 354
519 91 1 151 214 2 213
513 88 23 111 218 534 219 65
513 88 21 375 218 275 219 72
88 19 217 274 219 67 218 426
87 49 174 218 288
516 92 11 117 218 532 219 70
531 562 218 290 219 66
88 43 25 390 321 218 288
88 43 11 248 310 218 533
88 43 35 104 214 2 205 95
88 19 217 280 218 430
518 92 7 137 218 288
86 19 217 279 218 426
84 247 33 264 218 275
87 652 33 261 218 284
86 13 219 79 218 281
90 649 490 264
513 449 218 289
92 43 25 390 321 218 284
516 90 23 105 218 532 219 65
86 7 130 218 274
86 4 248 634
86 43 248 146 95
518 86 1 178 214 2 203
91 49 248 203
92 4 217 628 219 64
514 91 1 184 214 2 203
88 23 118 218 274
88 4 627 218 275
88 4 647 219 72 218 288
518 84 1 178 214 2 208
516 88 24 248 104 218 532
515 91 36 586 218 290 219 69
85 12 463 218 275
87 43 248 390 95
86 35 576 218 284
87 43 404 392
87 19 217 288 219 65 218 427
92 43 25 389 319 218 274
514 88 2 248 211 218 276
87 4 621 219 67 218 284
513 92 1 184 218 275
518 88 12 248 349 218 275
88 43 248 606 95
517 87 12 333 218 290
92 649 485 272
522 554 218 290 219 70
517 86 49 373 218 289
92 43 420 178
528 553 218 274 219 69
86 43 420 210
87 43 12 248 434 218 275
86 43 25 393 316 218 284
88 19 217 284 219 78 218 425
88 43 25 385 319 218 276
84 43 25 388 321 218 276
518 90 5 248 130 218 275
85 13 219 71 218 288
91 1 149 214 2 209 218 289
518 91 12 375 218 281 219 67
88 649 505 262
92 4 217 643 219 72
90 650 268 218 290
234 309 54 218 276
91 43 12 340 218 290
85 43 23 104 214 2 204 95
90 36 248 126
90 19 217 280 218 431
86 43 25 391 316 218 275
86 652 33 263 218 279
519 88 58 606
86 22 248 375
91 46 248 540 218 275
88 19 217 288 219 67 218 430
84 43 49 351
86 19 217 276 219 72 218 424
88 22 248 124
85 35 570 218 274
85 43 49 573
515 85 25 172
518 92 50 248 102 218 534
85 43 49 104 218 280
85 4 217 626 219 79
520 548 218 288 219 67
518 87 1 175 214 2 208
85 19 217 280 219 72 218 430
85 2 210 218 276
88 43 420 209
90 19 217 274 219 79 218 431
85 43 25 389 318 218 280
527 548 218 280 219 70
92 43 22 538 218 532
518 87 5 106 218 275
87 4 643 219 79 218 284
84 43 49 373 218 280
91 43 248 439 95
87 652 33 265 218 280
90 1 190 214 2 212 218 275
517 85 35 605 218 290
85 13 219 67 218 281
90 43 25 385 324 218 275
516 88 5 130 218 288
87 43 24 248 120 218 275
90 652 33 269 218 281
516 90 46 104 218 275 219 79
92 649 498 261
517 84 25 248 352 218 278
234 397 650 319
513 91 1 149 214 2 204
516 92 1 168 214 2 202
515 88 22 248 105 218 275
516 87 49 248 389 218 281
92 12 468 218 276
519 86 12 248 434 218 275
88 1 185 214 2 213 218 284
88 35 573 218 279
516 84 50 248 615 218 275
513 90 22 102 218 535 219 65
516 90 6 248 130 218 274
92 43 4 248 370 218 279
85 1 151 214 2 210 218 274
92 12 473 218 288
91 12 470 218 281
85 43 404 106
92 43 36 387
518 84 1 168 214 2 210
84 12 460 218 290
84 13 219 66 218 275
517 88 21 383 218 275 219 64
91 43 7 137 214 2 203 95
86 43 248 577 95
516 92 21 106 218 275 219 66
86 12 460 218 289
87 43 24 118 214 2 202 95
92 43 2 209 214 2 202 95
92 649 491 260
515 86 21 130 218 275 219 78
90 649 491 261
92 12 461 218 279
91 35 572 218 289
85 43 414 372
517 86 5 130 218 288 219 68
87 43 25 386 318 218 280
90 43 35 576 218 284
84 35 577 218 281
90 4 352 219 66
90 50 350 218 533
86 4 638 219 68 218 276
517 86 7 138 218 288
516 85 58 248 600 218 534
92 43 25 389 322 218 280
91 4 633 219 64 218 288
84 43 49 387 218 276
513 86 2 202 218 284 219 72
87 43 35 389 214 2 204 95
85 50 248 374
517 84 50 248 606 218 283
90 4 354 219 68
87 4 362 219 67
523 543 218 284 219 68
516 92 1 172 214 2 204
92 43 248 393 95
91 35 577 218 290
86 1 178 214 2 211 218 275
515 88 21 382 218 275 219 66
87 4 366 219 78
519 92 7 375 218 275 219 64
86 4 642 219 68 218 288
514 87 23 248 105 218 274
531 562 218 280 219 64
90 23 105 218 533
90 649 490 273
90 43 4 638
88 4 217 633 219 66
513 87 24 111 218 533 219 66
92 23 118 218 535
514 87 23 111 218 274
529 552 218 279 219 65
515 88 4 354
234 312 54 218 281
88 43 11 387 214 2 211 95
517 92 7 375
92 652 33 267 218 275
84 1 149 214 2 202 218 274
84 43 22 375 214 2 213 95
516 84 49 248 610 218 280
88 43 22 248 105 218 534
524 546 218 288 219 69
92 43 4 352
530 562 218 284 219 71
88 43 418 399
86 35 578 218 284
91 649 476 263
87 43 25 393 317 218 279
91 649 490 262
85 651 33 267 218 276
516 87 14 602 218 535 219 79
87 43 49 392 218 276
90 36 248 575
88 4 217 623 219 67
92 43 402 125
517 88 2 203
518 85 1 154 214 2 205
92 43 414 387
519 91 2 202 218 275 219 72
90 4 365 219 78
85 43 11 248 387 218 532
85 4 628 219 78 218 280
518 444 218 280
518 451 218 288
516 90 21 130 218 275 219 68
91 43 25 393 322 218 274
91 4 643 219 69 218 280
87 13 219 64 218 279
87 6 371 218 274
234 399 650 315
519 85 12 375 218 288
92 4 365 219 71
90 23 248 111
524 549 218 276 219 69
92 43 12 248 333 218 280
91 43 4 248 643 218 276
513 85 49 203
85 43 6 137 214 2 209 95
87 4 622 219 79 218 275
88 43 25 395 320 218 274
86 4 370 219 65
90 14 248 620
526 543 218 276 219 70
85 651 33 268 218 275
87 35 569 218 276
85 19 217 290 218 430
518 90 24 111 218 535
85 43 5 371
84 12 469 218 284
528 558 218 274 219 65
517 86 1 184 214 2 205
92 1 154 214 2 204 218 275
84 35 566 218 290
519 86 11 385
92 19 217 281 219 68 218 366
514 90 50 620
90 43 25 385 331 218 279
519 84 49 248 210 218 289
84 19 217 290 219 78 218 431
515 87 25 354 218 290 219 66
92 43 25 397 319 218 280
87 4 217 623 219 64
517 92 11 248 386 218 534
90 19 217 289 218 431
88 23 118 218 535
517 90 50 105
92 4 217 623 219 71
92 12 340 218 280
515 91 36 354 218 279
84 43 248 608 95
85 35 578 218 280
85 46 137 218 535
84 14 248 606 218 534
513 446 218 280
88 43 46 375 214 2 202 95
518 92 12 333 218 274
513 85 1 183 214 2 204
88 23 248 105 218 534
91 19 217 279 219 66 218 427
517 85 21 371 218 275 219 78
86 35 565 218 289
92 43 22 536
517 86 49 400 218 288
85 43 421 176
86 13 219 79 218 280
87 13 219 69 218 276
92 50 120 218 283
84 12 473 218 288
84 12 465 218 281
92 43 25 389 320 218 275
90 43 23 105
513 86 50 391
87 6 248 371 218 288
90 43 25 397 322 218 288
90 43 49 542
87 650 262 218 275
88 650 264 218 276
87 1 183 218 274
91 1 181 218 275
513 91 46 248 137 218 535
90 43 22 248 542 218 275
88 4 355 219 66
90 19 217 276 219 64 218 425
87 43 25 397 316 218 276
518 85 4 633 218 274 219 68
514 86 2 248 202 218 276
234 390 650 319
84 43 5 130 214 2 203 95
517 85 25 248 397 218 278
515 91 21 372 218 275 219 78
88 35 567 218 288
86 12 462 218 274
90 13 219 65 218 289
87 4 353 219 72
87 43 58 603 218 275
519 91 36 105
518 91 1 184 214 2 205
85 649 494 267
519 85 24 118 218 532 219 66
92 4 248 356
517 92 1 151 214 2 209
91 43 50 248 603 218 275
514 85 46 104
518 85 2 210 218 284 219 65
86 35 248 434 218 274
92 43 25 390 315 218 281
526 548 218 289 219 78
90 4 623 219 65 218 290
90 43 409 581
517 92 23 104 218 532
515 91 25 397 218 290
91 4 647 219 69 218 279
87 43 413 107
85 651 33 263 218 284
91 43 36 615 214 2 213 95
87 19 217 284 219 69 218 426
85 43 49 603 214 2 213 95
87 649 496 268
86 4 647 219 70 218 279
88 5 248 130 218 274
85 43 11 393 218 274
91 43 22 541 218 274
92 49 362 218 280
87 43 25 391 322 218 274
88 50 601 218 533
86 50 373 218 283
519 85 12 248 107 218 274
84 43 58 612 218 275
87 4 217 639 219 72
91 43 248 616 95
515 85 5 130
84 4 621 219 68 218 289
514 84 1 150 218 276
234 308 54 218 284
92 25 248 384 218 290
519 86 35 370
519 86 35 248 120 218 279
514 84 21 120 218 275 219 79
516 91 1 190 214 2 210
516 84 1 178 214 2 202
515 88 21 381 218 275 219 66
91 4 640 219 67 218 284
92 652 33 264 218 281
87 43 50 102 218 532
84 649 492 273
87 43 413 387
92 19 217 274 219 64 218 422
85 19 217 276 218 424
91 43 410 536
234 397 650 317
91 4 217 623 219 69
88 13 219 67 218 281
513 90 21 371 218 275 219 78
85 19 217 279 219 68 218 424
90 43 408 146
92 4 352 219 66
87 4 623 219 69 218 280
86 35 574 218 280
91 43 25 387 331 218 289
87 35 581 218 281
514 445 218 281
85 43 6 137 214 2 210 95
513 90 36 575 218 275 219 67
86 649 486 264
515 90 1 174
515 453 218 280
90 35 568 218 280
85 651 33 268 218 284
519 86 36 536 218 275
87 13 219 71 218 284
513 454 218 276
85 650 272 218 281
516 84 1 175 214 2 208
91 4 366 219 66
91 35 565 218 284
513 92 1 176 214 2 211
91 43 25 154 218 290
92 6 382 218 274
85 12 471 218 289
515 87 21 372 218 275 219 78
91 4 217 622 219 68
90 43 25 384 324 218 275
234 302 54 218 276
86 19 217 280 218 422
92 4 248 622
514 85 1 181 214 2 202
514 92 21 372 218 275 219 64
515 87 14 614
516 84 21 374 218 275 219 66
87 1 190 214 2 204 218 289
91 43 58 607 218 535
87 43 24 120 214 2 212 95
90 1 174 214 2 211 218 276
85 19 217 290 219 70 218 430
518 90 21 130 218 275 219 78
85 43 248 432 95
92 43 4 248 638 218 274
88 25 352 218 278
91 22 538 218 533
84 43 35 248 392 218 274
91 19 217 279 218 424
90 652 33 262 218 281
92 4 621 219 69 218 288
86 4 633 219 64 218 279
518 85 6 248 137 218 288
88 35 248 381
87 649 492 268
519 452 218 281
87 4 217 628 219 72
85 1 188 214 2 212 218 276
92 43 23 111 218 534
90 13 219 72 218 279
519 84 24 248 111 218 275
90 1 172 214 2 204 218 289
526 558 218 276 219 72
514 92 49 440
87 43 50 620 218 532
88 4 642 219 79 218 276
87 650 265 218 281
87 4 356 219 79
92 650 262 218 290
87 43 416 615
85 1 174 214 2 211 218 276
85 6 248 130
92 4 639 219 66 218 275
92 4 643 219 71 218 274
91 43 35 614 214 2 205 95
519 92 21 376 218 275 219 79
85 43 49 609
90 4 642 219 69 218 279
84 650 264 218 281
88 43 25 386 317 218 276
84 649 508 269
90 43 25 392 320 218 280
513 88 23 248 104 218 275
90 43 35 581 214 2 209 95
84 43 50 366 218 274
88 43 25 393 317 218 281
87 43 6 371 214 2 211 95
515 85 50 121 218 533 219 67
513 88 49 438 218 288 219 79
515 86 4 356 218 275
519 457 218 279
86 649 477 267
86 13 219 79 218 284
84 19 217 284 219 67 218 422
84 2 248 203
86 43 50 353 218 533
91 1 188 214 2 205 218 276
85 19 217 279 219 65 218 426
519 88 21 130 218 275 219 71
85 649 476 272
517 444 218 276
90 19 217 288 219 67 218 426
87 43 25 149
85 22 126 218 275
514 85 14 248 617 218 275
84 49 130 218 281
86 4 217 643 219 72
90 43 248 584 95
524 546 218 290 219 69
234 308 54 218 280
515 86 21 372 218 275 219 66
91 43 1 248 181 218 276
92 35 579 218 275
87 43 25 389 317 218 290
91 43 1 168
517 88 50 146 218 532
91 43 248 124 95
517 444 218 290
84 43 403 579
84 650 262 218 274
85 22 248 536 218 275
518 84 46 540 218 532
91 43 2 202
515 448 218 281
87 19 217 284 219 79 218 422
87 35 579 218 276
84 7 130 218 288
515 88 23 111
84 43 7 137
85 43 36 248 602 218 279
91 12 469 218 290
86 43 4 366
530 555 218 279 219 65
526 563 218 284 219 66
90 4 352 219 72
519 90 23 105 218 274 219 65
91 4 351 219 64
88 4 217 627 219 68
88 43 50 248 107 218 532
516 90 21 371 218 275 219 71
517 88 11 248 399 218 535
91 649 489 261
86 43 49 176
90 13 219 71 218 284
516 88 14 135 218 274
514 91 58 610 218 274
90 43 25 395 319 218 274
90 649 500 273
86 46 248 540 218 275
86 4 634 219 68 218 274
513 92 21 376 218 275 219 71
90 4 217 623 219 72
514 88 14 617
91 4 366 219 64
519 91 21 372 218 275 219 72
516 85 7 248 138 218 288
84 1 181 214 2 213 218 275
518 87 49 569 218 288
87 1 168 214 2 205 218 289
525 562 218 276 219 64
518 87 36 248 108 218 276
86 43 2 248 213 218 274
90 43 416 352
85 12 464 218 276
515 91 21 383 218 275 219 71
518 90 58 607
87 649 494 272
517 84 1 175 214 2 203
86 19 217 276 219 67 218 431
517 450 218 275
91 19 217 280 219 79 218 354
515 88 25 149
91 649 506 264
87 43 25 390 331 218 288
87 4 217 643 219 79
86 13 219 68 218 289
86 11 393 218 532
84 43 25 248 391 218 278
85 35 248 371
513 91 1 174 214 2 202
85 43 402 601
518 92 24 120 218 532 219 71
92 43 22 538
518 87 58 248 618 218 534
514 85 23 104 218 534
87 43 403 125
514 88 21 130 218 275 219 78
87 36 105 218 284
85 4 353 219 78
514 91 58 602
515 87 5 248 106 218 274
92 12 248 440 218 276
88 4 354 219 64
516 84 21 130 218 275 219 68
513 88 1 175 214 2 210
518 84 4 365
522 554 218 288 219 78
85 43 25 395 320 218 289
90 43 22 248 117 218 532
86 19 217 276 219 69 218 423
513 92 36 248 611 218 289
84 43 421 570
513 86 1 188 214 2 208
88 13 219 78 218 276
86 1 190 214 2 209 218 281
522 550 218 276 219 78
91 12 467 218 276
84 43 25 389 319 218 289
92 43 248 566 95
91 43 23 105 218 535
517 92 35 382 218 274 219 69
87 43 1 149 214 2 209 95
90 43 23 248 118 218 532
84 6 248 130 218 288
87 43 4 640 214 2 202 95
519 86 22 375 218 533
90 43 50 615
516 92 1 178 214 2 203
87 1 154 214 2 213 218 290
514 92 1 248 175 218 284
518 88 36 248 573 218 276
92 43 36 539
85 4 351 219 78
513 451 218 276
86 49 248 373
90 19 217 280 218 425
91 43 50 438
88 43 4 642
90 43 46 137 218 535
88 650 265 218 280
84 43 25 392 318 218 289
92 43 248 434 95
84 43 25 385 316 218 276
529 548 218 274 219 78
524 554 218 281 219 71
513 87 58 606 218 275 219 70
522 549 218 279 219 79
90 4 633 219 68 218 279
91 43 58 248 606 218 275
516 88 25 151 218 278
90 43 248 390 95
87 43 14 604 218 532
88 653 33 260 218 281
88 653 33 269 218 276
515 90 1 176 214 2 205
91 13 219 68 218 280
514 85 7 248 130 218 274
85 12 461 218 288
518 449 218 281
514 88 1 174 214 2 211
515 450 218 280
234 312 54 218 289
86 43 248 573 95
519 88 21 381 218 275 219 69
517 92 5 106 218 288
90 43 23 120 218 534
521 546 218 275 219 67
91 13 219 65 218 279
87 12 472 218 280
92 35 573 218 281
517 91 24 111 218 275 219 64
516 91 11 387
87 650 262 218 279
86 43 25 392 331 218 289
86 1 149 214 2 212 218 288
90 43 418 370
88 25 393 218 290
88 19 217 279 219 66 218 424
514 88 12 248 334 218 284
92 649 489 273
85 2 248 203
517 92 1 177 214 2 203
88 12 464 218 274
84 19 217 276 218 426
91 43 14 609 214 2 213 95
87 4 217 623 219 66
90 43 25 399 321 218 279
518 90 49 604 218 281 219 78
90 4 647 219 72 218 289
86 19 217 281 218 430
90 4 354 219 72
516 92 5 371 218 275 219 70
92 4 634 219 68 218 289
92 7 137 218 275
518 86 1 177 214 2 212
91 35 570 218 280
84 43 411 121
517 450 218 280
91 43 7 138 214 2 202 95
91 4 642 219 69 218 275
513 86 23 118 218 534
84 12 460 218 274
91 43 248 384 95
87 43 12 441 214 2 212 95
90 43 50 379 214 2 210 95
515 84 2 248 211 218 284
86 12 463 218 281
517 92 49 248 575 218 288
91 35 571 218 276
92 4 217 622 219 70
517 84 49 185
87 19 217 279 219 79 218 425
90 1 172 214 2 210 218 274
517 87 50 248 375 218 283
90 43 58 619
88 4 217 640 219 69
91 1 190 214 2 210 218 281
87 1 190 214 2 209 218 281
516 84 50 617
88 43 25 366
91 12 438 218 290
84 43 248 385 95
515 92 25 395 218 290 219 65
85 43 25 388 315 218 288
516 85 49 248 125 218 274
513 88 11 310
87 43 248 362 95
86 43 25 388 319 218 280
85 43 25 397 324 218 288
516 91 21 375 218 275 219 78
84 1 178 214 2 203 218 284
84 35 568 218 288
518 84 49 248 181 218 290
91 43 14 248 616 218 274
90 43 25 385 331 218 289
90 11 248 310
86 43 25 400 317 218 279
88 4 638 219 67 218 284
86 35 581 218 284
86 36 248 574
515 457 218 276
90 43 24 118 214 2 205 95
91 43 14 603
86 19 217 284 218 423
87 43 248 382 95
92 43 23 248 105 218 533
84 43 49 248 130 218 284
519 84 22 541
85 23 248 104
92 1 183 214 2 211 218 290
517 91 5 106 218 288
90 43 4 366
86 4 217 626 219 65
87 649 474 268
90 24 248 120
85 43 50 586 218 274
90 4 642 219 69 218 274
84 649 485 268
234 388 650 324
91 650 268 218 276
90 4 217 639 219 78
92 43 7 375
91 43 12 335 218 281
87 4 217 647 219 69
84 247 33 267 218 274
85 58 611 218 275
515 88 21 374 218 275 219 67
517 455 218 275
87 19 217 280 218 358
86 35 576 218 279
91 4 368 219 78
84 43 58 248 614 218 533
87 43 402 583
92 649 487 264
514 86 24 248 104 218 532
86 43 408 441
85 22 248 542 218 533
87 43 7 130 214 2 205 95
91 4 217 626 219 64
514 448 218 280
513 84 12 248 432 218 290
88 43 4 366 218 274
84 4 621 219 79 218 281
92 43 409 178
87 43 1 190 218 275
514 92 12 442 218 276
516 453 218 280
517 84 1 150 214 2 202
84 12 466 218 288
86 46 137 218 275
90 43 35 125
86 35 572 218 274
90 652 33 261 218 280
516 85 25 248 182 218 278
515 91 21 382 218 275 219 71
516 90 22 104
90 35 573 218 281
86 22 248 126
518 458 218 284
524 557 218 280 219 65
88 43 1 151
513 90 12 248 348 218 275
88 1 187 214 2 209 218 288
87 4 627 219 66 218 280
87 43 36 538 218 281
88 43 5 248 371 218 275
92 43 49 248 439 218 279
92 43 14 620 218 534
88 2 248 210
513 87 1 175 214 2 203
518 91 14 613 218 532 219 65
517 86 1 172 214 2 211
86 12 340 218 276
90 649 504 263
88 43 25 400 316 218 288
86 5 248 371
516 86 36 356
88 19 217 288 219 70 218 426
514 92 24 104 218 532
86 43 14 604
86 43 25 400 319 218 279
84 4 217 628 219 67
86 652 33 272 218 279
515 88 1 177 214 2 208
88 13 219 64 218 279
515 90 24 120 218 535 219 65
515 84 5 371 218 288
514 88 7 130 218 274
85 43 24 104 218 532
87 19 217 279 219 64 218 358
87 19 217 289 218 426
516 92 6 248 382 218 288
85 1 172 214 2 210 218 279
84 35 571 218 276
517 90 12 248 440 218 276
85 650 263 218 274
84 4 248 356 218 276
91 43 58 248 610 218 533
91 649 506 260
85 19 217 280 218 366
517 90 1 149 214 2 202
84 43 413 125
87 43 14 248 613 218 534
86 1 187 214 2 212 218 275
519 88 1 151 214 2 212
90 35 442 218 288
91 43 7 137 214 2 205 95
514 454 218 279
515 86 21 106 218 275 219 65
91 4 217 639 219 68
523 548 218 290 219 79
518 91 1 151 214 2 209
91 650 272 218 281
92 43 36 386 214 2 203 95
92 43 403 148
91 43 5 106 218 288
90 43 50 620
86 4 217 623 219 67
515 92 1 174 214 2 212
87 43 248 605 95
90 43 25 385 318 218 275
85 22 102 218 533
92 19 217 288 219 69 218 422
526 550 218 290 219 65
91 6 130 218 288
87 19 217 284 218 423
92 1 176 214 2 208 218 288
516 91 1 175 214 2 208
86 11 248 389 218 533
92 11 248 385
92 650 273 218 279
88 43 46 248 104 218 275
515 91 14 619 218 275
517 87 1 181 218 275
514 84 14 248 607 218 534
84 50 248 124 218 275
85 4 628 219 72 218 284
87 4 639 219 71 218 279
92 50 384 218 535
515 88 11 296 218 532
517 91 21 373 218 275 219 66
85 43 25 392 331 218 274
90 11 391 218 532
88 4 642 218 279
91 43 25 386 320 218 290
519 91 46 540
92 43 4 248 622 218 276
85 4 366 219 68
85 4 639 219 71 218 284
84 12 462 218 275
84 247 33 264 218 284
90 43 23 111 218 275
88 650 261 218 284
90 4 638 219 78 218 288
90 4 643 219 69 218 289
88 4 640 219 70 218 289
519 85 21 372 218 275 219 70
518 86 23 111 218 535
86 1 149 214 2 212 218 275
90 12 463 218 279
92 43 36 578 214 2 209 95
87 652 33 273 218 284
85 35 570 218 276
86 36 351 218 281
86 19 217 284 219 66 218 424
90 43 50 387 214 2 205 95
85 43 22 248 536 218 532
517 86 1 184 214 2 212
91 43 24 105 214 2 208 95
529 547 218 274 219 70
519 88 46 540
85 14 616 218 532
87 46 248 104
525 551 218 288 219 68
87 35 248 432 218 288
515 88 46 248 540 218 275
84 1 182 214 2 205 218 279
91 650 268 218 280
84 35 574 218 288
514 92 1 174 214 2 205
88 43 11 248 397 218 533
514 88 2 212
85 43 25 352
519 87 12 438 218 288 219 67
521 554 218 276 219 78
84 46 248 104
88 43 25 384 331 218 280
87 1 183 214 2 208 218 280
91 24 248 120 218 532
90 650 272 218 275
87 43 414 589
84 43 418 567
88 35 572 218 275
86 4 352 219 66
92 50 248 102 218 283
515 458 218 289
91 43 12 440
86 35 567 218 279
85 4 217 623 219 64
90 43 25 393 319 218 284
518 91 21 382 218 275 219 64
84 4 248 639 218 274
516 86 22 117
516 84 21 374 218 275 219 69
91 43 248 566 95
514 84 21 376 218 275 219 78
90 12 471 218 274
91 23 111 218 274
516 88 21 106 218 275 219 79
518 88 25 168 218 290
85 651 33 263 218 276
519 91 1 149 214 2 212
516 90 21 383 218 275 219 65
85 43 4 248 355 218 274
90 4 647 219 69 218 279
87 4 217 640 219 67
84 43 50 148 214 2 210 95
92 43 25 248 183 218 278
87 4 647 219 69 218 288
86 43 50 581
86 43 46 540
86 649 491 262
92 4 642 219 67 218 281
84 43 420 356
91 43 1 168 214 2 212 95
514 84 24 118 218 535
514 86 21 371 218 275 219 64
86 22 248 105 218 532
86 649 499 262
85 651 33 265 218 288
85 43 248 532 95
86 650 268 218 276
515 85 49 579 218 284 219 72
90 12 248 438
515 454 218 276
84 35 578 218 279
86 43 35 387 218 284
86 11 248 391
85 12 472 218 276
86 4 370 219 66
92 652 33 260 218 289
90 4 248 621 218 275
85 4 362 219 70
91 43 36 248 392 218 290
85 4 642 219 68 218 276
88 43 413 568
84 49 248 381 218 275
91 1 154 214 2 205 218 290
514 90 23 104 218 275
85 43 7 375 218 275
517 85 35 248 536 218 275
84 43 23 248 120 218 534
86 25 390 218 278
84 43 46 137 214 2 212 95
516 92 11 393
85 43 14 613
87 43 402 601
86 43 402 603
84 4 352 219 79
517 88 21 120 218 275 219 66
87 43 4 352
86 12 471 218 289
87 43 4 351
87 43 1 248 149 218 276
90 36 248 566
92 43 25 399 323 218 275
84 247 33 272 218 288
513 88 5 248 106 218 275
90 4 217 638 219 64
87 58 248 604 218 274
84 19 217 290 219 64 218 430
88 4 217 633 219 70
90 43 6 382 214 2 211 95
86 43 7 248 130 218 275
91 4 623 219 72 218 289
91 19 217 280 219 78 218 426
87 43 50 371
514 92 25 202 218 290 219 66
518 87 36 586
517 85 36 617
514 85 46 375
85 43 1 176 214 2 203 95
88 22 539 218 532
84 19 217 274 219 78 218 366
87 4 366 219 79
85 7 248 375
87 43 415 351
519 88 21 373 218 275 219 64
84 19 217 288 219 69 218 366
516 84 12 248 334 218 275
84 1 183 214 2 203 218 288
87 19 217 284 219 70 218 427
234 294 54 218 288
90 19 217 276 219 79 218 423
86 650 273 218 279
88 35 575 218 290
87 43 50 248 102 218 275
92 19 217 280 219 69 218 426
514 444 218 279
91 1 174 214 2 210 218 281
519 86 11 248 384 218 534
86 1 248 149 218 276
518 91 24 104 218 534 219 72
87 43 49 248 366 218 275
84 4 622 219 68 218 274
92 1 174 214 2 203 218 279
91 7 248 137
522 555 218 275 219 68
88 19 217 289 219 71 218 425
91 4 642 219 71 218 289
86 13 219 64 218 279
515 84 1 187 214 2 210
519 451 218 280
514 90 1 183 214 2 205
92 43 25 400 318 218 280
91 19 217 284 219 64 218 426
85 43 411 181
88 19 217 288 219 67 218 424
517 91 21 373 218 275 219 68
519 85 46 248 375 218 275
519 87 1 184 214 2 211
86 19 217 284 219 69 218 358
88 4 217 622 219 69
85 43 14 601
87 13 219 70 218 284
519 84 35 248 532 218 276
90 43 248 613 95
86 4 362 219 69
515 91 22 542 218 274 219 78
514 85 46 104 218 534 219 64
234 294 54 218 274
88 649 501 261
516 84 21 381 218 275 219 67
91 1 172 214 2 213 218 284
515 88 24 105 218 534 219 65
514 85 21 376 218 275 219 68
514 88 35 248 124 218 289
514 92 23 120
91 43 2 212 214 2 204 95
88 43 25 393
517 90 1 175 214 2 209
86 650 272 218 276
86 43 25 387 331 218 279
92 19 217 289 218 422
85 14 248 609 218 275
87 4 643 219 68 218 279
87 35 569 218 280
519 88 11 384 218 535
530 563 218 275 219 66
517 86 1 176 214 2 212
84 247 33 267 218 276
85 43 25 384
86 649 483 264
92 43 25 385 324 218 281
518 92 21 375 218 275 219 67
516 87 11 248 399 218 532
92 43 2 248 205 218 275
85 4 638 219 78 218 284
518 88 1 183 214 2 208
519 455 218 276
515 85 1 176 218 275 219 78
92 649 508 261
90 46 104 218 274
90 43 35 603 214 2 210 95
88 19 217 280 218 423
524 550 218 275 219 71
515 92 25 182 218 278
92 4 217 627 219 69
84 43 25 391 318 218 284
517 87 22 248 539 218 534
92 650 268 218 289
91 43 2 248 213 218 284
516 84 50 580
88 650 273 218 274
90 12 466 218 281
516 86 1 184 218 284 219 78
84 43 12 443 218 289
514 86 46 137
92 43 5 371
84 43 402 434
90 19 217 274 219 71 218 431
88 43 35 353 214 2 213 95
87 43 7 248 130 218 275
87 25 203 218 290
84 4 217 623 219 78
92 12 459 218 279
517 88 4 354 218 275
88 43 248 391 95
92 35 577 218 279
519 85 1 176 214 2 213
513 90 24 120 218 532 219 72
84 43 2 213
92 43 248 443 95
85 650 267 218 276
513 90 58 606 218 534 219 78
91 19 217 290 218 431
87 19 217 288 218 430
84 43 35 248 539 218 276
515 92 22 105 218 533 219 69
86 5 248 371 218 275
87 4 368 219 69
92 650 273 218 290
92 43 25 392 318 218 276
90 43 2 248 204 218 276
523 546 218 289 219 68
90 24 248 118 218 532
87 35 571 218 276
91 14 248 620 218 533
513 85 46 375
91 35 248 106
85 43 25 389 317 218 280
88 43 413 612
515 457 218 280
85 1 175 214 2 202 218 288
90 36 575 218 275
92 43 12 334
92 43 46 137 214 2 208 95
527 563 218 288 219 69
87 43 25 154
90 24 248 120 218 532
88 19 217 276 219 65 218 424
91 649 483 273
515 451 218 290
92 19 217 279 218 423
517 91 35 392 218 288 219 79
519 90 24 248 104 218 533
92 4 370 219 66
90 36 248 610 218 284
87 19 217 290 218 427
87 43 22 117
513 91 22 536
86 43 248 614 95
85 50 248 387
514 85 1 185 214 2 212
87 12 461 218 290
85 1 183 214 2 212 218 279
514 91 5 130 218 274 219 65
513 90 36 542 218 279
90 13 219 79 218 275
516 88 46 248 540 218 532
90 43 36 387 218 290
90 43 407 187
84 43 11 392 214 2 211 95
90 43 25 388 321 218 280
87 1 174 214 2 204 218 281
90 43 4 248 350 218 276
525 544 218 284 219 67
88 653 33 267 218 279
86 43 402 203
519 91 21 376 218 275 219 67
515 92 21 379 218 275 219 68
88 43 414 366
88 43 35 248 538 218 276
517 91 35 605 218 279 219 67
513 91 1 248 190 218 274
515 92 35 248 434 218 276
86 43 25 391 323 218 280
518 90 46 137 218 535 219 79
91 43 406 614
513 92 5 130 218 288 219 72
90 649 491 269
84 43 25 385 319 218 281
84 649 499 273
88 4 217 640 219 70
88 43 2 203 218 274
88 1 183 214 2 205 218 281
92 43 416 580
87 43 35 248 375 218 276
517 92 1 172 214 2 202
90 4 368 219 79
84 650 273 218 290
87 649 482 269
514 87 11 296
92 4 352 219 72
85 43 22 248 102 218 532
90 22 248 121 218 535
84 43 36 120 218 275
515 88 21 374 218 275 219 65
90 43 2 204
86 4 366 219 65
87 43 49 382 218 289
234 296 54 218 290
92 1 175 214 2 202 218 284
85 19 217 280 219 65 218 422
514 91 23 248 120 218 535
87 650 268 218 275
84 43 24 248 120 218 535
530 547 218 276 219 79
519 84 7 248 375 218 275
87 43 25 400 324 218 288
91 43 4 350 214 2 208 95
517 85 36 434 218 275
85 43 14 619
528 554 218 289 219 78
90 43 7 248 137 218 275
88 43 25 386 322 218 274
90 650 269 218 284
91 19 217 281 219 67 218 423
88 43 23 104 214 2 202 95
91 4 366 219 67
90 43 25 387 322 218 289
86 43 22 539 214 2 211 95
85 43 1 149 218 284
86 5 248 130 218 288
86 19 217 288 219 67 218 427
84 35 576 218 279
87 4 368 219 67
90 13 219 66 218 290
517 86 1 174 214 2 209
86 43 1 178 218 284
85 650 260 218 275
514 87 5 371 218 274 219 67
90 4 642 219 67 218 289
84 43 14 613 218 533
87 4 217 634 219 68
516 92 58 620 218 275
85 58 616 218 274
515 90 36 580 218 290
88 19 217 284 218 431
525 552 218 275 219 71
88 650 264 218 279
84 43 2 209 214 2 212 95
88 650 265 218 289
84 43 24 120
86 22 248 542 218 533
91 4 627 219 68 218 276
90 4 627 219 70 218 284
85 43 12 147 214 2 205 95
85 43 25 397 324 218 276
91 4 217 640 219 65
86 43 22 103 218 275
84 4 633 219 64 218 289
516 86 1 150 214 2 204
88 4 626 219 72 218 280
88 43 406 620
517 85 11 248 397 218 532
234 389 650 323
519 88 21 381 218 275 219 72
519 88 22 532
90 43 5 106 214 2 213 95
90 22 116 218 534
85 1 183 214 2 209 218 279
86 35 566 218 276
84 12 465 218 276
92 35 571 218 290
86 13 219 79 218 276
518 90 1 187 214 2 208
513 90 24 104 218 533 219 72
84 43 4 248 622 218 276
523 564 218 275 219 67
84 25 397 218 278
517 88 35 601 218 290
91 43 25 385 320 218 290
517 91 5 248 371 218 274
529 552 218 279 219 67
92 650 260 218 274
91 43 12 439 214 2 205 95
513 91 23 111 218 535
517 87 7 138 218 274 219 66
513 447 218 274
86 4 217 638 219 66
90 43 58 248 601 218 535
518 87 46 375
85 43 25 397 319 218 288
517 85 11 399 218 533 219 66
87 43 35 106 214 2 212 95
522 548 218 289 219 71
85 649 496 262
90 4 627 219 69 218 290
519 90 1 186 214 2 205
90 58 248 606 218 533
518 447 218 288
520 558 218 276 219 68
88 650 263 218 289
90 43 5 130 214 2 209 95
87 43 58 618
516 86 24 111 218 275 219 70
90 43 11 248 400 218 535
513 86 1 178 218 276
92 19 217 284 219 64 218 422
91 19 217 289 218 358
85 19 217 280 219 78 218 427
90 1 248 177
90 12 472 218 290
84 43 36 248 391 218 274
517 453 218 276
517 86 1 186 214 2 202
85 1 178 218 274
513 91 1 154 214 2 204
87 4 634 219 72 218 281
88 649 508 263
514 458 218 290
516 90 24 120 218 533 219 72
529 544 218 284 219 70
91 1 182 214 2 203 218 288
519 456 218 288
84 13 219 64 218 284
521 560 218 284 219 78
88 43 409 102
91 43 248 103 95
516 451 218 279
87 4 217 622 219 64
92 35 574 218 276
515 87 1 174 214 2 204
90 35 572 218 279
92 43 248 354 95
88 43 4 353 214 2 203 95
87 43 12 248 443 218 284
516 92 7 248 130 218 274
91 11 384 218 534
514 90 21 372 218 275 219 71
513 88 21 130 218 275 219 65
85 43 4 355
85 4 640 219 66 218 280
518 91 1 184 214 2 212
92 43 418 609
87 4 350 219 65
87 2 248 202
92 49 248 120
85 46 248 104
528 546 218 290 219 71
86 35 579 218 279
514 88 11 117 218 533
85 43 25 400 320 218 275
87 43 25 393 316 218 289
87 652 33 262 218 280
84 43 14 617 214 2 212 95
91 652 33 273 218 284
514 85 46 248 104 218 532
86 4 217 642 219 65
87 43 6 382 214 2 213 95
516 458 218 284
92 4 350 219 66
85 2 248 212
87 652 33 267 218 276
519 454 218 284
518 450 218 281
91 43 248 597 95
86 43 25 392 316 218 289
515 91 58 248 613 218 274
86 43 248 392 95
91 1 151 214 2 210 218 289
87 35 567 218 279
527 550 218 275 219 72
90 4 624 219 64 218 274
88 650 261 218 281
516 86 22 125 218 533 219 64
90 649 492 268
87 4 352 219 71
517 456 218 275
516 448 218 289
85 43 24 111
518 451 218 281
513 450 218 284
88 35 576 218 290
513 90 21 374 218 275 219 70
90 43 248 589 95
87 652 33 267 218 284
86 43 248 389 95
88 43 58 248 612 218 535
92 14 248 561 218 535
517 84 1 184 214 2 209
516 87 1 175 214 2 211
91 43 413 542
92 43 409 603
87 4 370 219 71
86 1 149 214 2 211 218 274
90 649 500 269
88 1 187 214 2 209 218 280
517 85 21 120 218 275 219 79
87 11 248 388
86 46 540 218 534
88 653 33 263 218 284
86 1 187 214 2 208 218 275
518 451 218 276
86 13 219 67 218 274
91 19 217 290 219 68 218 354
519 90 24 248 105 218 533
86 22 248 103 218 274
517 85 35 391 218 290
88 4 217 627 219 70
515 91 21 120 218 275 219 64
92 19 217 289 218 431
87 1 186 214 2 204 218 289
91 19 217 275 219 67 218 366
513 445 218 288
90 43 420 542
92 4 353 219 68
84 13 219 71 218 290
519 84 1 168 218 276 219 72
88 43 58 248 616 218 534
234 391 650 331
86 43 24 120 214 2 205 95
85 1 172 214 2 212 218 284
519 88 14 607 218 275 219 71
90 43 46 104 214 2 203 95
518 84 36 248 609 218 279
517 88 35 382
87 43 25 188
92 13 219 65 218 284
87 13 219 69 218 281
234 389 650 321
88 43 25 187 214 2 209 95
85 43 418 366
90 650 261 218 289
516 84 23 120 218 534 219 67
88 35 570 218 275
514 92 36 609
85 36 578 218 279
513 92 58 615 218 274
517 88 21 130 218 275 219 66
513 84 24 120 218 533 219 79
88 43 58 605 214 2 212 95
92 4 627 218 276
515 85 21 372 218 275 219 78
517 85 49 352 218 288 219 78
92 43 11 388
92 43 419 209
84 649 489 261
85 43 58 248 610 218 534
84 43 419 538
519 88 36 443 218 275
91 19 217 279 218 422
514 85 36 442
91 46 248 375 218 275
516 87 46 248 137 218 534
516 91 35 600
517 91 14 248 608 218 274
519 91 25 172 218 278 219 69
518 92 21 383 218 275 219 78
85 1 186 214 2 210 218 279
516 448 218 281
88 43 404 121
85 25 212 218 278
91 19 217 290 218 425
515 452 218 281
84 43 1 149 218 274
518 454 218 281
516 87 1 185 214 2 210
84 7 248 375 218 274
86 35 576 218 289
87 12 248 442 218 289
523 550 218 276 219 68
87 4 217 621 219 68
91 13 219 69 218 280
88 13 219 72 218 280
87 4 638 219 72 218 275
88 43 46 248 104 218 532
513 84 21 383 218 275 219 69
84 43 6 130 214 2 208 95
515 91 1 177 214 2 212
90 43 417 601
515 449 218 274
86 22 539 218 274
87 35 599 218 288
88 43 49 573
84 19 217 274 219 79 218 425
90 22 124 218 534
88 649 479 267
87 649 479 263
86 14 561 218 535
88 13 219 79 218 274
515 86 1 168 214 2 209
514 90 21 130 218 275 219 78
85 4 217 647 219 67
87 35 579 218 274
86 35 567 218 289
92 43 248 617 95
91 12 470 218 284
85 4 638 219 70 218 280
85 651 33 261 218 281
92 58 618 218 275
87 4 365 219 79
86 4 217 623 219 79
88 1 188 214 2 204 218 276
90 14 248 603
84 43 22 542 218 274
519 92 23 120 218 532 219 67
84 4 217 627 219 72
518 87 2 210 218 276 219 67
90 1 150 214 2 212 218 279
515 86 4 350 218 276
92 43 25 392 331 218 275
87 43 2 212
92 650 272 218 274
519 445 218 274
518 86 23 248 105 218 535
91 43 35 248 610 218 289
86 1 182 214 2 205 218 290
84 19 217 290 219 67 218 424
90 1 154 214 2 212 218 274
87 1 182 214 2 204 218 290
92 4 356 219 66
91 4 351 219 69
515 87 1 184 218 274 219 78
87 35 580 218 281
86 12 470 218 284
515 90 21 106 218 275 219 68
85 4 627 219 79 218 284
92 43 25 384 320 218 280
87 43 5 248 130 218 274
87 35 566 218 276
515 91 4 623 218 274
92 50 248 589 218 274
86 43 419 388
84 1 174 218 284
515 456 218 274
516 88 21 371 218 275 219 64
525 557 218 274 219 64
87 43 25 386 317 218 281
88 43 25 400 331 218 288
88 43 248 103 95
88 13 219 68 218 290
92 36 576 218 288
84 12 469 218 290
91 1 182 214 2 211 218 280
91 12 468 218 288
85 4 642 219 64 218 275
84 12 471 218 290
87 43 58 610 214 2 205 95
91 43 248 601 95
513 86 21 379 218 275 219 78
85 12 335 218 284
234 296 54 218 276
92 14 248 620
90 43 25 399 316 218 275
92 4 354 219 66
514 85 21 381 218 275 219 70
87 43 49 434
87 13 219 79 218 284
88 43 248 600 95
234 395 650 331
85 43 49 248 355 218 289
91 649 479 267
86 650 267 218 279
87 58 248 602
86 1 190 214 2 209 218 289
518 92 35 248 385 218 280
91 5 248 106 218 275
514 92 50 381 218 533 219 66
86 43 50 148 218 532
514 448 218 279
518 88 5 248 130 218 288
516 91 7 138
88 2 248 204
85 649 506 260
90 12 463 218 288
87 43 35 589 218 288
90 13 219 79 218 276
86 649 503 268
516 87 21 372 218 275 219 69
88 4 354 219 78
92 6 248 130 218 274
85 43 5 106 214 2 209 95
88 1 181 214 2 205 218 290
518 84 1 183 214 2 208
92 13 219 79 218 276
91 43 36 438
91 12 468 218 289
84 35 581 218 288
86 43 36 372
92 7 248 137
519 90 35 248 575 218 290
85 19 217 281 219 67 218 422
513 91 58 248 601 218 274
527 560 218 284 219 79
90 4 370 219 69
519 86 11 248 393 218 533
86 650 268 218 274
86 13 219 70 218 289
517 91 5 248 130 218 274
88 4 217 626 219 78
88 43 25 392 320 218 288
91 43 5 248 130 218 274
91 12 375 218 290
91 43 410 568
90 43 25 393 320 218 288
90 43 25 395 320 218 274
517 92 21 130 218 275 219 65
91 652 33 263 218 289
522 543 218 279 219 66
84 4 626 219 68 218 279
513 91 7 248 130 218 275
514 91 7 375 218 274 219 67
85 4 366 219 64
90 12 462 218 279
513 87 1 186 214 2 202
92 43 36 572 218 290
85 4 217 621 219 69
87 13 219 79 218 275
516 87 1 176 214 2 205
85 50 390 218 534
86 19 217 281 219 70 218 354
91 35 576 218 276
92 43 25 248 395 218 290
515 91 21 130 218 275 219 65
90 35 568 218 274
84 4 217 633 219 78
87 4 621 219 79 218 290
90 22 541 218 535
91 43 12 108
87 43 417 374
513 92 14 135
86 4 217 626 219 71
515 90 1 178 214 2 205
234 397 650 323
514 92 11 393 218 534 219 72
90 43 4 621 214 2 213 95
91 43 36 573
515 87 36 382 218 275 219 71
88 14 248 620 218 535
85 12 467 218 274
516 87 21 106 218 275 219 66
86 19 217 275 218 358
514 88 36 601
515 87 4 354 218 275
514 84 50 541 218 533 219 71
524 556 218 279 219 72
518 90 23 248 111 218 533
88 43 248 608 95
91 4 368 219 71
526 554 218 290 219 67
513 451 218 275
91 4 633 219 69 218 275
87 43 23 104 218 534
518 449 218 274
88 4 647 219 66 218 289
514 86 36 355 218 289
85 43 248 569 95
84 4 355 219 65
88 43 25 391 319 218 280
91 35 570 218 289
514 85 14 610
90 650 263 218 274
91 43 414 203
87 25 187 218 278
88 46 540 218 535
86 35 581 218 279
88 649 502 262
92 43 23 120 214 2 208 95
515 88 1 187 214 2 213
85 1 187 214 2 213 218 281
519 84 14 619 218 532 219 71
514 91 1 181 214 2 202
91 13 219 66 218 275
528 551 218 275 219 79
91 4 217 642 219 64
88 4 217 640 219 79
90 1 190 214 2 213 218 274
517 87 2 203 218 276 219 72
525 564 218 275 219 65
85 43 407 174
86 58 248 613
518 92 24 105 218 274 219 65
87 650 272 218 289
85 19 217 274 219 69 218 422
85 7 248 375 218 275
515 86 21 120 218 275 219 66
85 4 621 219 79 218 274
85 43 49 580
87 4 365 219 71
87 652 33 263 218 281
88 35 579 218 274
91 1 174 214 2 203 218 276
86 49 248 105 218 288
90 13 219 68 218 280
87 43 402 188
90 43 24 118 214 2 209 95
87 25 389 218 290
88 58 609 218 533
517 91 12 441 218 284 219 66
84 43 14 612
91 43 405 354
87 650 261 218 288
87 43 35 587 218 289
92 650 273 218 275
85 13 219 65 218 288
514 86 22 542 218 275
524 558 218 279 219 64
85 650 268 218 280
516 84 35 611 218 279 219 71
88 43 25 399 324 218 274
87 36 248 372
85 1 176 214 2 213 218 276
518 447 218 279
518 84 25 185 218 278
90 43 58 605 218 532
91 43 248 612 95
92 19 217 290 218 354
87 43 11 387 214 2 205 95
87 1 178 214 2 211 218 288
88 43 58 248 600 218 533
85 19 217 280 219 68 218 422
87 43 58 248 611 218 535
519 88 5 248 371 218 274
517 84 36 613
91 19 217 280 219 72 218 425
87 43 46 540 218 532
518 85 24 104 218 535 219 64
91 652 33 261 218 280
91 23 111 218 534
84 43 417 186
513 87 21 106 218 275 219 64
84 43 248 148 95
92 43 6 248 130 218 274
84 43 248 440 95
92 23 118 218 275
516 90 58 611
518 86 1 190 214 2 204
84 43 49 181 218 284
519 88 25 400
87 35 248 611
84 43 25 384 322 218 281
519 90 1 168 214 2 203
85 35 581 218 290
87 43 408 126
517 84 24 118 218 533 219 66
92 43 248 608 95
91 43 4 634 218 275
84 43 248 439 95
517 88 1 172 214 2 202
86 35 618 218 274
90 4 217 627 219 64
91 58 617 218 533
84 46 248 137 218 535
234 308 54 218 290
86 43 12 248 375 218 274
86 43 7 248 137 218 275
234 392 650 316
515 88 46 137 218 535 219 68
515 92 21 371 218 275 219 69
84 12 468 218 290
43 4 217 621
92 12 462 218 290
518 88 21 376 218 275 219 79
529 557 218 274 219 64
88 4 638 219 68 218 279
90 43 25 395 318 218 288
88 43 25 399 323 218 275
514 88 46 375 218 275 219 65
86 24 105 218 533
516 87 14 613
88 43 22 104 214 2 205 95
92 23 111 218 274
88 43 11 117
87 43 25 390 320 218 276
519 87 46 540 218 274
515 91 1 149 214 2 208
90 43 25 386 315 218 279
517 87 25 391 218 290
91 43 23 118 214 2 203 95
86 43 36 379 214 2 212 95
90 4 368 219 78
86 7 248 137
92 19 217 279 219 70 218 427
516 90 22 375 218 533
87 1 175 214 2 211 218 284
516 84 50 354 218 275 219 71
92 4 647 219 71 218 275
88 43 25 392 324 218 280
84 247 33 273 218 274
87 4 351 219 72
90 1 248 182
88 12 471 218 276
519 92 36 432 218 289 219 64
92 1 182 214 2 212 218 288
85 43 248 379 95
513 92 7 248 375 218 274
522 556 218 281 219 78
515 87 1 184
86 650 265 218 275
521 544 218 281 219 79
513 90 2 210 218 276 219 69
84 649 499 267
88 43 248 383 95
84 36 248 393 218 289
86 35 574 218 281
92 650 260 218 279
91 650 261 218 289
87 43 25 393 319 218 276
86 43 4 643 214 2 203 95
517 446 218 280
517 87 50 385 218 274 219 68
91 13 219 78 218 274
515 90 22 248 124 218 532
515 92 4 248 353 218 274
515 84 21 374 218 275 219 67
92 649 495 264
88 13 219 70 218 279
91 43 24 111 218 534
88 43 24 248 120 218 275
90 19 217 279 218 423
86 43 25 389 321 218 288
86 19 217 288 218 425
88 43 420 587
91 12 460 218 275
85 43 25 390 321 218 289
84 4 217 640 219 79
513 90 23 111
515 92 12 438
91 650 264 218 281
86 19 217 280 218 354
518 90 5 106 218 274 219 79
87 43 7 137
86 4 217 638 219 71
91 19 217 276 219 70 218 366
85 649 495 269
86 43 50 248 604 218 532
85 649 498 262
513 86 46 248 375 218 535
86 652 33 272 218 281
84 23 248 105
91 35 569 218 289
518 84 14 248 611 218 534
84 19 217 290 219 72 218 431
84 43 25 391 318 218 290
88 650 269 218 280
88 43 11 387 218 532
92 43 404 384
91 4 352 219 66
84 35 569 218 284
86 13 219 72 218 284
91 43 421 584
86 12 471 218 274
84 43 46 137 218 534
86 4 353 219 67
515 455 218 288
513 86 5 248 371 218 275
84 5 248 106 218 275
513 92 22 148
87 19 217 284 218 358
86 650 260 218 280
88 12 464 218 284
91 43 25 386 321 218 289
90 25 248 187
92 49 248 379 218 274
88 12 460 218 280
92 43 413 151
90 35 570 218 280
85 12 248 438
234 395 650 319
519 84 7 375
85 649 481 272
86 43 248 399 95
84 19 217 280 219 68 218 354
513 85 23 105 218 275
516 92 1 187 214 2 204
520 561 218 279 219 78
234 399 650 324
92 12 469 218 280
86 43 22 248 121 218 532
85 43 6 382 218 274
515 448 218 284
515 84 58 620 218 534 219 79
525 559 218 289 219 79
90 19 217 281 218 354
516 87 1 172 214 2 203
86 19 217 284 219 69 218 425
84 247 33 264 218 279
516 84 25 392 218 290
518 87 36 248 108 218 274
88 25 178 218 290
91 43 404 579
92 43 248 106 95
519 90 24 105 218 532 219 79
85 43 7 248 138 218 274
90 1 182 214 2 203 218 289
85 1 175 214 2 212 218 280
514 88 4 365 218 279
87 649 475 261
84 50 248 566 218 534
519 91 5 106 218 274 219 65
84 12 469 218 276
531 559 218 284 219 79
88 19 217 276 219 78 218 358
84 43 12 248 348 218 288
87 43 35 610 214 2 213 95
514 91 22 248 117 218 275
84 22 248 126
90 650 261 218 274
515 457 218 275
90 14 620 218 535
85 650 272 218 275
85 1 183 214 2 205 218 280
88 650 264 218 289
88 43 1 182
529 557 218 274 219 67
518 92 21 371 218 275 219 67
84 43 406 213
524 546 218 275 219 65
84 43 248 350 95
90 43 25 388 315 218 276
86 22 248 538 218 534
518 88 25 248 204 218 290
87 50 248 386
87 43 22 104 218 534
90 19 217 281 218 431
90 35 572 218 284
513 84 1 181 214 2 212
87 649 505 273
514 90 24 104 218 534 219 70
92 1 248 188 218 276
91 43 36 440 214 2 205 95
84 43 410 601
86 43 7 137 214 2 202 95
515 88 1 248 174 218 284
521 547 218 284 219 79
85 4 217 642 219 69
514 91 21 371 218 275 219 66
84 43 50 102 214 2 210 95
92 4 362 219 70
91 650 265 218 274
91 4 647 219 69 218 281
85 4 368 219 78
87 14 600 218 533
87 43 35 597 214 2 211 95
92 43 403 539
87 649 500 268
84 19 217 279 219 71 218 354
513 85 11 397
87 12 248 441 218 276
513 84 35 569 218 280
87 43 25 390 317 218 284
87 25 384 218 278
87 650 261 218 290
515 90 1 168 214 2 212
517 86 46 137 218 534
92 650 263 218 281
92 19 217 290 218 425
92 43 248 605 95
85 43 50 579 218 274
86 35 393 218 290
90 43 248 126 95
87 43 25 384 318 218 281
84 43 408 384
88 19 217 288 219 66 218 427
84 4 634 219 72 218 276
92 4 352 219 65
92 43 248 575 95
84 1 178 214 2 208 218 275
88 36 607 218 290
85 43 248 602 95
519 85 21 130 218 275 219 67
518 92 1 188 214 2 204
92 25 248 390 218 278
91 12 460 218 279
92 43 25 391 315 218 276
92 35 574 218 288
520 544 218 276 219 65
90 4 627 219 69 218 284
515 91 1 149 214 2 204
84 7 248 138
92 19 217 276 219 70 218 358
84 4 633 219 65 218 274
90 650 261 218 280
92 43 11 248 388 218 535
88 5 248 106
519 90 6 248 137 218 274
84 43 25 386 324 218 281
526 547 218 284 219 64
516 87 22 248 532 218 534
88 43 5 371 218 288
92 50 601 218 534
88 24 111 218 275
92 58 248 607 218 533
92 4 217 633 219 79
92 4 217 638 219 79
517 91 23 118 218 534 219 69
88 43 58 609 218 533
92 43 50 539
91 652 33 261 218 281
90 43 25 391 322 218 288
86 43 5 130 214 2 213 95
84 43 49 579
516 91 36 248 400 218 288
85 4 356 219 67
84 6 248 130 218 274
92 4 642 219 67 218 290
85 4 352 219 72
92 43 24 120 214 2 208 95
87 12 471 218 274
516 85 21 375 218 275 219 70
518 454 218 274
92 43 1 183 218 274
515 86 23 120 218 534
87 4 639 219 64 218 276
92 43 25 384 320 218 275
85 1 248 176
92 35 567 218 290
84 4 217 621 219 78
84 43 25 385 321 218 288
517 86 1 190 214 2 211
88 43 411 434
92 6 248 137
519 88 21 371 218 275 219 66
517 92 22 117 218 533 219 66
516 445 218 281
518 87 49 248 174 218 288
92 35 569 218 276
516 86 11 248 397 218 534
88 19 217 288 219 68 218 430
90 43 36 376 214 2 205 95
85 14 611 218 275
88 1 149 214 2 209 218 274
91 649 506 262
518 84 5 248 106 218 274
518 91 1 149 214 2 212
88 12 248 332 218 279
90 12 471 218 276
92 43 248 578 95
86 19 217 275 218 425
234 395 650 323
86 652 33 267 218 290
85 651 33 261 218 284
87 43 23 120 214 2 204 95
91 4 624 219 78 218 288
516 86 22 248 532 218 533
85 43 14 602 214 2 212 95
88 649 501 265
92 43 12 108 218 274
513 88 35 248 567 218 279
88 13 219 70 218 288
84 25 174 218 290
515 92 49 108 218 290
517 91 1 178 214 2 208
515 448 218 275
87 1 172 214 2 210 218 288
87 43 25 384 318 218 288
513 92 11 400
84 35 565 218 280
84 1 187 214 2 208 218 281
88 19 217 274 219 71 218 358
87 43 24 105 214 2 211 95
91 12 462 218 280
85 4 638 219 78 218 274
88 653 33 265 218 284
513 456 218 280
86 36 248 383
88 43 411 146
85 4 643 219 65 218 276
88 13 219 65 218 279
92 4 633 219 69 218 276
518 88 1 190 214 2 205
517 84 14 248 608 218 533
84 43 25 387 324 218 274
517 87 50 605 218 283 219 68
514 90 35 532 218 274
514 91 4 248 642 218 274
85 4 217 623 219 79
87 19 217 290 219 69 218 425
87 19 217 290 219 68 218 426
88 12 248 349 218 284
515 88 14 605 218 275 219 68
92 19 217 290 219 72 218 426
90 1 176 214 2 210 218 284
92 43 46 137 218 535
84 35 577 218 275
91 1 175 214 2 203 218 275
92 35 567 218 275
88 58 248 600
86 650 265 218 288
88 1 175 214 2 202 218 290
88 649 507 261
91 36 539 218 290
88 35 566 218 289
90 649 509 268
517 85 21 372 218 275 219 69
86 652 33 272 218 276
90 43 248 574 95
88 650 260 218 274
516 88 35 389
514 90 5 106
91 649 483 269
513 86 21 120 218 275 219 71
90 19 217 274 218 427
92 43 25 400 318 218 279
516 91 36 580 218 274 219 64
518 90 35 248 368 218 279
84 4 638 219 78 218 280
90 19 217 274 218 423
85 43 416 393
92 652 33 260 218 279
85 43 410 605
91 2 213 218 284
91 649 475 268
87 12 473 218 276
519 90 50 578
91 43 25 387 315 218 284
86 36 106 218 290
91 649 486 267
84 247 33 273 218 280
85 43 248 576 95
84 4 217 627 219 70
88 1 188 218 284
87 649 510 262
524 555 218 284 219 78
92 43 24 105 214 2 205 95
88 19 217 275 219 78 218 431
85 4 621 219 68 218 275
88 14 619 218 275
92 25 248 386
515 86 7 248 375 218 274
514 91 58 248 610 218 274
90 650 262 218 279
87 19 217 274 219 65 218 430
84 24 248 105 218 532
91 25 248 362 218 290
519 92 23 105
92 43 25 387 315 218 281
517 87 50 375 218 533
234 298 54 218 288
519 92 21 372 218 275 219 72
91 4 355 219 79
87 19 217 279 219 70 218 431
518 86 1 176 218 284
92 43 248 432 95
87 43 25 391 324 218 279
514 85 1 174
516 84 46 137 218 534 219 68
524 547 218 275 219 64
516 92 46 104 218 274
88 43 36 365 214 2 211 95
92 43 12 248 443 218 290
90 4 217 621 219 64
515 92 36 538
519 90 1 149 214 2 211
86 649 482 263
517 90 6 248 371 218 288
85 650 263 218 284
514 90 50 248 376 218 532
90 19 217 289 218 426
90 4 634 219 72 218 281
529 560 218 281 219 65
517 84 21 382 218 275 219 69
85 12 468 218 290
517 88 50 606 218 535 219 79
87 13 219 66 218 288
85 4 217 622 219 70
87 35 565 218 275
515 92 1 177 214 2 204
87 24 248 105 218 534
85 43 12 443
84 1 186 214 2 210 218 289
88 43 25 389 321 218 279
87 43 36 541 214 2 210 95
88 50 248 441
85 4 368 219 70
514 85 25 213
524 550 218 288 219 69
519 85 12 248 340 218 289
513 85 1 182 214 2 204
513 90 1 151 214 2 205
92 4 640 219 65 218 280
88 43 1 248 182 218 276
91 4 640 219 67 218 279
513 86 2 248 209 218 274
519 446 218 281
515 90 35 248 353 218 279
91 43 12 147 214 2 205 95
86 4 365 219 78
527 549 218 284 219 68
86 1 185 214 2 203 218 275
86 14 248 608
84 1 181 214 2 210 218 284
92 43 11 248 116 218 532
87 650 269 218 289
84 43 406 438
86 12 432 218 289
86 46 137 218 532
88 50 442 218 535
234 391 650 324
87 19 217 289 218 425
84 43 4 248 639 218 275
515 91 21 373 218 275 219 78
516 88 1 185 214 2 213
513 88 14 248 606 218 275
92 650 260 218 280
517 92 1 154 214 2 211
92 43 46 104 214 2 208 95
519 85 21 382 218 275 219 67
90 4 217 627 219 65
92 19 217 276 219 71 218 422
516 87 23 118 218 275 219 71
90 43 49 586 218 280
85 650 264 218 274
514 87 1 149 214 2 203
85 43 25 248 176 218 278
87 4 217 627 219 66
87 43 248 589 95
523 550 218 284 219 69
519 85 11 395 218 274
518 87 25 248 351 218 290
86 43 12 348 218 275
88 19 217 290 218 366
90 12 472 218 284
515 92 1 151 214 2 213
85 43 14 620
517 91 1 177 214 2 202
86 1 183 214 2 209 218 281
91 12 461 218 288
85 4 642 219 69 218 275
518 88 6 137 218 288 219 71
84 43 25 385 214 2 204 95
87 649 509 261
513 87 22 124 218 532
84 35 572 218 276
91 43 24 118 218 275
514 86 1 149
84 19 217 280 218 422
86 14 248 613 218 275
85 43 248 106 95
88 43 23 118 214 2 213 95
234 308 54 218 288
84 5 248 371 218 275
87 4 368 219 70
87 5 106 218 275
84 24 248 120
92 4 217 642 219 72
84 4 217 639 219 69
518 85 21 382 218 275 219 65
90 1 149 214 2 211 218 279
90 650 264 218 288
526 563 218 288 219 67
91 650 269 218 290
88 36 248 146
518 88 36 581 218 280
91 43 25 392 318 218 276
87 650 262 218 290
86 43 25 393 315 218 279
90 43 25 399 319 218 275
92 35 580 218 290
519 85 14 618 218 274
86 13 219 78 218 290
87 35 578 218 290
530 550 218 275 219 71
513 92 36 384 218 289
92 43 36 610
514 90 2 210 218 274
86 49 184 218 281
516 445 218 288
514 86 49 617 218 289
90 12 469 218 279
518 90 21 372 218 275 219 66
517 91 6 371 218 275
514 91 58 617 218 274 219 79
531 559 218 288 219 64
515 85 49 186
90 43 7 248 130 218 288
84 4 217 634 219 70
516 92 5 130 218 275 219 66
92 35 248 605
86 43 12 335 214 2 210 95
518 84 58 248 611 218 274
84 649 510 260
525 551 218 279 219 71
87 22 542 218 275
515 90 21 130 218 275 219 67
86 1 181 214 2 209 218 289
513 86 25 248 172 218 278
516 92 7 375 218 288
85 1 185 214 2 204 218 274
86 43 418 352
513 87 1 151 214 2 204
91 58 616 218 534
518 84 36 248 146 218 280
92 4 355 219 68
88 650 263 218 275
513 86 7 130 218 288
86 652 33 267 218 289
84 23 248 111
91 4 370 219 78
84 4 640 219 65 218 275
88 43 417 620
84 1 187 214 2 205 218 289
90 4 639 219 72 218 279
518 86 21 379 218 275 219 72
513 92 1 175
513 86 24 248 105 218 535
86 12 465 218 284
513 90 11 248 399 218 274
84 2 248 208
518 91 1 182 214 2 203
514 87 1 183 214 2 202
85 4 354 219 79
88 1 168 214 2 208 218 289
86 13 219 68 218 288
91 43 25 393 323 218 281
85 650 265 218 289
87 43 25 186
92 43 25 384 320 218 288
85 43 25 354 218 278
515 86 4 352 218 275
514 87 1 150 218 274 219 79
86 12 459 218 276
525 546 218 276 219 68
513 86 1 150 214 2 211
84 35 575 218 290
92 43 25 392 315 218 288
92 22 248 542
90 4 621 219 68 218 279
92 649 477 261
514 88 24 104 218 532 219 71
84 43 49 248 611 218 281
85 12 471 218 290
91 649 507 265
86 43 46 248 104 218 533
90 650 260 218 274
88 43 5 371
90 19 217 290 218 424
513 91 58 612
85 1 174 214 2 208 218 280
519 86 1 186 214 2 203
85 19 217 279 218 427
518 85 36 438 218 284 219 79
84 43 36 375 214 2 208 95
87 12 473 218 280
84 1 248 181
92 43 25 397 317 218 275
515 88 7 248 138 218 288
513 85 21 375 218 275 219 66
91 4 622 219 65 218 290
91 13 219 64 218 280
88 650 273 218 281
88 43 25 395 324 218 280
518 88 1 184 214 2 213
85 11 384 218 533
515 84 23 248 105 218 274
513 87 21 373 218 275 219 65
87 43 49 248 574 218 288
91 4 633 219 72 218 275
91 35 567 218 290
92 13 219 70 218 279
88 35 572 218 290
518 87 21 375 218 275 219 72
92 19 217 290 218 358
513 85 21 373 218 275 219 71
513 455 218 288
91 11 384 218 532
91 22 532 218 274
234 296 54 218 280
88 43 22 536 218 532
516 452 218 284
90 4 643 219 64 218 280
513 84 5 106
513 448 218 281
88 4 642 219 78 218 289
514 91 1 172 214 2 205
92 43 25 395 331 218 290
90 43 36 579 214 2 212 95
90 1 182 214 2 213 218 275
88 35 580 218 281
84 43 25 384 320 218 275
86 58 609 218 534
87 649 509 272
88 22 248 117
90 49 130 218 281
85 13 219 65 218 284
43 4 217 639
91 649 490 273
86 35 581 218 280
514 85 1 190 218 274
88 19 217 289 219 68 218 424
85 43 248 384 95
529 553 218 279 219 67
88 43 58 618
84 4 355 219 72
513 85 50 613
92 1 150 214 2 203 218 274
87 36 391 218 279
91 43 12 108 214 2 212 95
90 1 151 214 2 210 218 274
84 13 219 67 218 279
514 92 5 371
85 1 187 214 2 213 218 280
92 43 23 118 218 533
514 84 46 137 218 535 219 65
90 19 217 280 219 64 218 366
515 90 2 248 213 218 276
519 85 21 130 218 275 219 69
517 87 21 130 218 275 219 71
86 43 14 617 214 2 203 95
518 90 1 176 214 2 202
90 1 248 184
87 650 269 218 280
86 19 217 284 219 65 218 422
519 91 7 375 218 275 219 65
92 4 354 219 65
86 35 569 218 276
87 13 219 70 218 274
91 43 35 589 214 2 211 95
87 652 33 265 218 275
88 19 217 281 219 72 218 427
84 43 36 573 218 284
86 13 219 71 218 275
90 25 248 208 218 290
87 13 219 67 218 276
90 19 217 280 219 78 218 358
91 4 638 219 70 218 290
519 92 12 108 218 275 219 67
84 35 574 218 290
518 87 4 352
518 85 24 248 104 218 275
84 650 268 218 288
91 43 22 538
519 86 24 120 218 532
519 87 14 248 613 218 532
517 90 14 605
90 35 578 218 276
513 87 25 178 218 278 219 69
88 43 25 387 322 218 276
86 650 268 218 281
84 49 248 375
517 87 23 105 218 532
87 19 217 274 219 72 218 425
519 84 1 151 214 2 211
90 43 402 566
92 12 467 218 275
519 92 49 352 218 289 219 79
517 92 14 248 611 218 535
514 448 218 290
84 43 404 365
85 50 248 104 218 283
86 4 354 219 69
519 86 23 120 218 274 219 71
518 85 11 248 400 218 532
86 43 6 248 382 218 275
84 35 568 218 289
91 650 265 218 284
516 87 21 371 218 275 219 70
92 49 248 568
86 4 643 219 65 218 280
91 649 501 264
515 84 5 130 218 275 219 78
87 4 355 219 68
90 652 33 273 218 284
90 25 248 151 218 290
513 88 35 434 218 288
90 19 217 274 219 65 218 424
92 43 25 395 315 218 289
87 35 566 218 280
91 43 415 154
92 650 264 218 280
86 4 366 218 275
513 90 21 120 218 275 219 71
87 2 248 203
88 649 488 272
86 11 248 310
516 86 12 332 218 275 219 79
518 90 1 149 214 2 208
86 19 217 274 218 425
518 92 5 130 218 274 219 67
84 4 647 219 70 218 275
92 13 219 64 218 280
88 19 217 274 219 68 218 422
87 11 248 387 218 533
90 19 217 284 218 366
518 84 1 149 214 2 205
86 43 36 248 351 218 274
84 43 248 354 95
87 43 25 210
516 84 21 373 218 275 219 68
92 4 633 219 65 218 274
90 12 463 218 284
84 43 23 105 214 2 212 95
85 43 2 248 205 218 274
525 546 218 279 219 78
88 43 49 248 569 218 276
86 4 642 219 69 218 281
513 88 21 373 218 275 219 79
90 19 217 289 219 67 218 423
91 650 265 218 279
518 85 1 183 218 284 219 69
88 35 575 218 275
84 43 25 388 321 218 274
86 652 33 260 218 290
92 2 208 218 276
90 43 25 384 315 218 288
519 90 1 190 214 2 209
92 1 184 214 2 212 218 288
84 6 248 382 218 274
85 2 202 218 274
84 4 622 219 65 218 290
86 4 366 219 67
519 84 35 441
519 88 2 202
87 4 248 633 218 274
87 43 25 385 331 218 288
86 43 5 371 214 2 211 95
517 92 11 384 218 274
86 649 493 265
92 4 623 219 71 218 276
87 43 248 400 95
516 454 218 284
516 92 1 187 214 2 210
90 19 217 275 218 424
87 1 183 214 2 212 218 280
86 43 7 137 214 2 208 95
91 650 263 218 280
517 85 11 395
88 43 412 567
90 19 217 275 219 64 218 422
518 92 21 374 218 275 219 72
517 86 22 117 218 533
519 92 25 248 151 218 278
518 85 1 183 214 2 212
85 4 362 219 72
91 43 2 248 204 218 275
514 85 58 602
515 85 22 542
92 4 355 219 67
519 88 58 613 218 275
518 84 36 248 354 218 288
88 43 248 538 95
88 13 219 69 218 276
86 19 217 281 219 68 218 430
92 652 33 264 218 276
84 13 219 69 218 279
88 43 248 390 95
90 649 483 268
513 85 12 248 348 218 276
86 43 46 248 137 218 275
90 652 33 261 218 279
518 85 21 383 218 275 219 67
515 90 49 381 218 288
85 43 50 387
90 46 248 540
84 13 219 68 218 279
91 649 498 265
86 19 217 284 219 79 218 422
87 12 468 218 274
514 90 2 204
87 19 217 276 219 70 218 425
88 43 25 391 322 218 289
519 447 218 276
84 43 25 391 331 218 284
85 43 248 389 95
92 46 540 218 275
90 35 248 397
523 553 218 274 219 66
88 43 23 104
92 4 353 219 69
513 86 2 202 218 274
92 1 188 214 2 212 218 274
92 43 25 395 317 218 275
86 19 217 274 219 79 218 423
92 43 411 376
515 84 21 371 218 275 219 71
518 91 6 137
92 43 50 536 218 533
90 43 414 130
513 90 21 130 218 275 219 71
87 43 25 352
88 1 181 214 2 211 218 276
84 43 25 248 154 218 278
84 12 468 218 275
518 91 5 106
519 92 36 248 607 218 276
516 86 4 248 366 218 279
518 84 21 120 218 275 219 72
87 43 408 125
84 43 25 399 318 218 289
519 86 11 384 218 533
88 35 566 218 284
86 19 217 279 218 425
85 25 248 385
90 13 219 65 218 281
513 86 21 106 218 275 219 68
515 85 21 371 218 275 219 72
518 90 1 184 214 2 202
86 43 1 248 176 218 274
519 85 1 188 214 2 204
515 88 24 104
92 25 213 218 290
85 1 184 214 2 213 218 284
87 43 49 616
88 4 352 219 68
91 14 248 605
517 450 218 288
90 43 25 393 319 218 289
91 43 6 248 371 218 274
90 5 106 218 274
92 13 219 69 218 281
85 22 539 218 535
234 390 650 321
92 19 217 281 219 71 218 425
516 447 218 275
84 35 581 218 275
518 86 1 149 214 2 209
519 87 23 248 118 218 535
85 649 507 272
514 85 7 248 130 218 275
84 4 217 623 219 69
91 43 403 368
88 58 603 218 274
87 43 411 150
92 12 472 218 281
86 6 371 218 274
92 19 217 275 219 78 218 431
88 43 36 570 214 2 213 95
91 43 248 613 95
513 84 2 211
88 36 248 575
515 91 58 618
87 43 25 385 319 218 274
86 650 261 218 276
513 90 4 248 350 218 279
87 4 366 219 64
519 88 46 248 137 218 533
92 652 33 273 218 290
85 649 511 265
86 43 25 393 315 218 289
530 545 218 280 219 70
91 649 512 260
519 87 2 212 218 276
516 90 6 382 218 275
518 92 2 210 218 284
85 43 5 130 218 274
513 87 46 104 218 532
87 652 33 263 218 279
518 88 58 611 218 274
86 12 462 218 281
519 86 14 605 218 534 219 68
513 88 7 138
517 84 1 178 218 284
88 43 23 248 111 218 275
87 13 219 78 218 276
92 13 219 64 218 276
92 1 248 182 218 276
90 43 6 382 218 288
515 87 4 353
88 43 24 120 214 2 211 95
85 43 408 183
92 1 154 214 2 205 218 280
527 559 218 288 219 79
90 43 46 248 137 218 533
516 86 25 177 218 290 219 69
88 43 248 604 95
522 554 218 288 219 65
92 4 217 626 219 71
88 50 248 384 218 533
85 49 248 569
86 4 352 219 64
92 4 638 219 78 218 276
86 4 623 219 70 218 289
92 12 472 218 274
87 650 273 218 289
90 43 25 388 321 218 275
514 457 218 276
88 649 477 272
88 43 22 248 105 218 533
85 43 25 389 315 218 280
86 43 25 389 324 218 289
84 13 219 67 218 290
85 12 462 218 275
85 1 184 214 2 213 218 289
515 86 36 536
87 19 217 281 219 65 218 426
91 35 571 218 290
514 87 35 601
91 35 248 373
518 91 22 148 218 532 219 68
514 88 12 443
84 4 627 219 67 218 279
84 19 217 276 219 70 218 427
516 91 4 352 218 274
85 4 634 219 65 218 280
517 86 21 130 218 275 219 64
87 23 248 111
86 43 35 604 214 2 210 95
85 22 536 218 533
91 4 362 219 70
91 43 418 579
518 87 14 603 218 276 219 66
86 1 178 214 2 212 218 290
517 88 4 353 218 274 219 79
87 12 461 218 280
85 650 265 218 279
92 43 46 375 214 2 210 95
91 11 248 296
84 43 11 248 387 218 532
515 91 1 182 214 2 209
517 88 21 376 218 275 219 71
514 91 14 618
87 19 217 289 219 79 218 422
85 1 150 218 275
86 1 174 214 2 203 218 284
513 90 49 609
88 43 12 248 375 218 280
517 91 4 622 218 274 219 72
513 88 21 376 218 275 219 66
92 43 25 393 322 218 276
517 86 5 248 106 218 275
513 88 49 177 218 275
84 4 639 219 65 218 289
86 19 217 280 219 70 218 354
517 84 36 608 218 279 219 71
518 87 21 371 218 275 219 79
90 649 498 260
85 1 248 184
85 58 605 218 275
85 12 471 218 276
91 650 260 218 276
92 650 261 218 288
90 43 412 615
86 49 248 125
513 85 2 210
91 43 46 248 540 218 274
84 50 597 218 533
84 649 509 262
92 43 14 605 214 2 211 95
88 1 168 214 2 203 218 280
516 84 21 373 218 275 219 79
85 43 35 600 218 290
517 87 21 375 218 275 219 72
88 35 566 218 288
92 35 576 218 279
88 12 462 218 288
87 12 462 218 284
87 4 217 623 219 71
90 1 181 214 2 203 218 275
86 13 219 67 218 284
518 91 21 373 218 275 219 67
88 4 621 219 67 218 288
86 19 217 281 218 427
85 35 570 218 275
90 43 25 386 321 218 281
234 393 650 317
91 1 185 214 2 204 218 280
527 549 218 290 219 67
516 88 1 150 214 2 205
516 92 1 185 214 2 209
87 35 580 218 289
85 12 459 218 290
92 4 354 219 78
234 390 650 316
86 43 58 619 218 535
88 1 154 214 2 202 218 288
88 1 174 214 2 210 218 288
87 4 628 219 67 218 281
515 84 21 130 218 275 219 65
519 454 218 274
90 650 262 218 275
85 35 248 578 218 275
518 87 2 203 218 274 219 78
514 88 14 620
91 19 217 276 218 366
516 86 25 352 218 290 219 64
514 84 58 618 218 532 219 66
517 90 21 379 218 275 219 79
517 88 1 187 214 2 204
92 650 265 218 274
87 43 46 248 137 218 274
84 12 468 218 281
85 12 462 218 279
514 86 49 362 218 284
85 4 248 624 218 279
88 19 217 279 219 64 218 430
513 91 23 105 218 275 219 72
87 43 35 248 438 218 275
517 84 21 383 218 275 219 78
519 456 218 276
516 84 50 386
516 87 21 374 218 275 219 79
90 4 352 219 69
87 43 6 248 130 218 275
92 43 49 538
86 12 473 218 284
91 13 219 79 218 284
518 86 5 130 218 274 219 70
514 88 46 375
88 4 217 642 219 71
87 35 575 218 279
84 43 2 209 218 274
90 19 217 281 219 78 218 425
520 547 218 280 219 65
87 19 217 280 218 427
526 560 218 279 219 79
517 88 5 371
518 444 218 288
87 4 217 624 219 79
87 1 187 214 2 210 218 279
518 88 50 616
88 12 464 218 279
84 12 471 218 276
513 450 218 274
86 43 25 397 315 218 279
514 85 7 248 137 218 288
91 35 248 542
91 4 638 219 69 218 289
513 85 7 248 130 218 274
514 457 218 290
87 650 273 218 274
87 4 217 622 219 78
87 35 440 218 288
88 43 35 248 584 218 280
90 4 640 219 71 218 290
514 85 1 183 214 2 202
92 19 217 280 218 366
87 4 639 218 276
84 43 404 351
85 650 263 218 290
91 19 217 279 219 79 218 358
87 43 7 248 130 218 274
92 11 393 218 534
90 649 481 268
91 12 471 218 289
519 86 50 356 218 283
92 650 273 218 284
517 87 49 572 218 289 219 78
87 5 248 106
516 92 14 135 218 275 219 67
517 91 36 248 613 218 289
519 87 25 172 218 290 219 71
85 43 7 248 130 218 288
84 4 356 219 66
86 43 4 354
92 19 217 274 218 423
86 652 33 273 218 274
86 4 627 219 65 218 284
87 43 248 566 95
92 19 217 289 218 430
85 43 4 366
519 452 218 284
86 43 35 353 214 2 205 95
88 43 25 392 331 218 290
92 43 408 532
91 23 248 104
92 652 33 263 218 276
91 43 2 213 218 284
87 4 624 219 66 218 290
92 12 460 218 275
516 447 218 279
92 649 485 263
85 12 468 218 288
514 90 50 541 218 534
85 650 265 218 276
516 86 11 399 218 535
87 1 168 214 2 212 218 276
84 43 7 130 218 288
86 649 474 267
86 19 217 275 219 69 218 430
513 84 1 184 214 2 210
86 19 217 288 218 426
515 85 24 248 120 218 534
91 43 248 575 95
86 36 102 218 280
90 43 58 605
84 12 473 218 279
88 43 421 441
234 392 650 331
88 19 217 276 219 72 218 426
92 12 459 218 289
88 35 575 218 281
86 19 217 280 218 358
517 85 50 353 218 283 219 72
516 88 21 374 218 275 219 65
86 25 248 182
514 451 218 276
88 4 640 219 65 218 274
86 12 471 218 275
84 35 572 218 274
514 448 218 281
87 43 1 248 177 218 284
91 43 25 399 318 218 281
84 43 25 387 331 218 280
87 43 25 248 385 218 278
86 649 494 273
518 85 24 111 218 535 219 66
92 12 473 218 284
513 448 218 290
92 43 12 146 218 276
92 43 11 400 214 2 204 95
91 43 411 387
513 88 1 184 214 2 212
517 91 36 577 218 276
516 91 21 383 218 275 219 72
516 87 21 371 218 275 219 65
87 12 472 218 284
517 453 218 284
86 43 11 248 385 218 534
87 12 467 218 290
86 4 628 219 66 218 279
92 19 217 275 219 67 218 427
84 1 151 214 2 211 218 289
519 91 21 120 218 275 219 65
87 13 219 68 218 281
85 43 248 579 95
513 92 21 371 218 275 219 67
87 43 2 208
87 5 248 371 218 275
85 12 465 218 279
86 4 217 639 219 72
84 4 633 219 78 218 281
518 87 1 188 214 2 213
91 43 25 400 322 218 274
87 43 411 120
90 1 178 214 2 212 218 279
519 91 22 126
91 43 248 371 95
85 4 633 219 64 218 274
91 4 350 219 67
87 43 248 148 95
513 90 14 616 218 275 219 79
90 1 186 218 274
516 92 4 248 638 218 279
86 650 269 218 275
92 43 5 371 214 2 202 95
234 294 54 218 279
87 1 248 190 218 284
513 87 21 382 218 275 219 79
520 556 218 279 219 64
92 4 368 219 66
91 43 25 392 323 218 288
519 85 49 154 218 289 219 70
84 23 248 111 218 535
90 43 50 438 214 2 203 95
92 4 634 219 64 218 280
234 390 650 318
87 649 498 262
92 35 577 218 280
88 650 262 218 281
514 86 35 248 608 218 290
92 12 467 218 281
90 43 1 248 150 218 274
88 12 464 218 275
84 1 190 214 2 211 218 288
517 85 21 371 218 275 219 70
91 43 23 120 214 2 211 95
88 43 24 111
531 544 218 280 219 70
88 653 33 267 218 280
91 43 4 248 366 218 275
84 25 248 177
84 649 494 267
513 86 21 372 218 275 219 65
92 4 622 219 67 218 280
84 19 217 274 219 64 218 366
90 1 248 149
88 12 468 218 284
513 90 12 107
529 560 218 280 219 72
513 84 7 138 218 288 219 68
519 85 24 248 120 218 532
84 4 356 219 78
524 558 218 276 219 71
91 4 217 628 219 65
86 43 25 389 324 218 279
87 43 58 611 214 2 212 95
92 5 130 218 288
519 87 58 609 218 534
88 43 25 392 317 218 284
90 43 248 354 95
519 87 11 384 218 533 219 65
85 23 248 104 218 274
518 453 218 290
90 4 621 219 70 218 280
518 87 49 168 218 284
85 24 248 104 218 532
86 12 465 218 280
85 22 539 218 274
514 450 218 276
85 43 1 151 218 284
84 650 264 218 289
515 86 35 105 218 276 219 65
85 19 217 288 219 66 218 366
515 90 2 211 218 274
91 35 577 218 279
92 650 265 218 288
518 87 21 382 218 275 219 79
85 4 634 219 79 218 280
513 92 35 565
86 12 459 218 289
90 4 628 219 69 218 281
85 651 33 261 218 280
92 649 489 262
86 1 150 218 276
515 84 1 172 214 2 208
516 92 50 541
91 43 407 613
90 36 248 353
516 88 49 583 218 288 219 65
84 1 181 214 2 212 218 288
87 25 190 218 278
86 19 217 279 218 422
88 58 248 601
90 43 46 248 540 218 533
90 1 168 214 2 204 218 284
90 24 105 218 535
92 4 217 622 219 78
85 649 506 272
514 84 35 248 600 218 275
92 652 33 261 218 284
88 4 639 219 68 218 275
91 12 462 218 274
519 92 21 382 218 275 219 78
87 43 248 532 95
88 43 248 573 95
86 7 137 218 288
515 88 21 373 218 275 219 64
85 651 33 260 218 279
91 23 104 218 532
85 13 219 78 218 288
87 43 46 375 214 2 203 95
88 1 154 214 2 211 218 274
92 4 640 219 79 218 274
90 49 248 370
516 92 12 438 218 276 219 78
91 649 497 263
84 25 353 218 290
514 84 35 362
88 43 1 172
85 25 248 351
90 43 25 384 331 218 274
84 649 478 268
87 649 495 262
88 4 623 219 65 218 275
92 25 183 218 290
513 87 12 375 218 281
531 551 218 280 219 67
88 19 217 281 219 66 218 427
88 19 217 274 219 67 218 430
84 43 25 386 322 218 279
91 4 217 623 219 72
91 13 219 70 218 279
91 43 12 432 218 274
90 12 466 218 289
517 91 50 589 218 534
514 84 35 616 218 279 219 70
88 43 4 634
87 13 219 66 218 290
514 90 24 118 218 534 219 71
86 649 481 268
88 43 49 248 182 218 281
87 35 578 218 281
85 12 469 218 289
92 25 248 174
519 92 21 120 218 275 219 66
517 444 218 280
86 4 362 219 71
84 4 640 219 72 218 280
518 88 35 581 218 275
517 87 58 620
90 43 2 248 203 218 275
519 453 218 279
85 4 248 362
88 4 366 219 72
85 4 643 219 67 218 290
90 4 354 219 78
514 88 1 150 214 2 213
92 4 633 219 65 218 290
515 85 2 210 218 276 219 71
86 36 248 613
91 43 1 176 214 2 211 95
92 58 617 218 535
519 91 58 603
91 43 25 386 324 218 289
87 4 643 219 72 218 274
87 36 248 125
87 1 174 214 2 209 218 276
92 1 181 214 2 209 218 274
84 43 25 392 317 218 284
92 1 149 214 2 212 218 276
84 43 410 536
90 43 11 296 214 2 212 95
88 649 489 268
513 84 35 609 218 290 219 64
91 43 414 375
90 649 481 267
88 19 217 275 219 64 218 431
85 1 174 214 2 211 218 274
514 84 58 608 218 534 219 79
84 46 248 375
87 650 269 218 279
516 86 49 613 218 279
513 92 23 248 104 218 532
85 19 217 275 219 67 218 424
90 1 172 218 275
515 92 1 182 214 2 202
92 35 580 218 288
513 91 22 536 218 532
87 35 568 218 284
518 92 35 248 604 218 289
84 1 187 214 2 212 218 284
85 4 354 219 64
88 43 35 248 370 218 281
84 43 23 248 120 218 535
84 6 248 382
84 35 355 218 274
91 43 25 397 316 218 290
88 653 33 261 218 284
85 4 624 219 67 218 281
91 43 4 370 218 279
86 4 248 353 218 275
87 23 111 218 275
91 43 49 609 214 2 213 95
85 4 626 219 69 218 284
519 91 21 371 218 275 219 79
513 86 58 609 218 275 219 64
519 92 35 397 218 279 219 64
86 14 248 609
85 43 58 610
92 19 217 281 219 66 218 431
516 88 1 248 151 218 274
85 649 508 261
518 90 23 120 218 532 219 72
86 43 2 248 211 218 284
87 650 267 218 281
85 4 627 219 79 218 275
517 86 23 120
515 85 49 615 218 279 219 70
523 564 218 279 219 64
86 43 25 395 316 218 284
515 90 14 248 619 218 535
84 43 2 208 214 2 202 95
518 90 1 188 214 2 202
85 1 154 218 276
519 92 1 186 214 2 210
92 35 568 218 290
517 84 1 175 214 2 212
234 384 650 322
91 649 475 269
84 43 11 388 218 274
514 92 5 248 371 218 275
518 87 25 150
88 12 471 218 280
92 43 416 175
517 85 1 178 214 2 208
92 4 623 219 69 218 275
90 649 486 262
86 43 11 248 116 218 533
88 12 471 218 284
516 85 46 540 218 535 219 68
92 12 470 218 288
92 43 22 125
86 12 468 218 280
86 4 217 647 219 69
85 43 6 130 218 288
91 6 248 130
87 12 349 218 288
84 43 25 186 214 2 210 95
517 84 5 106 218 288
87 43 24 105 218 532
88 43 248 599 95
519 88 1 248 154 218 274
91 649 481 262
518 87 2 209 218 275
519 85 25 178
92 4 639 219 72 218 275
88 49 248 351 218 289
92 46 248 375
514 88 11 395 218 535 219 68
86 43 414 576
90 19 217 289 219 72 218 425
86 43 25 400 322 218 281
91 652 33 273 218 276
92 4 638 219 66 218 276
85 4 217 634 219 66
517 92 5 248 106 218 275
88 43 35 603
90 19 217 279 219 70 218 426
92 11 248 393 218 535
91 5 130 218 275
91 23 248 118 218 534
515 85 6 137 218 274
513 87 50 600
85 19 217 279 219 71 218 430
88 1 182 214 2 211 218 276
92 43 22 248 125 218 533
514 87 58 601 218 532
518 450 218 279
86 22 248 542 218 535
514 92 12 248 348 218 279
84 19 217 284 219 67 218 426
86 36 248 536
518 85 5 130
86 43 12 442 218 284
516 85 50 382 218 275 219 78
85 12 469 218 284
85 35 581 218 275
518 92 24 105 218 274 219 68
514 90 35 397
517 88 21 373 218 275 219 66
84 43 46 104 218 532
84 19 217 275 219 69 218 427
87 19 217 289 219 78 218 423
527 547 218 288 219 68
87 35 576 218 279
84 4 623 219 68 218 274
87 4 217 642 219 72
90 4 627 219 66 218 280
88 4 622 219 71 218 288
515 86 6 130
91 12 473 218 290
517 90 21 383 218 275 219 79
91 43 23 104
516 446 218 275
90 19 217 274 219 72 218 427
521 553 218 289 219 69
85 46 248 540 218 532
86 4 217 624 219 66
84 19 217 275 219 70 218 354
91 652 33 261 218 289
87 25 248 400
88 19 217 274 219 64 218 354
92 58 248 618
87 4 248 634
529 559 218 290 219 65
90 13 219 66 218 281
88 43 24 104 214 2 203 95
85 36 600 218 289
86 7 248 130 218 288
517 90 1 186 214 2 202
519 86 46 248 375 218 532
90 4 624 218 276
87 43 7 137 214 2 203 95
84 43 4 353
91 50 121 218 535
84 13 219 65 218 279
513 91 1 150 214 2 205
90 4 350 219 65
84 35 576 218 276
519 84 1 181 214 2 212
92 19 217 281 219 64 218 427
87 43 7 375 214 2 208 95
84 43 248 597 95
88 1 154 214 2 202 218 289
88 43 25 384 321 218 280
84 25 210 218 278
91 19 217 289 218 354
516 88 4 623
90 43 406 105
88 650 272 218 280
88 43 1 174 214 2 204 95
516 86 4 248 621 218 275
517 84 35 248 108 218 281
85 43 14 610 214 2 209 95
92 4 248 627
43 4 217 638
513 452 218 281
516 91 46 540
515 87 21 371 218 275 219 79
92 43 23 104
516 84 11 386
87 652 33 273 218 275
90 19 217 288 219 65 218 423
90 25 248 178
88 43 25 388 322 218 279
88 19 217 280 218 422
86 649 488 273
91 14 616 218 276
84 43 50 442 214 2 212 95
531 558 218 279 219 68
513 87 50 108 218 283 219 79
517 91 1 149 214 2 204
513 458 218 284
92 43 4 628 218 275
516 84 49 352 218 274 219 66
91 43 417 365
519 84 21 381 218 275 219 70
85 649 480 268
90 43 46 248 375 218 274
84 19 217 284 219 67 218 430
84 4 634 219 70 218 281
516 85 24 120 218 534 219 67
513 87 2 211
234 299 54 218 281
87 43 410 584
527 549 218 281 219 78
86 2 248 209
234 387 650 321
517 85 46 540
84 12 467 218 281
519 86 1 190 214 2 202
91 43 405 350
86 1 190 214 2 203 218 274
84 247 33 273 218 289
87 43 2 209 214 2 204 95
516 90 24 120
84 1 190 214 2 213 218 275
84 4 217 624 219 78
516 84 35 376 218 289
514 450 218 275
92 19 217 288 218 423
516 91 49 183 218 280 219 72
86 19 217 290 219 79 218 427
87 43 1 175 214 2 211 95
518 87 49 602 218 275
514 92 11 116 218 535
86 1 149 214 2 211 218 280
234 397 650 320
85 4 621 219 70 218 289
91 35 568 218 274
86 5 106 218 274
519 88 22 541 218 532 219 69
91 35 574 218 275
514 452 218 280
86 4 362 219 66
84 4 217 626 219 66
522 564 218 288 219 64
514 88 4 642
84 43 25 387 323 218 279
84 35 573 218 284
92 12 461 218 276
86 43 417 439
84 2 203 218 276
92 35 578 218 274
91 58 620 218 274
87 19 217 284 219 68 218 422
516 92 1 175 214 2 203
86 43 14 617
513 87 36 443 218 290 219 64
86 12 335 218 281
84 43 7 137 218 275
513 88 35 391 218 276
90 43 49 149
88 19 217 290 218 431
513 85 22 248 117 218 274
526 548 218 288 219 68
88 13 219 78 218 281
85 649 512 272
514 450 218 288
519 85 36 569
92 12 470 218 290
86 650 260 218 284
84 4 365 219 70
88 43 35 536
528 543 218 281 219 66
515 90 21 130 218 275 219 71
514 91 36 146 218 276
91 43 25 395 318 218 279
518 85 21 379 218 275 219 71
514 87 35 434
514 457 218 288
92 5 130 218 275
518 88 1 174 214 2 202
91 35 572 218 274
91 58 248 612 218 533
86 4 248 355 218 275
234 295 54 218 275
90 12 466 218 288
527 557 218 281 219 65
514 84 4 248 628 218 274
91 58 619 218 274
92 43 11 399 214 2 204 95
88 43 248 611 95
86 43 35 541 218 288
92 649 492 267
88 43 248 381 95
88 1 185 214 2 203 218 281
88 4 217 642 219 69
88 12 472 218 281
514 90 21 383 218 275 219 79
86 43 58 615
519 86 23 248 118 218 275
91 2 205 218 275
85 43 4 356 214 2 211 95
84 43 419 583
91 43 248 572 95
92 2 204 218 284
87 58 248 602 218 535
513 87 50 538 218 274
529 552 218 289 219 64
86 4 634 219 68 218 288
92 25 175 218 290
91 43 248 542 95
519 85 1 187 214 2 209
86 43 46 104 214 2 204 95
84 19 217 284 219 69 218 424
84 1 188 214 2 212 218 290
92 43 22 117 218 275
88 43 23 248 105 218 275
86 36 248 372
519 85 14 248 608 218 532
85 35 579 218 281
87 6 248 382 218 275
84 4 248 354
84 650 272 218 290
86 43 409 615
514 92 24 111 218 533
85 43 409 108
514 92 7 375 218 288 219 70
91 35 572 218 276
86 43 35 611 214 2 210 95
86 4 628 219 72 218 290
513 86 25 393
84 19 217 280 219 72 218 430
90 12 465 218 279
92 35 571 218 280
88 35 581 218 275
92 12 473 218 280
517 85 21 120 218 275 219 65
88 50 248 440
84 43 416 536
84 1 183 214 2 212 218 279
517 86 21 382 218 275 219 65
88 19 217 274 218 354
517 84 14 248 609 218 276
90 23 248 118 218 534
87 43 2 202 218 276
516 86 11 296
91 12 467 218 280
87 43 248 392 95
515 85 58 603 218 533 219 68
515 90 1 188 214 2 203
518 84 6 137 218 274 219 78
92 43 403 541
85 22 248 103
88 43 25 400 318 218 276
87 43 25 395 320 218 276
85 14 248 610
88 649 491 261
519 88 58 248 609 218 534
517 92 21 382 218 275 219 70
90 19 217 279 218 358
85 49 610 218 289
87 4 633 219 66 218 276
515 84 25 248 355 218 278
91 43 402 536
90 43 58 602 218 274
516 84 11 385 218 274
525 556 218 289 219 68
513 455 218 280
518 92 1 176 214 2 205
86 12 467 218 288
530 546 218 281 219 68
88 653 33 264 218 290
91 43 24 248 104 218 274
91 43 25 385 315 218 274
518 92 22 248 124 218 533
86 650 268 218 284
90 12 466 218 276
86 43 248 388 95
91 43 248 376 95
88 1 149 214 2 202 218 284
87 43 408 104
86 43 1 177
513 91 21 379 218 275 219 72
84 1 176 214 2 212 218 288
84 35 567 218 280
85 24 111 218 275
90 43 25 399 318 218 290
91 43 410 583
86 1 177 214 2 210 218 274
86 649 478 260
513 87 58 248 603 218 535
513 86 1 190
88 22 541 218 534
88 43 418 569
519 86 1 187
518 91 11 392
84 649 476 269
86 4 365 219 68
88 19 217 284 218 366
518 90 36 575
90 1 190 214 2 205 218 280
84 43 46 248 104 218 275
514 88 1 154 214 2 210
84 19 217 289 218 354
519 88 22 105
86 43 25 392 324 218 284
85 12 460 218 274
91 649 483 261
85 649 499 273
88 4 217 624 219 69
84 43 11 384 214 2 213 95
43 4 217 640
513 90 24 118 218 533
85 49 248 362 218 284
518 86 21 383 218 275 219 67
514 92 23 248 120 218 535
88 11 387 218 532
91 43 23 248 118 218 534
86 43 402 366
516 88 22 103 218 274 219 78
91 19 217 288 219 68 218 423
84 43 23 104 218 275
514 87 12 248 348 218 284
86 43 50 248 371 218 274
513 88 23 111
520 560 218 288 219 72
515 91 25 181 218 278 219 67
517 86 1 184 214 2 203
91 652 33 265 218 276
92 4 217 624 219 79
92 4 634 219 64 218 281
90 19 217 288 219 70 218 427
514 86 35 620 218 281
91 19 217 288 218 425
516 90 21 373 218 275 219 67
515 455 218 276
514 84 7 130
84 4 621 219 66 218 288
88 43 417 610
92 43 248 371 95
87 43 25 388 316 218 276
84 1 188 214 2 208 218 290
86 43 12 333
84 4 248 634
84 43 23 105 218 533
91 58 611 218 274
88 1 168 214 2 213 218 276
86 35 576 218 288
87 43 58 609 218 535
234 389 650 320
513 87 2 209 218 284 219 72
87 43 1 185
88 43 5 248 371 218 274
516 88 24 104 218 533 219 65
90 1 248 151 218 284
90 43 421 532
92 50 574 218 532
518 92 2 248 211 218 274
90 43 25 392 321 218 274
90 12 332 218 279
518 86 11 386 218 533 219 68
87 46 248 137 218 275
90 4 217 621 219 72
516 88 21 120 218 275 219 68
518 91 25 172 218 278 219 64
84 649 474 269
518 450 218 284
85 43 49 539 218 284
92 43 248 126 95
90 652 33 262 218 284
518 91 1 181 214 2 210
90 5 248 371 218 275
514 90 14 620
87 43 408 395
513 88 49 248 602 218 275
87 24 118 218 274
90 649 496 268
92 1 187 214 2 203 218 284
85 4 350 219 69
522 548 218 276 219 78
90 649 509 262
518 86 1 149 214 2 203
85 19 217 274 219 66 218 424
88 43 25 385 319 218 274
92 650 260 218 290
84 4 356 219 65
86 1 178 214 2 205 218 280
85 4 217 643 219 69
514 92 14 619 218 274
85 11 248 386
87 36 601 218 284
87 4 638 219 66 218 274
88 19 217 276 218 427
86 2 248 211 218 276
517 92 35 248 539 218 281
92 650 273 218 288
84 43 23 120 214 2 208 95
90 43 35 589 214 2 204 95
85 4 621 219 66 218 279
92 14 609 218 532
517 85 12 349 218 276 219 64
515 86 11 399 218 274 219 67
90 35 567 218 274
91 13 219 68 218 284
91 43 7 130
91 14 248 609 218 535
88 1 181 214 2 204 218 280
92 7 375 218 288
92 43 14 248 135 218 276
87 35 572 218 289
87 19 217 274 219 66 218 366
87 650 273 218 284
517 85 6 248 371 218 288
91 652 33 269 218 290
513 86 4 248 626 218 279
87 12 473 218 274
513 86 1 150 214 2 202
86 13 219 68 218 290
513 92 1 174 214 2 204
88 4 370 219 79
87 649 482 262
91 43 1 154 214 2 208 95
85 651 33 267 218 275
88 43 5 106 218 288
91 19 217 281 219 69 218 426
87 43 248 536 95
90 19 217 274 218 358
518 84 49 618 218 279 219 67
88 43 24 104 214 2 212 95
84 50 248 370 218 535
92 43 25 385 324 218 276
517 85 1 181 214 2 208
85 36 248 392 218 288
513 92 58 604
86 43 248 386 95
85 12 461 218 279
513 84 1 190 214 2 203
514 85 22 121
91 19 217 288 219 78 218 431
88 43 411 120
514 91 46 137 218 274
527 550 218 284 219 70
526 545 218 275 219 65
521 548 218 290 219 65
88 13 219 69 218 280
514 85 14 600 218 274
88 4 643 219 79 218 276
92 35 570 218 290
90 43 248 108 95
90 35 574 218 288
91 649 478 273
514 92 58 620 218 534 219 66
92 46 248 540 218 275
518 91 4 624 218 274
88 43 14 248 619 218 274
91 1 186 214 2 202 218 276
519 457 218 281
91 1 187 214 2 209 218 290
84 49 439 218 284
514 86 1 151 214 2 202
86 35 581 218 290
92 43 14 248 601 218 274
527 544 218 280 219 68
86 652 33 273 218 290
517 86 5 371 218 274 219 70
91 4 351 219 71
84 49 248 107 218 280
90 4 351 219 65
87 4 639 219 67 218 279
515 87 1 187 214 2 209
88 43 23 248 111 218 274
85 651 33 265 218 274
86 43 12 340
524 557 218 276 219 66
518 91 49 374
84 43 25 400 323 218 290
92 650 267 218 289
91 19 217 281 219 69 218 431
515 86 23 104
85 4 622 219 72 218 290
84 43 23 111 218 274
86 4 217 647 219 66
515 85 21 374 218 275 219 78
86 12 461 218 275
519 84 1 174
517 84 35 532 218 274 219 71
514 84 49 248 190 218 274
517 87 21 375 218 275 219 78
519 88 2 202 218 275
519 91 1 182
84 19 217 280 219 72 218 423
85 650 267 218 280
90 43 248 620 95
91 13 219 65 218 281
515 88 2 203 218 274 219 67
515 91 7 137 218 275
85 43 402 589
514 86 21 376 218 275 219 68
88 1 181 214 2 202 218 274
90 650 262 218 289
88 43 25 397 321 218 284
519 86 21 382 218 275 219 65
84 43 49 395 214 2 211 95
87 49 248 606
87 1 149 214 2 203 218 289
87 19 217 276 219 72 218 423
92 43 6 130
514 85 46 248 375 218 275
84 1 185 214 2 213 218 275
515 92 35 376
513 87 24 104
86 13 219 78 218 275
519 85 1 182 214 2 204
519 87 1 150 214 2 205
87 649 500 260
519 86 50 248 609 218 534
518 85 58 611
90 650 267 218 290
85 19 217 288 219 70 218 358
85 35 577 218 284
85 50 248 606
92 4 350 219 71
84 43 412 176
91 19 217 290 219 72 218 425
92 19 217 279 218 431
84 7 248 138 218 288
516 90 6 248 382 218 274
518 86 1 184 214 2 205
90 43 7 138 218 288
87 4 626 219 66 218 288
517 92 2 248 210 218 284
84 22 539 218 535
86 12 460 218 276
519 91 5 130
84 4 356 219 67
86 43 35 384 214 2 213 95
234 306 54 218 284
519 84 1 172 214 2 205
527 549 218 281 219 69
90 43 25 385 318 218 279
86 4 627 219 69 218 290
92 1 182 214 2 208 218 279
513 85 36 375
516 92 4 248 643 218 279
85 43 22 126
90 43 248 601 95
92 43 7 138 218 274
513 86 21 383 218 275 219 67
531 563 218 275 219 72
90 650 261 218 284
92 43 416 353
85 43 7 138 214 2 208 95
92 43 25 384 321 218 276
518 85 21 130 218 275 219 78
516 84 2 203 218 275 219 71
87 43 7 137 218 288
85 35 572 218 274
86 4 640 219 78 218 275
92 43 46 137 214 2 203 95
516 86 24 111
92 43 403 620
90 13 219 72 218 290
84 35 576 218 284
515 84 1 190 214 2 213
87 19 217 274 219 64 218 425
518 91 36 351 218 274 219 70
92 43 25 399 320 218 290
87 12 469 218 289
513 456 218 274
84 247 33 264 218 280
514 86 4 638 218 276
530 544 218 284 219 66
516 92 58 248 616 218 274
516 85 58 248 614 218 275
84 1 149 214 2 203 218 289
86 4 217 643 219 64
84 43 11 248 310 218 535
86 4 643 219 68 218 289
516 86 23 120 218 532
518 85 23 120 218 274 219 69
519 84 12 248 334 218 284
85 19 217 279 218 424
514 85 4 350
88 11 393 218 535
90 1 183 214 2 211 218 288
88 35 581 218 290
515 92 21 379 218 275 219 70
87 650 273 218 280
88 35 571 218 280
92 46 248 540
88 1 178 214 2 204 218 275
90 43 46 540 214 2 209 95
513 87 21 379 218 275 219 71
519 87 1 182 214 2 209
87 649 483 263
88 23 248 111 218 275
84 19 217 274 218 354
518 84 23 111 218 533 219 70
92 4 365 219 78
513 92 5 248 130 218 288
84 19 217 288 219 71 218 366
88 4 642 219 78 218 275
517 92 1 248 176 218 275
87 43 35 248 608 218 280
519 456 218 290
85 43 4 368 214 2 213 95
90 35 576 218 281
86 43 11 384 214 2 213 95
90 43 411 618
517 84 21 371 218 275 219 65
515 86 21 120 218 275 219 67
519 84 21 120 218 275 219 64
88 19 217 279 218 426
84 43 403 536
517 446 218 281
90 4 639 219 67 218 280
90 43 12 348
234 392 650 323
90 35 578 218 281
88 43 25 393 323 218 290
92 43 25 393 324 218 280
87 652 33 262 218 276
86 11 296 218 533
84 4 633 219 68 218 280
85 43 2 211 214 2 202 95
84 11 248 310
519 92 1 248 187 218 275
90 35 581 218 281
87 1 181 214 2 211 218 279
516 444 218 275
86 4 352 219 72
85 50 103 218 274
85 43 25 389 321 218 290
85 19 217 279 219 72 218 431
516 88 11 384 218 535 219 66
91 43 36 385 214 2 213 95
518 91 6 382
92 14 248 612
519 92 58 248 604 218 532
92 43 405 376
92 43 248 386 95
514 91 46 248 540 218 275
516 84 21 381 218 275 219 79
514 457 218 289
513 84 21 372 218 275 219 71
519 88 1 149 214 2 204
514 447 218 281
84 1 181 214 2 212 218 290
515 92 24 248 105 218 533
86 35 577 218 281
84 650 265 218 289
92 1 190 214 2 213 218 276
87 43 22 124 214 2 202 95
87 43 248 106 95
518 85 21 375 218 275 219 64
86 43 36 608 218 275
516 91 22 104 218 275 219 71
84 4 362 219 78
515 85 21 379 218 275 219 70
517 88 50 248 610 218 535
90 650 264 218 290
90 13 219 64 218 284
91 12 462 218 279
91 4 642 219 65 218 279
84 247 33 265 218 279
87 649 478 269
517 92 21 376 218 275 219 78
85 13 219 66 218 279
92 1 183 214 2 205 218 281
86 43 24 248 120 218 532
87 1 190 214 2 205 218 290
86 43 25 395 331 218 281
88 35 580 218 289
85 43 25 391 318 218 280
87 43 14 561
234 296 54 218 288
90 1 182 214 2 213 218 281
85 19 217 280 219 70 218 426
514 85 1 172 214 2 212
88 650 269 218 275
84 43 25 248 384 218 278
88 43 248 146 95
88 12 465 218 280
92 12 470 218 289
91 1 248 150 218 276
87 36 248 130 218 276
85 43 11 248 296 218 533
85 1 168 214 2 203 218 279
86 19 217 276 218 354
88 35 579 218 275
92 4 368 219 69
87 649 504 273
92 1 184 214 2 213 218 288
91 1 175 214 2 211 218 276
86 649 481 264
513 85 1 184 214 2 205
87 1 149 214 2 205 218 275
91 4 217 638 219 69
91 650 261 218 275
87 649 491 265
84 4 623 219 79 218 284
90 19 217 281 219 66 218 431
88 4 366 219 70
87 2 248 202 218 275
92 43 2 203 214 2 213 95
514 92 1 151 214 2 202
86 43 25 385 317 218 289
85 1 151 214 2 203 218 276
87 1 177 214 2 210 218 279
84 12 461 218 289
514 86 49 376
88 43 25 384 316 218 276
92 13 219 66 218 288
86 14 248 615
515 86 46 104
84 650 260 218 279
90 4 638 219 67 218 284
90 649 479 260
517 90 35 248 615 218 281
517 90 21 379 218 275 219 78
91 12 467 218 281
85 12 470 218 275
514 452 218 274
85 14 561 218 276
84 43 24 248 104 218 533
87 43 24 248 118 218 274
91 5 248 106 218 274
517 92 5 106 218 288 219 71
85 649 485 268
84 11 399 218 535
88 650 273 218 290
86 43 25 389 321 218 274
92 4 640 219 68 218 276
84 43 24 248 111 218 275
91 19 217 280 219 66 218 427
515 91 6 248 130 218 288
92 13 219 67 218 281
84 43 248 146 95
84 35 566 218 276
513 91 7 137
92 43 46 540
91 12 471 218 275
518 87 35 248 352 218 280
90 4 622 219 65 218 275
87 650 263 218 284
86 43 248 599 95
84 43 58 616 214 2 202 95
88 43 248 443 95
92 43 24 105
87 650 267 218 290
513 86 21 372 218 275 219 69
92 4 638 219 72 218 290
92 46 248 104 218 533
90 25 248 390
88 4 638 219 71 218 288
88 43 12 248 375 218 281
515 88 50 248 384 218 535
86 4 634 219 79 218 279
517 90 1 186 214 2 209
90 650 262 218 274
90 1 186 214 2 210 218 274
86 1 190 214 2 203 218 276
516 92 7 138
88 43 46 137 218 275
88 6 371 218 288
92 35 566 218 276
88 36 248 383 218 281
86 650 263 218 280
85 5 248 130 218 275
522 551 218 276 219 78
516 85 25 209
518 86 1 176 214 2 204
84 4 621 219 65 218 276
525 553 218 288 219 78
85 4 355 219 71
88 43 25 387 323 218 276
519 86 1 174 214 2 203
517 91 1 174 214 2 213
84 43 49 106 218 280
92 13 219 68 218 280
514 84 1 175 214 2 213
91 25 248 181 218 290
91 43 25 186 214 2 205 95
85 14 619 218 274
90 43 417 385
92 19 217 290 219 69 218 366
84 43 412 607
87 43 11 310
90 12 471 218 284
90 12 464 218 274
518 87 49 187 218 289
90 43 12 147
514 85 21 372 218 275 219 68
92 43 25 388 322 218 290
84 14 248 617
514 88 22 248 103 218 534
90 4 368 219 70
92 23 248 105
88 4 351 219 69
90 14 248 617
88 35 581 218 274
86 43 25 393 316 218 290
85 12 466 218 284
87 13 219 71 218 276
85 35 568 218 275
527 564 218 275 219 79
516 90 1 187 218 275
513 85 7 130 218 288 219 72
90 5 248 106
91 12 471 218 288
91 4 640 219 79 218 290
86 650 262 218 290
84 1 185 214 2 203 218 275
88 649 487 272
513 88 6 137 218 275
88 13 219 65 218 276
90 43 2 202
91 43 248 381 95
91 19 217 275 219 68 218 427
519 85 1 177 214 2 204
91 43 35 248 574 218 284
90 1 178 214 2 208 218 275
86 36 248 599
92 43 25 395 323 218 289
86 35 579 218 280
234 297 54 218 274
91 22 375 218 274
85 12 248 441 218 274
91 35 574 218 284
86 43 50 580
515 84 58 603 218 535 219 78
85 4 622 219 67 218 284
87 43 12 332 218 281
88 43 46 137
88 43 419 183
515 91 14 600 218 275
518 86 1 175 214 2 208
517 87 36 538 218 274
90 4 354 219 70
91 43 46 375 214 2 208 95
517 84 21 372 218 275 219 69
514 84 1 186 218 284
88 12 248 348 218 275
91 1 176 214 2 205 218 280
519 92 35 248 356 218 288
517 88 46 375 218 274
87 43 6 382 218 288
90 6 248 371 218 274
516 86 12 441 218 279
90 43 14 604 214 2 202 95
90 43 35 601
515 87 14 606
92 12 467 218 279
519 88 23 120 218 532
513 88 21 130 218 275 219 70
516 92 25 395
517 87 58 608 218 532 219 79
515 90 2 248 210 218 284
91 19 217 279 219 67 218 424
519 86 22 103 218 534 219 72
84 4 624 219 70 218 284
84 4 623 219 69 218 280
91 650 265 218 281
91 49 248 589
92 1 248 190
84 19 217 284 218 430
84 11 248 296
91 12 147 218 281
91 43 2 208 218 274
514 84 22 248 121 218 274
518 87 21 372 218 275 219 79
514 85 7 137 218 288 219 65
516 90 1 149 214 2 205
86 4 366 219 72
84 19 217 279 218 366
513 92 21 374 218 275 219 68
85 43 2 248 211 218 274
525 548 218 275 219 79
91 4 642 219 66 218 276
92 4 366 219 78
515 88 21 130 218 275 219 64
85 43 7 138 214 2 203 95
85 43 50 605 218 535
87 1 176 214 2 209 218 275
91 35 578 218 290
516 85 1 175 214 2 204
87 4 351 219 78
92 2 208 218 284
519 91 7 375 218 274 219 64
90 13 219 65 218 275
87 43 25 388 331 218 281
234 392 650 320
518 86 46 248 375 218 275
84 1 176 214 2 209 218 289
86 35 573 218 289
519 85 1 188 214 2 205
519 87 1 168 214 2 211
516 86 49 248 601 218 289
92 19 217 289 219 69 218 354
86 7 248 130
91 19 217 284 219 68 218 422
85 43 12 333 214 2 208 95
91 43 12 340 218 275
518 90 1 168 218 276 219 69
86 19 217 276 219 64 218 358
88 1 149 214 2 210 218 279
530 544 218 280 219 71
84 43 14 601 218 533
518 88 1 150 214 2 210
84 43 24 248 111 218 535
86 43 4 248 634 218 279
92 649 494 272
519 85 21 374 218 275 219 67
516 92 1 151 214 2 213
86 4 353 219 79
88 4 217 642 219 65
90 1 178 214 2 203 218 288
85 4 643 219 67 218 284
86 43 35 441
91 43 25 386 322 218 280
85 36 248 395 218 276
87 4 350 219 69
87 19 217 279 218 424
519 84 35 248 601 218 279
517 92 21 371 218 275 219 79
84 650 267 218 281
517 87 1 176 214 2 203
88 650 260 218 279
85 43 25 386 331 218 275
514 88 46 137 218 534 219 65
85 1 168 214 2 205 218 275
85 43 25 390 331 218 274
86 43 418 390
86 43 5 248 106 218 288
85 35 248 400
91 4 623 219 69 218 276
84 4 368 219 66
85 19 217 275 219 64 218 426
518 87 1 185 214 2 202
92 43 35 366 214 2 204 95
91 649 482 260
88 43 14 604 218 274
84 43 24 105 214 2 208 95
92 650 269 218 274
515 92 14 600
88 43 46 248 137 218 274
234 391 650 318
90 4 647 219 72 218 290
91 43 58 613 214 2 212 95
517 90 14 601 218 535
91 43 25 390 324 218 288
88 1 183 214 2 211 218 281
90 1 150 214 2 210 218 284
88 43 25 388 321 218 275
514 85 21 371 218 275 219 70
517 452 218 289
84 43 248 388 95
90 43 2 210 218 284
85 649 492 262
513 87 5 371 218 275
85 4 350 219 72
515 84 35 434 218 288
92 652 33 272 218 289
91 49 248 440
88 43 14 613 218 274
87 13 219 68 218 288
91 43 50 384 214 2 211 95
87 50 439 218 532
525 544 218 275 219 79
84 4 643 219 65 218 274
92 13 219 71 218 279
86 22 248 532
517 86 1 168 214 2 204
84 1 177 214 2 208 218 280
517 92 21 106 218 275 219 79
513 84 21 372 218 275 219 69
88 43 248 130 95
86 1 150 214 2 211 218 289
513 87 12 248 432 218 288
515 91 1 149 218 276
92 650 262 218 288
85 43 49 351 218 281
517 91 49 355 218 280 219 79
519 91 4 362
84 19 217 275 219 65 218 431
84 22 536 218 534
84 50 248 102 218 534
92 652 33 265 218 281
517 88 5 106 218 274 219 78
513 88 7 248 138 218 288
517 85 7 137
92 4 217 626 219 68
90 43 36 248 379 218 281
513 87 1 154 214 2 210
91 4 628 219 79 218 289
85 43 25 395 322 218 275
90 19 217 276 219 66 218 424
86 43 2 210 214 2 208 95
88 43 25 392 331 218 279
519 87 5 248 106 218 274
91 43 25 384 318 218 284
86 43 6 130 218 275
90 1 184 214 2 203 218 288
88 4 353 219 71
87 35 575 218 275
88 12 473 218 274
92 58 613 218 274
87 652 33 263 218 274
92 11 248 391
87 650 268 218 289
84 43 248 400 95
515 448 218 280
87 19 217 290 218 424
91 43 6 382 218 274
84 43 25 178 214 2 205 95
92 649 478 273
92 4 354 219 68
87 43 405 151
90 43 25 385 323 218 289
91 652 33 265 218 274
87 35 568 218 288
84 43 419 619
84 43 248 572 95
91 4 634 219 64 218 274
519 85 7 138
91 4 622 219 68 218 288
234 397 650 322
90 12 147 218 275
91 12 466 218 276
87 43 25 384 315 218 289
87 25 248 211
87 19 217 288 218 427
87 43 35 618 214 2 204 95
87 649 496 267
86 4 628 219 78 218 284
519 88 21 382 218 275 219 67
92 13 219 69 218 280
92 35 579 218 276
234 384 650 323
86 43 417 187
87 12 466 218 288
513 91 50 248 572 218 275
513 92 1 186 214 2 205
92 12 468 218 290
88 12 470 218 280
87 46 248 540
85 43 25 387 317 218 290
85 43 420 121
87 43 46 540 218 535
516 85 1 183 214 2 211
524 549 218 289 219 69
516 92 58 603 218 532 219 66
87 1 151 214 2 202 218 275
87 12 465 218 289
517 91 50 581
90 1 168 214 2 202 218 280
87 649 497 260
90 12 467 218 284
90 652 33 260 218 290
90 43 25 400 317 218 275
90 4 362 219 70
92 4 351 219 79
517 447 218 280
92 1 183 214 2 203 218 275
88 4 217 627 219 65
518 92 1 174 218 274
85 43 25 395 319 218 275
86 650 272 218 290
92 43 25 248 384 218 290
90 14 611 218 274
513 456 218 276
90 7 138 218 274
86 43 403 208
516 446 218 274
519 454 218 289
91 649 503 264
85 1 190 218 275
92 19 217 288 219 78 218 426
90 4 642 219 79 218 275
518 84 21 379 218 275 219 64
520 564 218 281 219 66
517 87 12 443
92 1 182 214 2 210 218 276
90 43 25 386 315 218 281
90 12 463 218 275
87 4 217 634 219 71
86 43 11 386 214 2 212 95
514 85 58 615
85 4 627 219 65 218 279
90 4 362 219 65
531 551 218 284 219 65
519 91 58 248 610 218 535
515 86 12 335 218 289 219 68
86 1 175 214 2 212 218 290
86 4 248 638 218 279
86 43 46 104 214 2 212 95
86 43 25 395 319 218 276
85 4 642 219 66 218 276
84 4 623 218 279
514 85 7 130 218 288
86 43 248 390 95
518 84 24 105 218 534 219 69
529 543 218 275 219 71
84 19 217 284 219 65 218 426
92 22 539 218 533
514 91 21 374 218 275 219 79
90 43 50 569 214 2 204 95
515 90 1 150 214 2 213
86 43 25 393 331 218 280
85 19 217 280 219 67 218 423
91 19 217 289 218 426
90 1 177 214 2 208 218 274
513 444 218 289
519 86 23 104 218 532
515 88 5 248 371 218 275
87 12 464 218 275
90 35 248 542
234 306 54 218 290
519 445 218 280
87 35 248 570 218 274
91 43 46 137 218 534
513 88 1 176 214 2 203
90 11 386 218 533
92 43 248 607 95
92 1 149 214 2 211 218 275
90 43 408 176
90 5 371 218 288
516 87 21 379 218 275 219 79
88 2 248 210 218 284
92 1 172 214 2 211 218 279
84 649 501 267
518 91 2 248 204 218 274
86 43 248 541 95
87 13 219 79 218 274
85 35 576 218 276
84 19 217 275 219 69 218 426
90 19 217 275 219 79 218 431
84 35 570 218 280
86 43 2 204 214 2 203 95
87 652 33 273 218 280
90 12 248 441 218 289
514 91 1 184 214 2 209
84 4 627 219 68 218 284
84 1 182 214 2 209 218 279
92 4 217 628 219 72
91 43 1 183
87 50 248 601
92 1 190 214 2 209 218 284
87 43 7 130
84 43 50 599
514 84 21 130 218 275 219 66
84 43 5 130 214 2 202 95
516 85 7 375
84 4 217 623 219 70
91 1 182 218 276
86 43 2 213 214 2 203 95
519 87 21 376 218 275 219 79
88 43 36 248 434 218 274
514 92 21 372 218 275 219 65
87 12 472 218 275
514 456 218 280
517 84 21 379 218 275 219 72
92 43 25 393 317 218 279
86 4 627 219 67 218 290
518 84 4 248 621 218 275
513 452 218 288
92 2 213 218 275
90 4 627 219 70 218 289
91 4 638 219 67 218 290
516 91 21 373 218 275 219 64
92 4 217 643 219 70
234 397 650 324
517 88 58 614 218 533 219 70
90 43 7 248 375 218 274
522 557 218 274 219 70
518 85 58 601 218 274 219 79
84 43 22 124 214 2 208 95
84 43 25 397 218 278
518 87 21 374 218 275 219 68
85 4 626 219 69 218 279
517 446 218 274
515 84 6 130
88 1 168 214 2 210 218 280
85 43 4 365
91 43 25 391 316 218 281
519 91 21 130 218 275 219 67
87 19 217 280 219 66 218 430
85 43 248 375 95
514 85 23 120 218 532 219 69
87 652 33 260 218 288
85 43 11 387 214 2 209 95
519 448 218 280
86 19 217 289 219 65 218 358
91 43 25 386 316 218 288
91 4 248 624
88 649 490 269
85 19 217 280 218 424
85 12 464 218 274
88 649 511 269
88 19 217 274 219 78 218 358
513 86 1 172 214 2 202
85 43 418 183
92 649 474 269
516 87 21 382 218 275 219 79
84 649 498 265
516 88 25 390 218 278 219 67
90 43 25 385 322 218 288
519 92 50 606
515 88 22 104 218 533
90 43 5 130 214 2 205 95
90 4 353 219 79
516 92 5 106 218 275
91 43 2 248 212 218 274
84 1 188 214 2 202 218 275
516 92 23 120
87 652 33 265 218 289
87 4 624 219 68 218 290
86 649 480 268
516 86 22 126
92 43 35 248 365 218 290
86 12 248 375
88 43 248 578 95
88 43 23 105 214 2 210 95
85 4 638 219 72 218 276
517 85 21 130 218 275 219 79
518 92 1 183 214 2 212
87 43 5 106 214 2 213 95
87 4 354 219 71
514 91 21 382 218 275 219 69
518 88 21 379 218 275 219 72
86 652 33 267 218 275
91 1 182 214 2 212 218 276
87 43 24 248 111 218 275
517 447 218 279
513 87 5 371 218 275 219 67
88 653 33 273 218 275
523 548 218 290 219 72
514 446 218 279
85 12 465 218 280
91 1 175 214 2 202 218 281
85 43 36 102 214 2 210 95
84 19 217 284 219 70 218 431
90 4 624 219 64 218 279
86 43 408 150
518 90 58 605 218 532
519 87 1 182 214 2 208
91 4 624 219 68 218 290
516 85 46 375 218 534 219 71
84 12 464 218 281
88 43 11 310 214 2 211 95
86 35 573 218 284
87 649 478 264
91 43 49 575
515 85 25 384
524 557 218 284 219 69
513 86 1 149 214 2 209
87 1 178 214 2 205 218 289
87 649 499 272
513 87 1 178 214 2 212
